(+)-alpha-pinene	CC1=CCC2CC1C2(C)C	GRWFGVWFFZKLTI-UHFFFAOYSA-N
(-)-trans-carveol	C=C(C)[C@@H]1CC=C(C)[C@@H](O)C1	BAVONGHXFVOKBV-ZJUUUORDSA-N
(10Z)-heptadecenoic acid	CCCCCC/C=C/CCCCCCCCC(=O)O	GDTXICBNEOEPAZ-BQYQJAHWSA-N
(11R)-HPETE	CCCCC/C=C\C=C\[C@@H](C/C=C\C/C=C\CCCC(=O)O)OO	PCGWZQXAGFGRTQ-WXMXURGXSA-N
(11Z)-eicosenoyl-CoA	CCCCCCCC/C=C\CCCCCCCCCC(=O)SCCNC(=O)CCNC(=O)[C@H](O)C(C)(C)COP(=O)([O-])OP(=O)([O-])OC[C@H]1O[C@@H](n2cnc3c(N)ncnc32)[C@H](O)[C@@H]1OP(=O)([O-])[O-]	ZDRKXADSROCWCG-FVLDFCIYSA-J
(11Z,14Z)-eicosadienoic acid	CCCCC/C=C\C/C=C\CCCCCCCCCC(=O)[O-]	XSXIVVZCUAHUJO-HZJYTTRNSA-M
(11Z,14Z)-eicosadienoyl-CoA	CCCCC/C=C\C/C=C\CCCCCCCCCC(=O)SCCNC(=O)CCNC(=O)[C@H](O)C(C)(C)COP(=O)([O-])OP(=O)([O-])OC[C@H]1O[C@@H](n2cnc3c(N)ncnc32)[C@H](O)[C@@H]1OP(=O)([O-])[O-]	YCKYOUVXZZJCIU-YGYQDCEASA-J
(11Z,14Z,17Z)-eicosatrienoic acid	CC/C=C\C/C=C\C/C=C\CCCCCCCCCC(=O)O	AHANXAKGNAKFSK-PDBXOOCHSA-N
(11Z,14Z,17Z)-eicosatrienoyl-CoA	CC/C=C\C/C=C\C/C=C\CCCCCCCCCC(=O)SCCNC(=O)CCNC(=O)[C@H](O)C(C)(C)COP(=O)([O-])OP(=O)([O-])OC[C@H]1O[C@@H](n2cnc3c(N)ncnc32)[C@H](O)[C@@H]1OP(=O)([O-])[O-]	BVBYYRVLCDMZNJ-UBQHHBPXSA-J
(13E)-11alpha-hydroxy-9,15-dioxoprost-13-enoate	CCCCCC(=O)/C=C/[C@H]1[C@H](O)CC(=O)[C@@H]1CCCCCCC(=O)O	VXPBDCBTMSKCKZ-XQHNHVHJSA-N
(13E)-tetranor-16-carboxy-LTE4	N[C@@H](CS[C@H](/C=C/C=C/C=C\C=C\CC(=O)O)[C@@H](O)CCCC(=O)O)C(=O)O	MAFGRSDWXFSHMK-SJPGQPHYSA-N
(13Z)-docosenoyl-CoA	CCCCCCCC/C=C\CCCCCCCCCCCC(=O)SCCNC(=O)CCNC(=O)C(O)C(C)(C)COP(=O)([O-])OP(=O)([O-])OCC1O[C@H](n2cnc3c(N)ncnc32)C(O)C1OP(=O)([O-])[O-]	OWGHRDKRIGXBJM-MVWMFJOUSA-J
(13Z)-eicosenoic acid	CCCCCC/C=C\CCCCCCCCCCCC(=O)O	URXZXNYJPAJJOQ-FPLPWBNLSA-N
(13Z)-eicosenoyl-CoA	CCCCCC/C=C\CCCCCCCCCCCC(=O)SCCNC(=O)CCNC(=O)[C@H](O)C(C)(C)COP(=O)([O-])OP(=O)([O-])OC[C@H]1O[C@@H](n2cnc3c(N)ncnc32)[C@H](O)[C@@H]1OP(=O)([O-])[O-]	UZVWVONIQVFUPF-VNNCJAHTSA-J
(13Z)-octadecenoic acid	CCCC/C=C\CCCCCCCCCCCC(=O)[O-]	BDLLSHRIFPDGQB-WAYWQWQTSA-M
(13Z,16Z)-docosadienoic acid	CCCCC/C=C\C/C=C\CCCCCCCCCCCC(=O)[O-]	HVGRZDASOHMCSK-HZJYTTRNSA-M
(13Z,16Z)-docosadienoyl-CoA	CCCCCC=CCC=CCCCCCCCCCCCC(=O)SCCNC(=O)CCNC(=O)C(C(C)(C)COP(=O)([O-])OP(=O)([O-])OCC1C(C(C(O1)N2C=NC3=C(N=CN=C32)N)O)OP(=O)([O-])[O-])O	ZLXWEKYVHIYDIY-HCUKIJCOSA-J
(13Z,16Z)-docosadienoylcarnitine	CCCCC/C=C\C/C=C\CCCCCCCCCCCC(=O)OC(CC(=O)[O-])C[N+](C)(C)C	LDIMXAXYWUCEAM-UTJQPWESSA-N
(15Z)-tetracosenoyl-CoA	CCCCCCCCC=CCCCCCCCCCCCCCC(=O)SCCNC(=O)CCNC(=O)C(C(C)(C)COP(=O)(O)OP(=O)(O)OCC1C(C(C(O1)N2C=NC3=C(N=CN=C32)N)O)OP(=O)(O)O)O	QHZAQVTVYPHLKK-YVBAAGQKSA-N
(15Z)-tetracosenoylcarnitine	CCCCCCCCC=CCCCCCCCCCCCCCC(=O)O[C@@H](CC(=O)[O-])C[N+](C)(C)C	QGIHQXKFCAACHN-LJAQVGFWSA-N
(18R)-HEPE	CC[C@@H](O)/C=C/C=C\C/C=C\C/C=C\C/C=C\CCCC(=O)O	LRWYBGFSVUBWMO-UAAZXLHOSA-N
(1R)-hydroxy-(2R)-glutathionyl-1,2-dihydronaphthalene	N[C@@H](CCC(=O)N[C@@H](CS[C@@H]1C=Cc2ccccc2[C@H]1O)C(=O)NCC(=O)O)C(=O)O	HBBDHJOSZGOTBV-OIPACUDHSA-N
(1R,2S)-naphthalene 1,2-oxide	C1=CC2OC2c2ccccc21	XQIJIALOJPIKGX-UHFFFAOYSA-N
(1S)-hydroxy-(2S)-glutathionyl-1,2-dihydronaphthalene	N[C@@H](CCC(=O)N[C@@H](CS[C@H]1C=Cc2ccccc2[C@@H]1O)C(=O)NCC(=O)O)C(=O)O	HBBDHJOSZGOTBV-XSWJXKHESA-N
(1S,2R)-naphthalene 1,2-oxide	C1=C[C@H]2O[C@H]2c2ccccc21	XQIJIALOJPIKGX-ZJUUUORDSA-N
(1aalpha,2beta,3alpha,11calpha)-1a,2,3,11c-tetrahydro-6,11-dimethylbenzo[6,7]phenanthro[3,4-b]oxirene-2,3-diol	Cc1c2ccccc2c(C)c2c3c(ccc12)[C@H](O)[C@@H](O)[C@H]1O[C@@H]31	SZIWZGXOWBSPTO-ZGXWSNOMSA-N
(24R)-24,25-dihydroxycalciol	C=C1CC[C@H](O)C/C1=C/C=C1\CCC[C@@]2(C)[C@H]1CC[C@@H]2[C@H](C)CC[C@@H](O)C(C)(C)O	FCKJYANJHNLEEP-XRWYNYHCSA-N
(24R,25R)3alpha,7alpha,12alpha,24-tetrahydroxy-5beta-cholestanoyl-CoA	[H][C@@]12C[C@H](O)CC[C@]1(C)[C@@]1([H])C[C@H](O)[C@@]3(C)[C@@]([H])(CC[C@]3([H])[C@]([H])(C)CC[C@@H](O)[C@@H](C)C(=O)SCCNC(=O)CCNC(=O)[C@H](O)C(C)(C)COP(=O)(O)OP(=O)(O)OC[C@H]3O[C@@H](n4cnc5c(N)ncnc54)[C@H](O)[C@@H]3OP(=O)(O)O)[C@]1([H])[C@H](O)C2	PXHZOQNODUPJKC-MTLGCJAASA-N
(24R,25R)3alpha,7alpha,24-trihydroxy-5beta-cholestanoyl-CoA	[H][C@@]12C[C@H](O)CC[C@]1(C)[C@@]1([H])CC[C@]3(C)[C@@]([H])([C@]([H])(C)CCC(O)C(C)C(=O)SCCNC(=O)CCNC(=O)[C@H](O)C(C)(C)COP(=O)(O)OP(=O)(O)OC[C@H]4O[C@@H](n5cnc6c(N)ncnc65)[C@H](O)[C@@H]4OP(=O)(O)O)CC[C@@]3([H])[C@]1([H])[C@H](O)C2	SZBMUAIJWNJARR-LUAYSRQUSA-N
(2E)-decenoyl-CoA	CCCCCCC/C=C/C(=O)SCCNC(=O)CCNC(=O)[C@H](O)C(C)(C)COP(=O)(O)OP(=O)(O)OC[C@H]1O[C@@H](n2cnc3c(N)ncnc32)[C@H](O)[C@@H]1OP(=O)(O)O	MGNBGCRQQFMNBM-YJHHLLFWSA-N
(2E)-docosenoyl-CoA	CCCCCCCCCCCCCCCCCCC/C=C/C(=O)SCCNC(=O)CCNC(=O)[C@H](O)C(C)(C)COP(=O)([O-])OP(=O)([O-])OC[C@H]1O[C@@H](n2cnc3c(N)ncnc32)[C@H](O)[C@@H]1OP(=O)([O-])[O-]	KRTIFNFQCJTGMV-DYAVHEMFSA-J
(2E)-dodecenoyl-CoA	CCCCCCCCC/C=C/C(=O)SCCNC(=O)CCNC(=O)[C@H](O)C(C)(C)COP(=O)(O)OP(=O)(O)OC[C@H]1O[C@@H](n2cnc3c(N)ncnc32)[C@H](O)[C@@H]1OP(=O)(O)O	IRFYVBULXZMEDE-DEEZISNZSA-N
(2E)-dodecenoyl-[ACP]	CCCCCCCCC/C=C/C(=O)S[*]	
(2E)-eicosenoyl-CoA	CCCCCCCCCCCCCCCCCC=CC(=O)SCCNC(=O)CCNC(=O)C(O)C(C)(C)COP(=O)([O-])OP(=O)([O-])OC[C@@H]1O[C@H](n2cnc3c(N)ncnc32)[C@H](O)[C@@H]1OP(=O)([O-])[O-]	ROOFWBIMBMJYGA-XTSUOFIPSA-J
(2E)-heptadecenoyl-CoA	CCCCCCCCCCCCCC/C=C/C(=O)SCCNC(=O)CCNC(=O)[C@H](O)C(C)(C)COP(=O)([O-])OP(=O)([O-])OC[C@H]1O[C@@H](n2cnc3c(N)ncnc32)[C@H](O)[C@@H]1OP(=O)([O-])[O-]	YDHQUKOTPYJJSE-WSFAOELFSA-J
(2E)-heptenoyl-CoA	CCCC/C=C/C(=O)SCCNC(=O)CCNC(=O)[C@H](O)C(C)(C)COP(=O)([O-])OP(=O)([O-])OC[C@H]1O[C@@H](n2cnc3c(N)ncnc32)[C@H](O)[C@@H]1OP(=O)([O-])[O-]	PWHBHJPLLWGXPL-YSSUZGETSA-J
(2E)-hexacosenoyl-CoA	CCCCCCCCCCCCCCCCCCCCCCC/C=C/C(=O)SCCNC(=O)CCNC(=O)[C@H](O)C(C)(C)COP(=O)([O-])OP(=O)([O-])OC[C@H]1O[C@@H](n2cnc3c(N)ncnc32)[C@H](O)[C@@H]1OP(=O)([O-])[O-]	GGUUXBBWTGIIGE-KESUDTCVSA-J
(2E)-hexadecenoyl-CoA	CCCCCCCCCCCCC/C=C/C(=O)SCCNC(=O)CCNC(=O)[C@H](O)C(C)(C)COP(=O)(O)OP(=O)(O)OC[C@H]1O[C@@H](n2cnc3c(N)ncnc32)[C@H](O)[C@@H]1OP(=O)(O)O	JUPAQFRKPHPXLD-MSHHSVQMSA-N
(2E)-hexenoyl-CoA	CCC/C=C/C(=O)SCCNC(=O)CCNC(=O)[C@H](O)C(C)(C)COP(=O)(O)OP(=O)(O)OC[C@H]1O[C@@H](n2cnc3c(N)ncnc32)[C@H](O)[C@@H]1OP(=O)(O)O	OINXHIBNZUUIMR-IXUYQXAASA-N
(2E)-hexenoyl-[ACP]	CCC/C=C/C(=O)S[*]	
(2E)-nonenoyl-CoA	CCCCCC/C=C/C(=O)SCCNC(=O)CCNC(=O)[C@H](O)C(C)(C)COP(=O)([O-])OP(=O)([O-])OC[C@H]1O[C@@H](n2cnc3c(N)ncnc32)[C@H](O)[C@@H]1OP(=O)([O-])[O-]	HBLOTZDYPZAZLE-OWQWVSLFSA-J
(2E)-octadecenoyl-CoA	CCCCCCCCCCCCCCC/C=C/C(=O)SCCNC(=O)CCNC(=O)[C@H](O)C(C)(C)COP(=O)(O)OP(=O)(O)OC[C@H]1O[C@@H](n2cnc3c(N)ncnc32)[C@H](O)[C@@H]1OP(=O)(O)O	NBCCUIHOHUKBMK-ZDDAFBBHSA-N
(2E)-octenal	CCCCC/C=C/C=O	LVBXEMGDVWVTGY-VOTSOKGWSA-N
(2E)-octenoate	CCCCC/C=C/C(=O)[O-]	CWMPPVPFLSZGCY-VOTSOKGWSA-M
(2E)-octenoyl-CoA	CCCCC/C=C/C(=O)SCCNC(=O)CCNC(=O)[C@H](O)C(C)(C)COP(=O)(O)OP(=O)(O)OC[C@H]1O[C@@H](n2cnc3c(N)ncnc32)[C@H](O)[C@@H]1OP(=O)(O)O	CPSDNAXXKWVYIY-NTLMCJQISA-N
(2E)-pentadecenoyl-CoA	CCCCCCCCCCCC/C=C/C(=O)SCCNC(=O)CCNC(=O)[C@H](O)C(C)(C)COP(=O)([O-])OP(=O)([O-])OC[C@H]1O[C@@H](n2cnc3c(N)ncnc32)[C@H](O)[C@@H]1OP(=O)([O-])[O-]	BUFWYEICGKLDLP-OUZMRWKYSA-J
(2E)-pentenoyl-CoA	CC/C=C/C(=O)SCCNC(=O)CCNC(=O)[C@H](O)C(C)(C)COP(=O)([O-])OP(=O)([O-])OC[C@H]1O[C@@H](n2cnc3c(N)ncnc32)[C@H](O)[C@@H]1OP(=O)([O-])[O-]	GJSFKOVNQYGUGN-JQVZGLFNSA-J
(2E)-tetracosenoyl-CoA	CCCCCCCCCCCCCCCCCCCCC/C=C/C(=O)SCCNC(=O)CCNC(=O)C(O)C(C)(C)COP(=O)([O-])OP(=O)([O-])OCC1O[C@H](n2cnc3c(N)ncnc32)C(O)C1OP(=O)([O-])[O-]	UVJKZCSQLMWPMV-BWKDRKIHSA-J
(2E)-tetradecenoyl-CoA	CCCCCCCCCCC/C=C/C(=O)SCCNC(=O)CCNC(=O)[C@H](O)C(C)(C)COP(=O)(O)OP(=O)(O)OC[C@H]1O[C@@H](n2cnc3c(N)ncnc32)[C@H](O)[C@@H]1OP(=O)(O)O	MBCVYCOKMMMWLX-YYMFEJJQSA-N
(2E)-tetradecenoyl-[ACP]	CCCCCCCCCCC/C=C/C(=O)S[*]	
(2E)-tricosenoyl-CoA	CCCCCCCCCCCCCCCCCCCC/C=C/C(=O)SCCNC(=O)CCNC(=O)[C@H](O)C(C)(C)COP(=O)([O-])OP(=O)([O-])OC[C@H]1O[C@@H](n2cnc3c(N)ncnc32)[C@H](O)[C@@H]1OP(=O)([O-])[O-]	CAWFROVHOZZJJP-DFNRIUMZSA-J
(2E)-undecenoyl-CoA	CCCCCCCC/C=C/C(=O)SCCNC(=O)CCNC(=O)[C@H](O)C(C)(C)COP(=O)([O-])OP(=O)([O-])OC[C@H]1O[C@@H](n2cnc3c(N)ncnc32)[C@H](O)[C@@H]1OP(=O)([O-])[O-]	CAVMKINPGRCURL-PHHHIDLGSA-J
(2E,4Z,7Z,10Z)-hexadecatetraenoyl-CoA	CCCCCC=CCC=CCC=CC=CC(=O)SCCNC(=O)CCNC(=O)C(C(C)(C)COP(=O)([O-])OP(=O)([O-])OCC1C(C(C(O1)N2C=NC3=C(N=CN=C32)N)O)OP(=O)([O-])[O-])O	DNBBSGAGPHVPCV-NDRFOXSTSA-J
(2E,6E)-farnesoate	CC(C)=CCC/C(C)=C/CC/C(C)=C/C(=O)[O-]	WJHFZYAELPOJIV-IJFRVEDASA-M
(2E,6Z,9Z,12Z)-octadecatetraenoyl-CoA	CCCCCC=CCC=CCC=CCCC=CC(=O)SCCNC(=O)CCNC(=O)C(C(C)(C)COP(=O)([O-])OP(=O)([O-])OCC1C(C(C(O1)N2C=NC3=C(N=CN=C32)N)O)OP(=O)([O-])[O-])O	ARCCYNRJAHXWRR-UTQMJIMISA-J
(2E,7Z,10Z,13Z,16Z)-docosapentaenoyl-CoA	CCCCCC=CCC=CCC=CCC=CCCCC=CC(=O)SCCNC(=O)CCNC(=O)C(C(C)(C)COP(=O)(O)OP(=O)(O)OCC1C(C(C(O1)N2C=NC3=C(N=CN=C32)N)O)OP(=O)(O)O)O	XSIBQUOFLNIVEK-XPBIURITSA-N
(2R)-pristanal	CC(C)CCCC(C)CCCC(C)CCCC(C)C=O	IZJRIIWUSIGEAJ-UHFFFAOYSA-N
(2R)-pristanic acid	CC(C)CCC[C@H](C)CCC[C@H](C)CCC[C@@H](C)C(=O)O	PAHGJZDQXIOYTH-OKZBNKHCSA-N
(2R)-pristanoyl-CoA	CC(O)CC(=O)O	WHBMMWSBFZVSSR-UHFFFAOYSA-N
(2S)-pristanic acid	CC(C)CCCC(C)CCCC(C)CCCC(C)C(=O)[O-]	PAHGJZDQXIOYTH-UHFFFAOYSA-M
(2S)-pristanoyl-CoA	CC(C)CCCC(C)CCCC(C)CCC[C@H](C)C(=O)SCCNC(=O)CCNC(=O)[C@H](O)C(C)(C)COP(=O)(O)OP(=O)(O)OC[C@H]1O[C@@H](n2cnc3c(N)ncnc32)[C@H](O)[C@@H]1OP(=O)(O)O	XYJPSQPVCBNZHT-DHBXAFLLSA-N
(2S,6R,10R)-trimethyl-(2E)-hendecenoyl-CoA	CC(=CCCC(C)CCCC(C)C)C(=O)SCCNC(=O)CCNC(=O)C(O)C(C)(C)COP(=O)(O)OP(=O)(O)OCC1OC(n2cnc3c(N)ncnc32)C(O)C1OP(=O)(O)O	IBMCVYHEOHFMLP-UHFFFAOYSA-N
(2S,6R,10R)-trimethyl-hendecanoyl-CoA	CC(C)CCCC(C)CCCC(C)C(=O)SCCNC(=O)CCNC(=O)C(O)C(C)(C)COP(=O)(O)OP(=O)(O)OCC1OC(n2cnc3c(N)ncnc32)C(O)C1OP(=O)(O)O	QCNISQOYPUIJJO-UHFFFAOYSA-N
(3R)-phytanic acid	CC(C)CCCC(C)CCCC(C)CCCC(C)CC(=O)O	RLCKHJSFHOZMDR-UHFFFAOYSA-N
(3R)-phytanoyl-CoA	CC(C)CCCC(C)CCCC(C)CCCC(C)CC(=O)SCCNC(=O)CCNC(=O)[C@H](O)C(C)(C)COP(=O)(O)OP(=O)(O)OC[C@H]1O[C@@H](n2cnc3c(N)ncnc32)[C@H](O)[C@@H]1OP(=O)(O)O	NRJQGHHZMSOUEN-ZJGVPSKGSA-N
(3S)-3-hydroxy-cis,cis-palmito-7,10-dienoyl-CoA	CCCCCC=CCC=CCCCC(CC(=O)SCCNC(=O)CCNC(=O)C(C(C)(C)COP(=O)(O)OP(=O)(O)OCC1C(C(C(O1)N2C=NC3=C(N=CN=C32)N)O)OP(=O)(O)O)O)O	FODZOBVFWXSQFM-MVKOLZDDSA-N
(3S)-3-hydroxydodec-cis-6-enoyl-CoA	CCCCCC=CCCC(CC(=O)SCCNC(=O)CCNC(=O)C(C(C)(C)COP(=O)(O)OP(=O)(O)OCC1C(C(C(O1)N2C=NC3=C(N=CN=C32)N)O)OP(=O)(O)O)O)O	XPCGRNRSXHPWGU-CMDGGOBGSA-N
(3S)-3-hydroxylinoleoyl-CoA	CCCCCC=CCC=CCCCCCC(CC(=O)SCCNC(=O)CCNC(=O)C(C(C)(C)COP(=O)(O)OP(=O)(O)OCC1C(C(C(O1)N2C=NC3=C(N=CN=C32)N)O)OP(=O)(O)O)O)O	ICMPOMMDSLXBOC-MVKOLZDDSA-N
(3S)-citramalyl-CoA	CC(C)(COP(=O)([O-])OP(=O)([O-])OC[C@H]1O[C@@H](n2cnc3c(N)ncnc32)[C@H](O)[C@@H]1OP(=O)([O-])[O-])[C@@H](O)C(=O)NCCC(=O)NCCSC(=O)C[C@](C)(O)C(=O)[O-]	XYGOWHUIVNMEIA-XBVYHAPZSA-I
(3S)-hydroxy-eicosa-cis,cis-11,14-dienoyl-CoA	CCCCCC=CCC=CCCCCCCCC(CC(=O)SCCNC(=O)CCNC(=O)C(C(C)(C)COP(=O)(O)OP(=O)(O)OCC1C(C(C(O1)N2C=NC3=C(N=CN=C32)N)O)OP(=O)(O)O)O)O	MNTSLNSVZACNCX-KVSQTSFHSA-N
(3S)-phytanic acid	CC(C)CCCC(C)CCCC(C)CCCC(C)CC(=O)O	RLCKHJSFHOZMDR-UHFFFAOYSA-N
(3Z)-dodecenoyl-CoA	CCCCCCCC/C=C\CC(=O)SCCNC(=O)CCNC(=O)[C@H](O)C(C)(C)COP(=O)(O)OP(=O)(O)OC[C@H]1O[C@@H](n2cnc3c(N)ncnc32)[C@H](O)[C@@H]1OP(=O)(O)O	XEMIVMKTVGRFTD-REDSNERGSA-N
(4R,8R,12R)-trimethyl-(2E)-tridecenoyl-CoA	CC(C)CCCC(C)CCCC(C)C=CC(=O)SCCNC(=O)CCNC(=O)C(O)C(C)(C)COP(=O)(O)OP(=O)(O)OCC1OC(n2cnc3c(N)ncnc32)C(O)C1OP(=O)(O)O	XDRCVDXWYZRMDN-UHFFFAOYSA-N
(4Z,7Z,10Z)-hexadecatrienoyl-CoA	CCCCCC=CCC=CCC=CCCC(=O)SCCNC(=O)CCNC(=O)C(C(C)(C)COP(=O)([O-])OP(=O)([O-])OCC1C(C(C(O1)N2C=NC3=C(N=CN=C32)N)O)OP(=O)([O-])[O-])O	YYLOAXRAIXUEOW-YPDVEZFOSA-J
(4Z,7Z,10Z,13Z,16Z)-DPA	CCCCC/C=C\C/C=C\C/C=C\C/C=C\C/C=C\CCC(=O)[O-]	AVKOENOBFIYBSA-WMPRHZDHSA-M
(4Z,7Z,10Z,13Z,16Z)-docosapentaenoyl-CoA	CCCCCC=CCC=CCC=CCC=CCC=CCCC(=O)SCCNC(=O)CCNC(=O)C(C(C)(C)COP(=O)(O)OP(=O)(O)OCC1C(C(C(O1)N2C=NC3=C(N=CN=C32)N)O)OP(=O)(O)O)O	QKBTYZDPVNTERQ-UWVCYPHHSA-N
(4Z,7Z,10Z,13Z,16Z)-docosapentaenoylcarnitine	CCCCC/C=C/C/C=C/C/C=C/C/C=C/C/C=C/CCC(=O)OC(CC(=O)[O-])C[N+](C)(C)C	KRXOUZZWQXTUIB-IDERWEGCSA-N
(4Z,7Z,10Z,13Z,16Z,19Z)-docosahexaenoyl-CoA	CC/C=C\C/C=C\C/C=C\C/C=C\C/C=C\C/C=C\CCC(=O)SCCNC(=O)CCNC(=O)[C@H](O)C(C)(C)COP(=O)(O)OP(=O)(O)OC[C@H]1O[C@@H](n2cnc3c(N)ncnc32)[C@H](O)[C@@H]1OP(=O)(O)O	MENFZXMQSYYVRK-CRCGJGBYSA-N
(5)ppPur-mRNA	[*][C@@H]1O[C@H](COP(=O)(O)O[C@@H]2[C@@H](COP(=O)(O)O[C@@H]3[C@@H](COP(=O)(O)OP(=O)(O)O)O[C@@H]([*])[C@@H]3O)O[C@@H]([*])[C@@H]2O)[C@@H](O)[C@H]1O	
(5-L-glutamyl)-L-amino acid	C[C@H](NC(=O)CC[C@H](N)C(=O)O)C(=O)O	WQXXXVRAFAKQJM-WHFBIAKZSA-N
(5S,6S)-epoxy-(15R)-hydroxy-ETE	CCCCC[C@H](O)C=CC=CC=C/C=C/[C@H]1O[C@H]1CCCC(=O)[O-]	YNHSGCYEQVDEOY-VCUQBBRCSA-M
(5Z)-dodecenoyl-CoA	CCCCCC/C=C\CCCC(=O)SCCNC(=O)CCNC(=O)[C@H](O)C(C)(C)COP(=O)([O-])OP(=O)([O-])OC[C@H]1O[C@@H](n2cnc3c(N)ncnc32)[C@H](O)[C@@H]1OP(=O)([O-])[O-]	RCVJZGBRLGUTKT-CGGPSVLLSA-J
(5Z,8Z,11Z)-eicosatrienoyl-CoA	CCCCCCCCC=CCC=CCC=CCCCC(=O)SCCNC(=O)CCNC(=O)C(C(C)(C)COP(=O)(O)OP(=O)(O)OCC1C(C(C(O1)N2C=NC3=C(N=CN=C32)N)O)OP(=O)(O)O)O	XVHUACBAJILXGX-LQHPWBDPSA-N
(5Z,8Z,11Z,14Z)-eicosatetraenedioate	O=C([O-])CCC/C=C\C/C=C\C/C=C\C/C=C\CCCCC(=O)[O-]	BGOJKUCHTMYINI-DTLRTWKJSA-L
(5Z,8Z,11Z,14Z,17Z)-eicosapentaenoyl-CoA	CCC=CCC=CCC=CCC=CCC=CCCCC(=O)SCCNC(=O)CCNC(=O)C(C(C)(C)COP(=O)(O)OP(=O)(O)OCC1C(C(C(O1)N2C=NC3=C(N=CN=C32)N)O)OP(=O)(O)O)O	JWZLRYCDDXHXDL-LCMHIRPZSA-N
(5Z,8Z,11Z,14Z,17Z)-eicosapentaenoylcarnitine	CCC=CC/C=C\C/C=C\C/C=C\CC=CCCCC(=O)O[C@H](CC(=O)[O-])C[N+](C)(C)C	USUPQTJPNBGUSJ-QGYZSDAXSA-N
(6Z,9Z)-octadecadienoic acid	CCCCCCCCC=CCC=CCCCCC(=O)O	ZMKDEQUXYDZSNN-UTJQPWESSA-N
(6Z,9Z)-octadecadienoyl-CoA	CCCCCCCCC=CCC=CCCCCC(=O)SCCNC(=O)CCNC(=O)C(C(C)(C)COP(=O)(O)OP(=O)(O)OCC1C(C(C(O1)N2C=NC3=C(N=CN=C32)N)O)OP(=O)(O)O)O	JCRYGPFEDHBITQ-CJZWLNCGSA-N
(6Z,9Z)-octadecadienoylcarnitine	CCCCC/C=C/C/C=C/CCCCCCCC(=O)OC(CC(=O)[O-])C[N+](C)(C)C	MJLXQSQYKZWZCB-OKLKQMLOSA-N
(6Z,9Z,12Z,15Z)-octadecatetraenoyl-CoA	CC/C=C\C/C=C\C/C=C\C/C=C\CCCCC(=O)SCCNC(=O)CCNC(=O)[C@H](O)C(C)(C)COP(=O)(O)OP(=O)(O)OC[C@H]1O[C@@H](n2cnc3c(N)ncnc32)[C@H](O)[C@@H]1OP(=O)(O)O	DDHCSALWDPRVCN-USWKVXSKSA-N
(6Z,9Z,12Z,15Z)-octadecatetraenoylcarnitine	CC/C=C\C/C=C\CC/C=C\CC/C=C\CCC(=O)OC(CC(=O)[O-])C[N+](C)(C)C	UQCYGYDOQKYSDD-IIWKRHCOSA-N
(6Z,9Z,12Z,15Z,18Z)-TPA	CCCCC/C=C\C/C=C\C/C=C\C/C=C\C/C=C\CCCCC(=O)[O-]	VENRYLMOFDSSDJ-WMPRHZDHSA-M
(6Z,9Z,12Z,15Z,18Z)-tetracosapentaenoyl-CoA	CCCCC/C=C\C/C=C\C/C=C\C/C=C\C/C=C\CCCCC(=O)SCCNC(=O)CCNC(=O)[C@H](O)C(C)(C)COP(=O)(O)OP(=O)(O)OC[C@H]1O[C@@H](n2cnc3c(N)ncnc32)[C@H](O)[C@@H]1OP(=O)(O)O	XZYNVQDKYRHKFG-QOJZHLSOSA-N
(6Z,9Z,12Z,15Z,18Z)-tetracosapentaenoylcarnitine	CCCCCC=CCC=CCC=CCC=CCC=CCCCCC(=O)OC(CC(=O)[O-])C[N+](C)(C)C	STKKPHPBAFXMLG-UHFFFAOYSA-N
(6Z,9Z,12Z,15Z,18Z,21Z)-THA	CC/C=C\C/C=C\C/C=C\C/C=C\C/C=C\CC=CCCCCC(=O)[O-]	YHGJECVSSKXFCJ-ZPWIVGABSA-M
(6Z,9Z,12Z,15Z,18Z,21Z)-tetracosahexaenoyl-CoA	CCC=CCC=CCC=CCC=CCC=CCC=CCCCCC(=O)SCCNC(=O)CCNC(=O)C(C(C)(C)COP(=O)(O)OP(=O)(O)OCC1C(C(C(O1)N2C=NC3=C(N=CN=C32)N)O)OP(=O)(O)O)O	KRIFZIRXAAITHR-KWFBMMABSA-N
(7Z)-octadecenoic acid	CCCCCCCCCC/C=C\CCCCCC(=O)O	RVUCYJXFCAVHNC-QXMHVHEDSA-N
(7Z)-octadecenoyl-CoA	CCCCCCCCCCC=CCCCCCC(=O)SCCNC(=O)CCNC(=O)C(C(C)(C)COP(=O)([O-])OP(=O)([O-])OCC1C(C(C(O1)N2C=NC3=C(N=CN=C32)N)O)OP(=O)([O-])[O-])O	IVOWZZDWEHGSGB-JUGOISETSA-J
(7Z)-tetradecenoic acid	CCCCCC/C=C\CCCCCC(=O)O	ZVXDGKJSUPWREP-FPLPWBNLSA-N
(7Z)-tetradecenoyl-CoA	CCCCCCC=CCCCCCC(=O)SCCNC(=O)CCNC(=O)C(C(C)(C)COP(=O)([O-])OP(=O)([O-])OCC1C(C(C(O1)N2C=NC3=C(N=CN=C32)N)O)OP(=O)([O-])[O-])O	JPIHVKICKVPFFY-TWAFKMGKSA-J
(7Z,10Z,13Z,16Z)-docosatetraenoyl-CoA	CCCCC/C=C\C/C=C\C/C=C\C/C=C\CCCCCC(=O)SCCNC(=O)CCNC(=O)[C@H](O)C(C)(C)COP(=O)(O)OP(=O)(O)OC[C@H]1O[C@@H](n2cnc3c(N)ncnc32)[C@H](O)[C@@H]1OP(=O)(O)O	LVXQCHCSSLFKLO-KPOVBLHLSA-N
(7Z,10Z,13Z,16Z,19Z)-docosapentaenoyl-CoA	CC/C=C\C/C=C\C/C=C\C/C=C\C/C=C\CCCCCC(=O)SCCNC(=O)CCNC(=O)[C@H](O)C(C)(C)COP(=O)(O)OP(=O)(O)OC[C@H]1O[C@@H](n2cnc3c(N)ncnc32)[C@H](O)[C@@H]1OP(=O)(O)O	NDRVWKXEWNMEEO-HVGANWHPSA-N
(7Z,10Z,13Z,16Z,19Z)-docosapentaenoylcarnitine	CC/C=C/CC/C=C/C/C=C/CC/C=C/CC/C=C/CCC(=O)OC(CC(=O)[O-])C[N+](C)(C)C	AOSDFVDGMYPTHD-NQXOOMTHSA-N
(8Z,11Z)-eicosadienoyl-CoA	CCCCCCCCC=CCC=CCCCCCCC(=O)SCCNC(=O)CCNC(=O)C(C(C)(C)COP(=O)(O)OP(=O)(O)OCC1C(C(C(O1)N2C=NC3=C(N=CN=C32)N)O)OP(=O)(O)O)O	IDZIQDSITPCMGI-YJDSXOKISA-N
(8Z,11Z,14Z,17Z)-eicosatetraenoyl-CoA	CCC=CCC=CCC=CCC=CCCCCCCC(=O)SCCNC(=O)CCNC(=O)C(C(C)(C)COP(=O)(O)OP(=O)(O)OCC1C(C(C(O1)N2C=NC3=C(N=CN=C32)N)O)OP(=O)(O)O)O	PLHICYKOPITJJT-QWOXCLFSSA-N
(8Z,11Z,14Z,17Z)-eicosatetraenoylcarnitine	CC/C=C\C/C=C\C/C=C\C/C=C\CCCCCCC(=O)O[C@H](CC(=O)[O-])C[N+](C)(C)C	VPEBWBVNBKLXSR-VDNIJTNNSA-N
(9E)-octadecenoyl-CoA	CCCCCCCCC=CCCCCCCCC(=O)SCCNC(=O)CCNC(=O)C(C(C)(C)COP(=O)([O-])OP(=O)([O-])OCC1C(C(C(O1)N2C=NC3=C(N=CN=C32)N)O)OP(=O)([O-])[O-])O	XDUHQPOXLUAVEE-MBEFLBOUSA-J
(9E)-octadecenoylcarnitine	CCCCCCCC/C=C/CCCCCCCC(=O)OC(CC(=O)[O-])C[N+](C)(C)C	IPOLTUVFXFHAHI-OUKQBFOZSA-N
(9E)-tetradecenoic acid	CCCCC=CCCCCCCCC(=O)O	YWWVWXASSLXJHU-AATRIKPKSA-N
(9Z,12Z,15Z,18Z)-TTA	CCCCCCCCCCCCCCC/C=C/C=C/C=C/C=C/C(=O)[O-]	RZHACVKGHNMWOP-ZWZRQGCWSA-M
(9Z,12Z,15Z,18Z)-tetracosatetraenoyl-CoA	CCCCC/C=C\C/C=C\C/C=C\C/C=C\CCCCCCCC(=O)SCCNC(=O)CCNC(=O)[C@H](O)C(C)(C)COP(=O)(O)OP(=O)(O)OC[C@H]1O[C@@H](n2cnc3c(N)ncnc32)[C@H](O)[C@@H]1OP(=O)(O)O	OKOXEYTYHDPTEW-GJYKHRJNSA-N
(9Z,12Z,15Z,18Z)-tetracosatetraenoylcarnitine	CCCCCC=CCC=CCC=CCC=CCCCCCCCC(=O)O[C@@H](CC(=O)[O-])C[N+](C)(C)C	OVCKQONNZPULLZ-LJAQVGFWSA-N
(9Z,12Z,15Z,18Z,21Z)-TPA	CC/C=C\C/C=C\C/C=C\C/C=C\C/C=C\CCCCCCCC(=O)[O-]	NPTIBOCVSPURCS-JLNKQSITSA-M
(9Z,12Z,15Z,18Z,21Z)-tetracosapentaenoyl-CoA	CC/C=C\C/C=C\C/C=C\C/C=C\C/C=C\CCCCCCCC(=O)SCCNC(=O)CCNC(=O)[C@H](O)C(C)(C)COP(=O)(O)OP(=O)(O)OC[C@H]1O[C@@H](n2cnc3c(N)ncnc32)[C@H](O)[C@@H]1OP(=O)(O)O	BNAMTMVBOVNNSH-AFQBPCMKSA-N
(9Z,12Z,15Z,18Z,21Z)-tetracosapentaenoylcarnitine	CCC=CCC=CCC=CCC=CCC=CCCCCCCCC(=O)OC(CC(=O)[O-])C[N+](C)(C)C	AQYQJMYFFSCGBI-UHFFFAOYSA-N
(E)-4-hydroxynon-2-enoate	CCCCCC(O)/C=C/C(=O)[O-]	RLNIWODKAMVILO-VOTSOKGWSA-M
(E)-hexadec-2-enoate	CCCCCCCCCCCCC/C=C/C(=O)[O-]	ZVRMGCSSSYZGSM-CCEZHUSRSA-M
(Glc)3 (GlcNAc)2 (Man)9 (PP-Dol)1	CC(=O)N[C@H]1[C@H](O[C@@H]2[C@@H](CO)O[C@H](OP(=O)(O)OP(=O)(O)OCCC(C)CC/C=C(\C)CC/C=C(\C)CC/C=C(\C)CCC=C(C)C)[C@H](NC(C)=O)[C@H]2O)O[C@H](CO)[C@@H](O[C@@H]2O[C@H](CO[C@H]3O[C@H](CO[C@H]4O[C@H](CO)[C@@H](O[C@H]5O[C@H](CO)[C@@H](O)[C@H](O)[C@@H]5O)[C@H](O)[C@@H]4O)[C@@H](O)[C@H](O[C@H]4O[C@H](CO)[C@@H](O[C@H]5O[C@H](CO)[C@@H](O)[C@H](O)[C@@H]5O)[C@H](O)[C@@H]4O)[C@@H]3O)[C@@H](O)[C@H](O[C@H]3O[C@H](CO)[C@@H](O)[C@H](O)[C@@H]3O[C@H]3O[C@H](CO)[C@@H](O)[C@H](O)[C@@H]3O[C@H]3O[C@H](CO)[C@@H](O)[C@H](O[C@H]4O[C@H](CO)[C@@H](O)[C@H](O[C@H]5O[C@H](CO)[C@@H](O)[C@H](O)[C@H]5O[C@H]5O[C@H](CO)[C@@H](O)[C@H](O)[C@H]5O)[C@H]4O)[C@@H]3O)[C@@H]2O)[C@@H]1O	MSRIEQBVNYLVDQ-PCAUIPACSA-N
(R)-2-hydroxyglutarate	O=C([O-])CC[C@@H](O)C(=O)[O-]	HWXBTNAVRSUOJR-GSVOUGTGSA-L
(R)-3-hydroxybutanoate	C[C@@H](O)CC(=O)O	WHBMMWSBFZVSSR-GSVOUGTGSA-N
(R)-3-hydroxybutanoyl-CoA	C[C@@H](O)CC(=O)SCCNC(=O)CCNC(=O)[C@H](O)C(C)(C)COP(=O)(O)OP(=O)(O)OC[C@H]1O[C@@H](n2cnc3c(N)ncnc32)[C@H](O)[C@@H]1OP(=O)(O)O	QHHKKMYHDBRONY-WZZMXTMRSA-N
(R)-4-phosphopantothenoyl-cysteine	CC(C)(COP(=O)(O)O)[C@@H](O)C(=O)NCCC(=O)N[C@@H](CS)C(=O)O	XQYALQVLCNHCFT-CBAPKCEASA-N
(R)-5-diphosphomevalonate	C[C@@](O)(CCOP(=O)(O)OP(=O)(O)O)CC(=O)O	SIGQQUBJQXSAMW-ZCFIWIBFSA-N
(R)-5-phosphomevalonate	C[C@@](O)(CCOP(=O)(O)O)CC(=O)O	OKZYCXHTTZZYSK-ZCFIWIBFSA-N
(R)-S-lactoylglutathione	C[C@@H](O)C(=O)SC[C@H](NC(=O)CC[C@H](N)C(=O)O)C(=O)NCC(=O)O	VDYDCVUWILIYQF-CSMHCCOUSA-N
(R)-methylmalonyl-CoA	C[C@H](C(=O)O)C(=O)SCCNC(=O)CCNC(=O)[C@H](O)C(C)(C)COP(=O)(O)OP(=O)(O)OC[C@H]1O[C@@H](n2cnc3c(N)ncnc32)[C@H](O)[C@@H]1OP(=O)(O)O	MZFOKIKEPGUZEN-AGCMQPJKSA-N
(R)-mevalonate		KJTLQQUUPVSXIM-ZCFIWIBFSA-M
(S)-2-aminobutanoate	CC[C@H]([NH3+])C(=O)[O-]	QWCKQJZIFLGMSD-VKHMYHEASA-N
(S)-3-hydroxy-11-cis-octadecenoyl-CoA	CCCCCCC=CCCCCCCCC(CC(=O)SCCNC(=O)CCNC(=O)C(C(C)(C)COP(=O)([O-])OP(=O)([O-])OCC1C(C(C(O1)N2C=NC3=C(N=CN=C32)N)O)OP(=O)([O-])[O-])O)O	SCDXBWNPJAGEEK-KBOAXVDLSA-J
(S)-3-hydroxy-2-methylbutyryl-CoA	C[C@H](O)[C@H](C)C(=O)SCCNC(=O)CCNC(=O)[C@H](O)C(C)(C)COP(=O)(O)OP(=O)(O)OC[C@H]1O[C@@H](n2cnc3c(N)ncnc32)[C@H](O)[C@@H]1OP(=O)(O)O	PEKYNTFSOBAABV-LQUDNSJZSA-N
(S)-3-hydroxybutanoate	C[C@H](O)CC(=O)[O-]	WHBMMWSBFZVSSR-VKHMYHEASA-M
(S)-3-hydroxybutyryl-CoA	C[C@H](O)CC(=O)SCCNC(=O)CCNC(=O)[C@H](O)C(C)(C)COP(=O)(O)OP(=O)(O)OC[C@H]1O[C@@H](n2cnc3c(N)ncnc32)[C@H](O)[C@@H]1OP(=O)(O)O	QHHKKMYHDBRONY-VKBDFPRVSA-N
(S)-3-hydroxydodecanoyl-CoA	CCCCCCCCC[C@H](O)CC(=O)SCCNC(=O)CCNC(=O)[C@H](O)C(C)(C)COP(=O)(O)OP(=O)(O)OC[C@H]1O[C@@H](n2cnc3c(N)ncnc32)[C@H](O)[C@@H]1OP(=O)(O)O	IJFLXRCJWPKGKJ-LXIXEQKWSA-N
(S)-3-hydroxyhexadecanoyl-CoA	CCCCCCCCCCCCC[C@H](O)CC(=O)SCCNC(=O)CCNC(=O)[C@H](O)C(C)(C)COP(=O)(O)OP(=O)(O)OC[C@H]1O[C@@H](n2cnc3c(N)ncnc32)[C@H](O)[C@@H]1OP(=O)(O)O	DEHLMTDDPWDRDR-BCIKBWLNSA-N
(S)-3-hydroxypalmitoleoyl-CoA	CCCCCCC=CCCCCCC(CC(=O)SCCNC(=O)CCNC(=O)C(C(C)(C)COP(=O)(O)OP(=O)(O)OCC1C(C(C(O1)N2C=NC3=C(N=CN=C32)N)O)OP(=O)(O)O)O)O	ZIRSQPAPHGZDIL-MDZDMXLPSA-N
(S)-3-hydroxytetradecanoyl-CoA	CCCCCCCCCCC[C@H](O)CC(=O)SCCNC(=O)CCNC(=O)[C@H](O)C(C)(C)COP(=O)(O)OP(=O)(O)OC[C@H]1O[C@@H](n2cnc3c(N)ncnc32)[C@H](O)[C@@H]1OP(=O)(O)O	OXBHKMHNDGRDCZ-STLSENOWSA-N
(S)-3-sulfolactate	O=C([O-])[C@H](O)CS(=O)(=O)[O-]	CQQGIWJSICOUON-UWTATZPHSA-L
(S)-Glycerate	C(C(C(=O)O)O)O	RBNPOMFGQQGHHO-REOHCLBHSA-N
(S)-dihydroorotate	O=C1C[C@@H](C(=O)[O-])NC(=O)N1	UFIVEPVSAGBUSI-REOHCLBHSA-M
(S)-hydroxydecanoyl-CoA	CCCCCCC[C@H](O)CC(=O)SCCNC(=O)CCNC(=O)[C@H](O)C(C)(C)COP(=O)(O)OP(=O)(O)OC[C@H]1O[C@@H](n2cnc3c(N)ncnc32)[C@H](O)[C@@H]1OP(=O)(O)O	HIVSMYZAMUNFKZ-PNPVFPMQSA-N
(S)-hydroxyhexanoyl-CoA	CCC[C@H](O)CC(=O)SCCNC(=O)CCNC(=O)[C@H](O)C(C)(C)COP(=O)(O)OP(=O)(O)OC[C@H]1O[C@@H](n2cnc3c(N)ncnc32)[C@H](O)[C@@H]1OP(=O)(O)O	VAAHKRMGOFIORX-IKTBLOROSA-N
(S)-hydroxyoctanoyl-CoA	CCCCC[C@H](O)CC(=O)SCCNC(=O)CCNC(=O)[C@H](O)C(C)(C)COP(=O)(O)OP(=O)(O)OC[C@H]1O[C@@H](n2cnc3c(N)ncnc32)[C@H](O)[C@@H]1OP(=O)(O)O	ATVGTMKWKDUCMS-OTOYJEMWSA-N
(Z)-But-2-Ene-1,2,3-Tricarboxylate	C/C(C(=O)[O-])=C(\CC(=O)[O-])C(=O)[O-]	NUZLRKBHOBPTQV-ARJAWSKDSA-K
(Z,Z,Z)-7,10,13-Hexadecatrienoic Acid	CCC=CCC=CCC=CCCCCCC(=O)O	KBGYPXOSNDMZRV-PDBXOOCHSA-N
(alpha-D-mannosyl)2-beta-D-mannosyl-N-acetylglucosamine	CC(=O)NC1C(C(C(OC1O)CO)OC2C(C(C(C(O2)CO)O)OC3C(C(C(C(O3)CO)O)OC4C(C(C(C(O4)CO)O)O)O)O)O)O	ANPUOEHHKRCFGW-NRDBFSGKSA-N
(alpha-D-mannosyl)7-beta-D-mannosyl-diacetylchitobiosyl-L-asparagine, isoform A (protein)	CC(C(=O)O)N	QNAYBMKLOCPYGJ-UHFFFAOYSA-N
(alpha-D-mannosyl)7-beta-D-mannosyl-diacetylchitobiosyl-L-asparagine, isoform B (protein)	COC1=CC=C(C=C1)I	SYSZENVIJHPFNL-UHFFFAOYSA-N
(indol-3-yl)acetamide	NC(=O)Cc1c[nH]c2ccccc12	ZOAMBXDOGPRZLP-UHFFFAOYSA-N
1,1-dichloroethylene	C=C(Cl)Cl	LGXVIGDEPROXKC-UHFFFAOYSA-N
1,1-dichloroethylene epoxide	ClC1(Cl)CO1	DPVAHOUXGQHEOI-UHFFFAOYSA-N
1,2,3,4-tetrahydro-alpha,7-dihydroxy-beta-(hydroxymethyl)-9-methoxy-3,4-dioxocyclopenta[c][1]benzopyran-6-propanal	COc1cc(O)c(C(CO)C(O)C=O)c2oc(=O)c3c(c12)CCC3=O	XSQLDUBMTHWWOR-UHFFFAOYSA-N
1,2,3,4-tetrahydro-beta-carboline	C1CNCC2=C1C3=CC=CC=C3N2	CFTOTSJVQRFXOF-UHFFFAOYSA-N
1,2-D-glucosyl-5-D-(galactosyloxy)-L-lysine-procollagen	[*]NC(=O)[C@H](CC[C@H](CN)O[C@@H]1O[C@H](CO)[C@H](O)[C@H](O)[C@H]1O[C@H]1O[C@H](CO)[C@@H](O)[C@H](O)[C@H]1O)NC([*])=O	
1,2-Diacyl-Sn-Glycerol (Didodecanoyl, N-C12:0)	CCCCCCCCCCCC(=O)OCC(CO)OC(=O)CCCCCCCCCCC	OQQOAWVKVDAJOI-UHFFFAOYSA-N
1,2-dehydrosalsolinol	CC1=NCCc2cc(O)c(O)cc21	DWHSGRLKLUGKOU-UHFFFAOYSA-N
1,2-diacylglycerol-LD-PC pool	[*]C(=O)OC[C@H](CO)OC([*])=O	
1,2-diacylglycerol-LD-PE pool	[*]C(=O)OC[C@H](CO)OC([*])=O	
1,2-diacylglycerol-LD-PI pool	[*]C(=O)OC[C@H](CO)OC([*])=O	
1,2-diacylglycerol-LD-PS pool	[*]C(=O)OC[C@H](CO)OC([*])=O	
1,2-diacylglycerol-LD-SM pool	[*]C(=O)OC[C@H](CO)OC([*])=O	
1,2-diacylglycerol-LD-TAG pool	[*]C(=O)OC[C@H](CO)OC([*])=O	
1,2-diacylglycerol-VLDL pool	[*]C(=O)OC[C@H](CO)OC([*])=O	
1,2-diacylglycerol-bile-PC pool	[*]C(=O)OC[C@H](CO)OC([*])=O	
1,2-diacylglycerol-chylomicron pool	[*]C(=O)OC[C@H](CO)OC([*])=O	
1,2-dibromoethane	BrCCBr	PAAZPARNPHGIKF-UHFFFAOYSA-N
1,2-dihydronaphthalene-1,2-diol	OC1C=Cc2ccccc2C1O	QPUHWUSUBHNZCG-UHFFFAOYSA-N
1,2-dihydroxy-3,4-epoxy-1,2,3,4-tetrahydronaphthalene	OC1c2ccccc2C2OC2C1O	XDSJRQRRQDAPNL-UHFFFAOYSA-N
1,2-dihydroxy-5-(methylthio)pent-1-en-3-one	CSCCC(=O)/C(O)=C/O	CILXJJLQPTUUSS-XQRVVYSFSA-N
1,2-naphthoquinone	O=C1C=Cc2ccccc2C1=O	KETQAJRQOHHATG-UHFFFAOYSA-N
1,3-bisphospho-D-glycerate	O=C(OP(=O)(O)O)[C@H](O)COP(=O)(O)O	LJQLQCAXBUHEAZ-UWTATZPHSA-N
1,3-diaminopropane	[NH3+]CCC[NH3+]	XFNJVJPLKCPIBV-UHFFFAOYSA-P
1,4-Dihydroxy-midazolam	C1=CC=C(C(=C1)C2=NC(C3=CN=C(N3C4=C2C=C(C=C4)Cl)CO)O)F	OJDUJEPGFILARE-UHFFFAOYSA-N
1,4-benzoquinone	O=C1C=CC(=O)C=C1	AZQWKYJCGOJGHM-UHFFFAOYSA-N
1,4-benzothiazine-O-quinonimine	N[C@H](CC1=CC(=O)C2=N[C@@H](C(=O)O)CSC2=C1)C(=O)O	NANJICKTJNNTGA-RNFRBKRXSA-N
1,4-dihydroxynaphthalene	Oc1ccc(O)c2ccccc12	PCILLCXFKWDRMK-UHFFFAOYSA-N
1,4-naphthoquinone	O=C1C=CC(=O)c2ccccc21	FRASJONUBLZVQX-UHFFFAOYSA-N
1-(1,2,3,4,5-pentahydroxypent-1-yl)-1,2,3,4-tetrahydro-beta-carboline-3-carboxylate	O=C(O)C1Cc2c([nH]c3ccccc23)C(C(O)C(O)C(O)C(O)CO)N1	LCHFAYIGHOVWSA-UHFFFAOYSA-N
1-(1-alkenyl)-sn-glycero-3-phosphoethanolamine	[*]C=COC[C@H](O)COP(=O)(O)OCCN	
1-(3-pyridinyl)-1,4-butanediol	OCCCC(O)c1cccnc1	RGJHRVMTLGLFPX-UHFFFAOYSA-N
1-(methylnitrosoamino)-4-(3-pyridinyl)-1,4-butanediol	CN(N=O)C(O)CCC(O)c1cccnc1	ZDEMEBJTHIDHSF-UHFFFAOYSA-N
1-Acylglycerone 3-Phosphate	*C(=O)OCC(=O)COP(=O)(O)O	IWFZHMQFZRLGDQ-UHFFFAOYSA-N
1-Alkyl-2-Acetyl-Sn-Glycerol 3-Phosphate	CC(=O)OC(CO)COP(=O)(O)O	FBIJMYWJXFJADB-RXMQYKEDSA-N
1-Arachidonoyl Glycerol	CCCCC/C=C\C/C=C\C/C=C\C/C=C\CCCC(=O)OCC(O)CO	DCPCOKIYJYGMDN-DOFZRALJSA-N
1-Arachidonoyl-Sn-Glycero-3-Phosphoethanolamine	CCCCC/C=C\C/C=C\C/C=C\C/C=C\CCCC(=O)OC[C@@H](O)COP(=O)(O)OCCN	ROPRRXYVXLDXQO-XSQXPFHXSA-N
1-Linoleoylglycerophosphocholine (Delta 9,12)	CCCCC/C=C\C/C=C\CCCCCCCC(=O)OC[C@@H](O)COP(=O)([O-])OCC[N+](C)(C)C	SPJFYYJXNPEZDW-FTJOPAKQSA-N
1-Linoleoylglycerophosphoethanolamine (Delta 9,12)	CCCCC/C=C\C/C=C\CCCCCCCC(=O)OC[C@@H](O)COP(=O)(O)OCCN	DBHKHNGBVGWQJE-USWSLJGRSA-N
1-acylglycerol-3P pool	[*]C(=O)OC[C@@H](O)COP(=O)(O)O	
1-acylglycerol-3P-10,13,16-docosa	CCCCC/C=C\C/C=C\C/C=C\CCCCCCCCC(=O)OC[C@@H](O)COP(=O)([O-])[O-]	YJDLHQUZSFUJGW-XQCPFYKGSA-L
1-acylglycerol-3P-11,14-eicosa	CCCCCC=CC/C=C\CCCCCCCCCC(=O)OC[C@@H](O)COP(=O)(O)O	PIWSAHYRIXOITD-MNZXDXIFSA-N
1-acylglycerol-3P-11-docose	CCCCCCCCCC/C=C\CCCCCCCCCC(=O)OC[C@@H](O)COP(=O)(O)O	SNGZFCPKZNNZFT-FJIRUFBNSA-N
1-acylglycerol-3P-11-eico	CCCCCCCC/C=C\CCCCCCCCCC(=O)OC[C@@H](O)COP(=O)(O)O	OAYFHKCHTMNTLM-MZMPXXGTSA-N
1-acylglycerol-3P-13,16-docosa	CCCCC/C=C\C/C=C\CCCCCCCCCCCC(=O)OC[C@@H](O)COP(=O)(O)O	GFXKNONHFFXXOL-XBJNFHHOSA-N
1-acylglycerol-3P-4,7,10,13,16,19-doco	CCC=CCC=CC/C=C\C/C=C\C/C=C\C/C=C\CCC(=O)OC[C@@H](O)COP(=O)(O)O	UWHSPTWBPTXYMF-IZJKNPMXSA-N
1-acylglycerol-3P-5,8,11,14,17-eico	CCC=CCC=CC/C=C\C/C=C\C/C=C\CCCC(=O)OC[C@@H](O)COP(=O)(O)O	DKFJPTBTSHHMCQ-HBBPWDRDSA-N
1-acylglycerol-3P-6,9,12,15-octa	CC/C=C\C/C=C\C/C=C\C/C=C\CCCCC(=O)OC[C@@H](O)COP(=O)(O)O	AHLQLKDUCYXYLC-VAVNNBBDSA-N
1-acylglycerol-3P-7,10,13,16-docosa	CCCCC/C=C\C/C=C\C/C=C\C/C=C\CCCCCC(=O)OC[C@@H](O)COP(=O)([O-])[O-]	KSDVXYAHZXLGDS-XSQXPFHXSA-L
1-acylglycerol-3P-9-heptade	CCCCCCC/C=C\CCCCCCCC(=O)OC[C@@H](O)COP(=O)(O)O	PIVUMJCNAUHUPL-OLHLWXQYSA-N
1-acylglycerol-3P-9-tetrade	CCCC/C=C\CCCCCCCC(=O)OC[C@@H](O)COP(=O)(O)O	IQSHJASKBUVXAG-OGZRUICASA-N
1-acylglycerol-3P-LD-PC pool (liver tissue)	[*]C(=O)OC[C@@H](O)COP(=O)(O)O	
1-acylglycerol-3P-LD-PE pool (liver tissue)	[*]C(=O)OC[C@@H](O)COP(=O)(O)O	
1-acylglycerol-3P-LD-PI pool (liver tissue)	[*]C(=O)OC[C@@H](O)COP(=O)(O)O	
1-acylglycerol-3P-LD-PS pool (liver tissue)	[*]C(=O)OC[C@@H](O)COP(=O)(O)O	
1-acylglycerol-3P-LD-SM pool (liver tissue)	[*]C(=O)OC[C@@H](O)COP(=O)(O)O	
1-acylglycerol-3P-LD-TG1 pool (liver tissue)	[*]C(=O)OC[C@@H](O)COP(=O)(O)O	
1-acylglycerol-3P-bile-PC pool	[*]C(=O)OC[C@@H](O)COP(=O)(O)O	
1-acylglycerol-3P-dihomo-gamma	CCCCC/C=C\C/C=C\C/C=C\CCCCCCC(=O)OC[C@@H](O)COP(=O)(O)O	LZSKMXWVALYCLG-CSLWLMPESA-N
1-acylglycerol-3P-docosa	CCCCCCCCCCCCCCCCCCCCCC(=O)OC[C@@H](O)COP(=O)(O)O	SQNPGTTUWWZACK-XMMPIXPASA-N
1-acylglycerol-3P-heneico	CCCCCCCCCCCCCCCCCCCCC(=O)OC[C@@H](O)COP(=O)(O)O	SPXKINNONQHLLM-HSZRJFAPSA-N
1-acylglycerol-3P-nanode	CCCCCCCCCCCCCCCCCCC(=O)OC[C@@H](O)COP(=O)(O)O	YAERNOYIELLICR-OAQYLSRUSA-N
1-acylglycerol-3P-palmn	CCCCCC/C=C\CCCCCCCC(=O)OC[C@@H](O)COP(=O)([O-])[O-]	GLGQZYWTNAOWHT-JTHGQSKGSA-L
1-acylglycerol-3P-pentade	CCCCCCCCCCCCCCC(=O)OC[C@@H](O)COP(=O)([O-])[O-]	RZDCKQARKXMIQI-QGZVFWFLSA-L
1-acylglycerol-3P-tridec	CC(C)CCCCCCCCCC(=O)OC[C@@H](O)COP(=O)([O-])[O-]	RJPMJHYNCNEFDQ-OAHLLOKOSA-L
1-acylglycerol-LD-PC pool	[*]OCC(CO[*])O[*]	
1-acylglycerol-LD-PE pool	[*]OCC(CO[*])O[*]	
1-acylglycerol-LD-PI pool	[*]OCC(CO[*])O[*]	
1-acylglycerol-LD-PS pool	[*]OCC(CO[*])O[*]	
1-acylglycerol-LD-SM pool	[*]OCC(CO[*])O[*]	
1-acylglycerol-LD-TG1 pool	[*]OCC(CO[*])O[*]	
1-acylglycerol-VLDL pool	[*]OCC(CO[*])O[*]	
1-acylglycerol-chylomicron pool	[*]OCC(CO[*])O[*]	
1-alkyl-2-acetyl-sn-glycerol	CC(=O)O[C@@H](CO)CO[*]	
1-alkyl-2-acylglycerol	[*]OC[C@H](CO)OC([*])=O	
1-alkyl-2-acylglycerophosphoethanolamine	[*]OC[C@H](COP(=O)([O-])OCC[NH3+])OC([*])=O	
1-alpha,24R,25-trihydroxyvitamin D2	C=C1/C(=C\C=C2/CCC[C@@]3(C)[C@H]2CC[C@@H]3[C@H](C)/C=C/[C@@](C)(O)C(C)(C)O)C[C@@H](O)C[C@@H]1O	KRGCLKZOZQUAFK-ABEKVIRTSA-N
1-alpha,25-dihydroxyvitamin D2	CC(C=CC(C)C(C)(C)O)C1CCC2C1(CCCC2=CC=C3CC(CC(C3=C)O)O)C	ZGLHBRQAEXKACO-XJRQOBMKSA-N
1-deoxy-1-(N6-lysino)-D-fructose	C(CCNCC1(C(C(C(O1)CO)O)O)O)CC(C(=O)O)N	ZAWLGBRDVQURAK-TYCYOEEFSA-N
1-hexadecylglycerol-3-phosphate	CCCCCCCCCCCCCCCCOC[C@@H](O)COP(=O)([O-])[O-]	XLVRFPVHQPHXAA-LJQANCHMSA-L
1-hydroperoxy-8-carboxyoctyl-3,4-epoxynon-(2E)-enyl-ether	CCCCCC1O/C1=C/COC(CCCCCCCC(=O)O)OO	UPKSZTNLXJIVNV-DTQAZKPQSA-N
1-lyso-2-arachidonoyl-phosphatidate	CCCCCC=CCC=CCC=CCC=CCCCC(=O)OC(CO)COP(=O)(O)O	BDCFJMBXZCIVRH-CGRWFSSPSA-N
1-methylnicotinamide	C[n+]1cccc(C(N)=O)c1	LDHMAVIPBRSVRG-UHFFFAOYSA-O
1-methylpyrrolinium	C[N+]1=CCCC1	FDWZAOGDOVQOLD-UHFFFAOYSA-N
1-naphthol	Oc1cccc2ccccc12	KJCVRFUGPWSIIH-UHFFFAOYSA-N
1-naphthylamine	Nc1cccc2ccccc12	RUFPHBVGCFYCNW-UHFFFAOYSA-N
1-nitro-5,6-dihydroxy-dihydronaphthalene	O=[N+]([O-])c1cccc2c1C=CC(O)C2O	VNMNNCGXMBPWIX-UHFFFAOYSA-N
1-nitro-5-glutathionyl-6-hydroxy-5,6-dihydronaphthalene	C1=CC2=C(C=CC(C2SCC(C(=O)NCC(=O)O)NC(=O)CCC(C(=O)O)N)O)C(=C1)[N+](=O)[O-]	ASZHPHJDCUIIBF-RJXQQRCHSA-N
1-nitro-5-hydroxy-6-glutathionyl-5,6-dihydronaphthalene	C1=CC2=C(C=CC(C2O)SCC(C(=O)NCC(=O)O)NC(=O)CCC(C(=O)O)N)C(=C1)[N+](=O)[O-]	SFJZEQDXMXSLGC-RJXQQRCHSA-N
1-nitro-7-glutathionyl-8-hydroxy-7,8-dihydronaphthalene	C1=CC2=C(C(C(C=C2)SCC(C(=O)NCC(=O)O)NC(=O)CCC(C(=O)O)N)O)C(=C1)[N+](=O)[O-]	FCTXJUPCCZHZHU-WXFCVCCESA-N
1-nitro-7-hydroxy-8-glutathionyl-7,8-dihydronaphthalene	C1=CC2=C(C(C(C=C2)O)SCC(C(=O)NCC(=O)O)NC(=O)CCC(C(=O)O)N)C(=C1)[N+](=O)[O-]	RQCSOWVLCHNLLC-WXFCVCCESA-N
1-nitronaphthalene	O=[N+]([O-])c1cccc2ccccc12	RJKGJBPXVHTNJL-UHFFFAOYSA-N
1-nitronaphthalene-5,6-oxide	O=[N+]([O-])c1cccc2c1C=CC1OC21	GSAMVXYBVGOJMK-UHFFFAOYSA-N
1-nitronaphthalene-7,8-oxide	O=[N+]([O-])c1cccc2c1C1OC1C=C2	JBECFHRNFSQXPM-UHFFFAOYSA-N
1-nitrosonaphthalene	O=Nc1cccc2ccccc12	HXOPMUIUKYURIC-UHFFFAOYSA-N
1-palmitoyl-dihydroxyacetone-phosphate	CCCCCCCCCCCCCCCC(=O)OCC(=O)COP(=O)([O-])[O-]	MLWXSIMRTQAWHY-UHFFFAOYSA-L
1-phosphatidyl-1D-myo-inositol-3,4-bisphosphate	[*]C(=O)OC[C@H](COP(=O)(O)O[C@H]1C(O)C(O)C(OP(=O)(O)O)[C@@H](OP(=O)(O)O)C1O)OC([*])=O	
1-phosphatidyl-1D-myo-inositol-3-phosphate	[*]C(=O)OC[C@H](COP(=O)(O)O[C@H]1[C@H](O)[C@@H](O)[C@H](O)[C@@H](OP(=O)(O)O)[C@H]1O)OC([*])=O	YKMGQFUXYYTRLF-SLJXNWFNSA-N
1-phosphatidyl-1D-myo-inositol-4-phosphate	[*]C(=O)OC[C@H](COP(=O)(O)O[C@@H]1[C@H](O)[C@H](O)[C@@H](OP(=O)(O)O)[C@H](O)[C@H]1O)OC([*])=O	UJVUMTUBMCYKBK-VPHNBOHRSA-K
1-phosphatidyl-1D-myo-inositol-5-phosphate	[*]C(=O)OC[C@H](COP(=O)(O)O[C@H]1[C@H](O)[C@@H](OP(=O)(O)O)[C@H](O)[C@@H](O)[C@H]1O)OC([*])=O	
1-piperideine-6-carboxylate	O=C([O-])[C@@H]1CCCC=N1	CSDPVAKVEWETFG-YFKPBYRVSA-M
1-pyrroline	C1=[NH+]CCC1	ZVJHJDDKYZXRJI-UHFFFAOYSA-O
1-pyrroline-2-carboxylate	O=C(O)C1=NCCC1	RHTAIKJZSXNELN-UHFFFAOYSA-N
1-pyrroline-5-carboxylate	[H][C@@]1(C(=O)O)CCC=N1	DWAKNKKXGALPNW-BYPYZUCNSA-N
1-radyl-2-acyl-sn-glycero-3-phosphocholine	C[N+](C)(C)CCOP(=O)([O-])OC[C@@H](CO[*])OC([*])=O	WOBXACRJIURDTO-SECBINFHSA-O
10,11-dihydro-12-oxo-LTB4	CCCCC/C=C\CC(=O)CC/C=C/C=C\[C@H](O)CCCC(=O)O	AHHXLFNPCWCNQF-SOOJVSLFSA-N
10,11-dihydro-20-dihydroxy-LTB4	C(CCC(O)O)CC=CCC(CCC=CC=CC(CCCC(=O)O)O)O	BZDHSIPNZCHPKA-NSBXBVANSA-N
10,11-dihydro-20-trihydroxy-LTB4	C(CCC(O)(O)O)CC=CCC(CCC=CC=CC(CCCC(=O)O)O)O	LSVHZFZMMXHHBS-YEFXUWHISA-N
10,11-dihydro-LTB4	CCCCCC=CCC(CCC=CC=CC(CCCC(=O)O)O)O	NKUPFHTVILUPKF-GWURPDJQSA-N
10,11-dihydro-LTB4-CoA	CCCCC/C=C\C[C@@H](O)CC/C=C/C=C\[C@@H](O)CCCC(=O)SCCNC(=O)CCNC(=O)C(O)C(C)(C)COP(=O)([O-])OP(=O)([O-])OCC1O[C@H](n2cnc3c(N)ncnc32)C(O)C1OP(=O)([O-])[O-]	ZYYSFSZTRFQEDO-DIXIOMTBSA-J
10,13,16,19-docosatetraenoic acid	CCC=CCC=CCC=CCC=CCCCCCCCCC(=O)O	IGFLWIHPPADNDL-UHFFFAOYSA-N
10,13,16,19-docosatetraenoyl-CoA	CC/C=C\C/C=C\C/C=C\C/C=C\CCCCCCCCC(=O)SCCNC(=O)CCNC(=O)[C@H](O)C(C)(C)COP(=O)([O-])OP(=O)([O-])OC[C@H]1O[C@@H](n2cnc3c(N)ncnc32)[C@H](O)[C@@H]1OP(=O)([O-])[O-]	BEEQBBPNTYBGDP-BUSXXEPMSA-J
10,13,16-docosatrienoyl-CoA	CCCCC/C=C\C/C=C\C/C=C\CCCCCCCCC(=O)SCCNC(=O)CCNC(=O)[C@H](O)C(C)(C)COP(=O)([O-])OP(=O)([O-])OC[C@H]1O[C@@H](n2cnc3c(N)ncnc32)[C@H](O)[C@@H]1OP(=O)([O-])[O-]	NRFSUEZXHDEQRO-VCMLSESPSA-J
10,13,16-docosatriynoic acid	CCCCCC#CCC#CCC#CCCCCCCCCC(=O)O	QPBINMRNALMRNT-UHFFFAOYSA-N
10-HETE	O=C(O)CCC/C=C\C/C=C\C/C=C\C/C=C\CCCCCO	NNDIXBJHNLFJJP-DTLRTWKJSA-N
10-formyl-THF	[H]C(=O)N(CC1CNc2nc(N)nc(=O)c2N1)c1ccc(C(=O)N[C@@H](CCC(=O)O)C(=O)O)cc1	AUFGTPPARQZWDO-YUZLPWPTSA-N
10-formyl-THF-glu(5)	N=c1nc(O)c2c([nH]1)NCC(CN(C=O)c1ccc(C(=O)NC(CCC(=O)NC(CCC(=O)[O-])C(=O)NC(CCC(=O)[O-])C(=O)NC(CCC(=O)[O-])C(=O)NC(CCC(=O)[O-])C(=O)[O-])C(=O)[O-])cc1)N2	RGSLBOWMZCMTRA-UHFFFAOYSA-H
10-formyl-THF-glu(6)	N=c1nc([O-])c2c([nH]1)NCC(CN(C=O)c1ccc(C(=O)N[C@H](CCC([O-])=NC(CCC([O-])=NC(CCC([O-])=NC(CCC([O-])=NC(CCC([O-])=NC(CCC(=O)[O-])C(=O)O)C(=O)O)C(=O)O)C(=O)O)C(=O)O)C(=O)O)cc1)N2	SFFBEUFYOPMKMV-CWMPVMSNSA-G
10-formyl-THF-glu(7)	N=c1nc(O)c2c([nH]1)NCC(CN(C=O)c1ccc(C(=O)NC(CCC(=O)NC(CCC(=O)[O-])C(=O)NC(CCC(=O)[O-])C(=O)NC(CCC(=O)[O-])C(=O)NC(CCC(=O)[O-])C(=O)NC(CCC(=O)[O-])C(=O)NC(CCC(=O)[O-])C(=O)[O-])C(=O)[O-])cc1)N2	VTHHVZBTNSHUDD-UHFFFAOYSA-F
10-hydroperoxy-H4-neuroprostane	CCC=CC[C@H]1C2CC(OO2)[C@H]1/C=C/[C@H](C/C=C\C/C=C\CCC(=O)[O-])OO	QMVMCSYNPSQOII-JPMCSUSJSA-M
10-hydroxy-D4-neuroprostane	CCC=CCC1C(C(CC1=O)O)C=CC(CC=CCC=CCCC(=O)O)O	HKRPDTDZWZZKNW-FDNWMAQMSA-N
10-hydroxy-E4-neuroprostane	CCC=CCC1C(CC(=O)C1C=CC(CC=CCC=CCCC(=O)O)O)O	IFQRUHXGXJVRNV-ZNQQBSSQSA-N
11,12,15-THETA	CCCCCC(O)/C=C/C(O)C(O)CC=CC/C=C/CCCC(=O)O	PRMWQIVYOYCJQC-OKZFOFOKSA-N
11,12-DHET	CCCCC/C=C\CC(O)C(O)C/C=C\C/C=C\CCCC(=O)[O-]	LRPPQRCHCPFBPE-KROJNAHFSA-M
11,12-EET	CCCCC/C=C\CC1OC1C/C=C\C/C=C\CCCC(=O)[O-]	DXOYQVHGIODESM-KROJNAHFSA-M
11,14,15-THETA	CCCCCC(O)C(O)/C=C/C(O)C/C=C\C/C=C\CCCC(=O)O	YCFPVUKKIWMCJK-LTCHCNGXSA-N
11-HETE	CCCCC/C=C\C=C\[C@@H](O)C/C=C\C/C=C\CCCC(=O)[O-]	GCZRCCHPLVMMJE-YZGNWCGPSA-M
11-HpODE	CCCCC/C=C\[C@@H](/C=C\CCCCCCCC(=O)[O-])OO	PLWDMWAXENHPLY-PDBSFCERSA-M
11-carboxy-alpha-chromanol	Cc1c(C)c2c(c(C)c1O)CC[C@@](C)(CCC[C@@H](C)CCC[C@@H](C)CCC(=O)O)O2	FKTCHXAVPYGOSM-CUAXAMRHSA-N
11-carboxy-alpha-tocotrienol	C/C(=C\CC[C@]1(C)CCc2c(C)c(O)c(C)c(C)c2O1)CC/C=C(\C)CCC(=O)O	LAVCYAUSHCEKED-KYVGBUAPSA-N
11-carboxy-gamma-chromanol	Cc1c(O)cc2c(c1C)O[C@](C)(CCC[C@@H](C)CCC[C@@H](C)CCC(=O)O)CC2	IITULCXNOMOXAH-YYULODDRSA-N
11-carboxy-gamma-tocotrienol	C/C(=C\CC[C@]1(C)CCc2cc(O)c(C)c(C)c2O1)CC/C=C(\C)CCC(=O)O	QRIWRFHSVDRBRJ-LNRRRGPJSA-N
11-cis-retinal	CC1=C(/C=C/C(C)=C/C=C\C(C)=C\C=O)C(C)(C)CCC1	NCYCYZXNIZJOKI-IOUUIBBYSA-N
11-cis-retinol	CC1=C(/C=C/C(C)=C/C=C\C(C)=C\CO)C(C)(C)CCC1	FPIPGXGPPPQFEQ-IOUUIBBYSA-N
11-cis-retinyl-palmitate	CCCCCCCCCCCCCCCC(=O)OCC=C(C)C=CC=C(C)C=CC1=C(CCCC1(C)C)C	VYGQUTWHTHXGQB-SXFSSFKVSA-N
11-dehydro-thromboxane B2	CCCCCC(C=CC1C(C(CC(=O)O1)O)CC=CCCCC(=O)O)O	KJYIVXDPWBUJBQ-UHHGALCXSA-N
11-deoxycorticosterone	C[C@]12CC[C@H]3[C@@H](CCC4=CC(=O)CC[C@@]43C)[C@@H]1CC[C@@H]2C(=O)CO	ZESRJSPZRDMNHY-YFWFAHHUSA-N
11-deoxycortisol	C[C@]12CC[C@H]3[C@@H](CCC4=CC(=O)CC[C@@]43C)[C@@H]1CC[C@]2(O)C(=O)CO	WHBHBVVOGNECLV-OBQKJFGGSA-N
11-hydroperoxy-H4-neuroprostane	CC/C=C\C/C=C\C/C=C\CC(/C=C/[C@H]1C2CC(OO2)[C@H]1CCC(=O)[O-])OO	KTZHAQYYTVLGSR-QBHLSTTDSA-M
11-hydroxy-D4-neuroprostane	CC/C=C\C/C=C\C/C=C\CC(O)/C=C/[C@H]1C(=O)CC(O)[C@H]1CCC(=O)[O-]	LFXPXGFITAKPQF-GARWNEGZSA-M
11-hydroxy-E4-neuroprostane	CC/C=C\C/C=C\C/C=C\CC(O)/C=C/[C@H]1C(O)CC(=O)[C@H]1CCC(=O)[O-]	SNNNEKANAIMPFW-JCYWGAGHSA-M
11-hydroxydodecanoate	CC(O)CCCCCCCCCC(=O)[O-]	KQGAHNAFXMVSGY-UHFFFAOYSA-M
11-peroxy-(5Z,8Z,12E,14Z)-eicosatetraenoate	CCCCC/C=C\C=C\C(C/C=C\C/C=C\CCCC(=O)O)O[O]	CUVDHYYMVDOGDE-RLZWZWKOSA-N
11-trans-LTE4	CCCCC/C=C\C/C=C/C=C/C=C/[C@@H](SC[C@H](N)C(=O)O)[C@@H](O)CCCC(=O)O	OTZRAYGBFWZKMX-DVFCZEDWSA-N
11beta,17alpha,21-trihydroxypregnenolone	C[C@]12C[C@H](O)[C@H]3[C@@H](CC=C4C[C@@H](O)CC[C@@]43C)[C@@H]1CC[C@]2(O)C(=O)CO	HAFVWTUQBYRPOB-HCMGWXKDSA-N
11beta-hydroxyandrost-4-ene-3,17-dione	C[C@]12C[C@H](O)[C@H]3[C@@H](CCC4=CC(=O)CC[C@@]43C)[C@@H]1CCC2=O	WSCUHXPGYUMQEX-KCZNZURUSA-N
11beta-hydroxyprogesterone	CC(=O)[C@H]1CC[C@H]2[C@@H]3CCC4=CC(=O)CC[C@]4(C)[C@H]3[C@@H](O)C[C@]12C	BFZHCUBIASXHPK-ATWVFEABSA-N
11h-14,15-EETA	CCCCCC1OC1/C=C/C(O)C/C=C\C/C=C\CCCC(=O)O	WLMZMBKVRPUYIG-LTCHCNGXSA-N
12(13)-EpOME	CCCCC[C@@H]1O[C@@H]1C/C=C\CCCCCCCC(=O)O	CCPPLLJZDQAOHD-BEBBCNLGSA-N
12(R)-HPETE	CCCCCC=CCC(C=CC=CCC=CCCCC(=O)O)OO	ZIOZYRSDNLNNNJ-ZYBDYUKJSA-N
12(S)-HETE	CCCCC/C=C\C[C@H](O)/C=C/C=C\C/C=C\CCCC(=O)[O-]	ZNHVWPKMFKADKW-LQWMCKPYSA-M
12(S)-HHT	CCCCCC(C=CC=CCC=CCCCC(=O)O)O	KUKJHGXXZWHSBG-WBGSEQOASA-N
12(S)-HPETE	CCCCC/C=C\C[C@@H](/C=C/C=C\C/C=C\CCCC(=O)[O-])OO	ZIOZYRSDNLNNNJ-LQWMCKPYSA-M
12,13-epoxy-(6Z,9Z)-octadecadienoic acid	CCCCC[C@@H]1O[C@@H]1C/C=C\C/C=C\CCCCC(=O)O	TVHXKPMFCYEQTM-ISTBTHKESA-N
12,13-epoxy-9-alkoxy-(10E)-octadecenoate	Brc1ccccn1	IMRWILPUOVGIMU-UHFFFAOYSA-N
12,13-hydroxyoctadec-9(z)-enoate	CCCCCC(C(CC=CCCCCCCCC(=O)O)O)O	CQSLTKIXAJTQGA-BTDPBSJTSA-N
12,15,18,21-tetracosatetraenoic acid	CCC=CCC=CCC=CCC=CCCCCCCCCCCC(=O)O	IWSADGAQVYYXMM-UHFFFAOYSA-N
12,15,18,21-tetracosatetraenoyl-CoA	CC/C=C\C/C=C\C/C=C\C/C=C\CCCCCCCCCCC(=O)SCCNC(=O)CCNC(=O)[C@H](O)C(C)(C)COP(=O)([O-])OP(=O)([O-])OC[C@H]1O[C@@H](n2cnc3c(N)ncnc32)[C@H](O)[C@@H]1OP(=O)([O-])[O-]	LLJDAYKOCIXVML-LEAJHPDKSA-J
12,20-diHETE	C(CCC=CCC(C=CC=CCC=CCCCC(=O)O)O)CCO	NUPDGIJXOAHJRW-LNESKJDXSA-N
12,20-dioxo-LTB4	O=CCCCC/C=C\CC(=O)/C=C/C=C/C=C\[C@@H](O)CCCC(=O)[O-]	CPTWPKCLDUXOKW-RBQYXHKQSA-M
12-epi-LTB4	CCCCCC=CCC(C=CC=CC=CC(CCCC(=O)O)O)O	VNYSSYRCGWBHLG-CBBLYLIKSA-N
12-hetre	CCCCC/C=C\C[C@H](O)CC/C=C\C/C=C\CCCC(=O)O	RFAKHEWADWLSJX-ZIQRGBBDSA-N
12-hydroperoxyeicosatetraenoate-glyceryl-ester	CCCCCC=CC[C@@H](C=CC=CCC=CCCCC(=O)OC(CO)CO)OO	DRKQAMJEQFTELM-NRFANRHFSA-N
12-hydroxydodecanoic acid	O=C([O-])CCCCCCCCCCCO	ZDHCZVWCTKTBRY-UHFFFAOYSA-M
12-keto-LTB4	CCCCC/C=C\CC(=O)/C=C/C=C/C=C\[C@@H](O)CCCC(=O)[O-]	SJVWVCVZWMJXOK-NOJHDUNKSA-M
12-oxo-10,11-dihydro-20-COOH-LTB4	O=C(O)CCCC/C=C\CC(=O)CC/C=C/C=C\[C@H](O)CCCC(=O)O	RYMSXFPLTLWXCK-VJNSNPJLSA-N
12-oxo-20-carboxy-LTB4	O=C(O)CCCC/C=C\CC(=O)/C=C/C=C/C=C\[C@H](O)CCCC(=O)O	VLMCDTMNMDDMLC-NZXMSVEXSA-N
12-oxo-20-dihydroxy-LTB4	O=C(O)CCC[C@@H](O)/C=C\C=C\C=C\C(=O)C/C=C\CCCCC(O)O	SBSLZLBZGOASJL-NZXMSVEXSA-N
12-oxo-20-hydroxy-LTB4	C(CCC=CCC(=O)C=CC=CC=CC(CCCC(=O)O)O)CCO	CZWPUWRHQBAXJS-RBQYXHKQSA-N
12-oxo-20-trihydroxy-LTB4	O=C(O)CCC[C@@H](O)/C=C\C=C\C=C\C(=O)C/C=C\CCCCC(O)(O)O	QVZXILIWUPKGPA-CWJNPFRJSA-N
12-oxo-c-LTB3	CCCCCC=CCC(=O)CC=CC=CC(C(CCCC(=O)O)O)SCC(C(=O)NCC(=O)O)NC(=O)CCC(C(=O)O)N	ZFHPYBQKHVEFHO-LECUDPRGSA-N
12-oxoETE	CCCCC/C=C\CC(=O)/C=C/C=C\C/C=C\CCCC(=O)[O-]	GURBRQGDZZKITB-VXBMJZGYSA-M
13(S)-HODE	CCCCC[C@H](O)/C=C/C=C\CCCCCCCC(=O)O	HNICUWMFWZBIFP-IRQZEAMPSA-N
13(S)-HPODE	CCCCC[C@@H](/C=C/C=C\CCCCCCCC(=O)O)OO	JDSRHVWSAMTSSN-IRQZEAMPSA-N
13,14-Dihydroxy-Retinol	CC1=C(/C=C/C(C)=C/C=C/C(C)(O)C(O)CO)C(C)(C)CCC1	IPJVXOBBCWHWMP-RLGMBWBISA-N
13,14-Epoxy-Retinol	CC(=C/C=C/C1(C)OC1CO)/C=C/C1=C(C)CCCC1(C)C	HQOAEUUDHIWDFP-BUJXIGDUSA-N
13,14-dihydro-15-keto-PGD2	CCCCCC(=O)CC[C@H]1C(=O)C[C@H](O)[C@@H]1C/C=C\CCCC(=O)O	VSRXYLYXIXYEST-KZTWKYQFSA-N
13,14-dihydro-15-oxo-lipoxin A4	CCCCCC(=O)CCC=CC=CC=CC(C(CCCC(=O)O)O)O	FPRPRBFSKMFXRV-HJGGDGFVSA-N
13,14-dihydro-15-oxo-prostaglandin E2	CCCCCC(=O)CC[C@H]1[C@H](O)CC(=O)[C@@H]1C/C=C\CCCC(=O)[O-]	CUJMXIQZWPZMNQ-XYYGWQPLSA-M
13,14-dihydro-lipoxin A4	CCCCCC(CCC=CC=CC=CC(C(CCCC(=O)O)O)O)O	WRFBDEURXXFJRY-WYMHFOEZSA-N
13,16,19-docosatrienoic acid	[*]C(=O)[O-]	WBBQTNCISCKUMU-IUQGRGSQSA-N
13-HETE	CCCCC/C=C\C(O)/C=C\C/C=C\C/C=C\CCCC(=O)[O-]	SAKQICHVWOJSNI-BWWNDVLWSA-M
13-carboxy-alpha-tocopherol	Cc1c(C)c2c(c(C)c1O)CC[C@](C)(CCC[C@@H](C)CCC[C@@H](C)CCCC(C)C(=O)O)O2	NJIUWSABAIXPGI-AXTKCOKSSA-N
13-carboxy-alpha-tocotrienol	C/C(=C/CC[C@]1(C)CCc2c(C)c(O)c(C)c(C)c2O1)CC/C=C(/C)CC/C=C(\C)C(=O)O	CBMCFKYSTHHHCC-QZDMETRGSA-N
13-cis-oxo-retinoate	CC1=C(/C=C/C(C)=C/C=C/C(C)=C\C(=O)[O-])C(C)(C)CCC1=O	GGCUJPCCTQNTJF-FAOQNJJDSA-M
13-cis-retinal	CC1=C(/C=C/C(C)=C/C=C/C(C)=C\C=O)C(C)(C)CCC1	NCYCYZXNIZJOKI-HWCYFHEPSA-N
13-cis-retinoate	CC1=C(/C=C/C(C)=C/C=C/C(C)=C\C(=O)O)C(C)(C)CCC1	SHGAZHPCJJPHSC-XFYACQKRSA-N
13-cis-retinol	CC1=C(C(CCC1)(C)C)C=CC(=CC=CC(=CCO)C)C	FPIPGXGPPPQFEQ-HWCYFHEPSA-N
13-cis-retinoyl-beta-D-glucuronide	CC1=C(C(CCC1)(C)C)C=CC(=CC=CC(=CC(=O)OC2C(C(C(C(O2)C(=O)O)O)O)O)C)C	MTGFYEHKPMOVNE-NEFMKCFNSA-N
13-hydroperoxy-H4-neuroprostane	CC[C@H]1C2CC(OO2)[C@H]1C=C[C@H](C/C=C\C/C=C\C/C=C\CCC(=O)[O-])OO	MEVBPAJZOYZPMH-PXFASYKZSA-M
13-hydroxy-D4-neuroprostane	CC[C@H]1C(=O)CC(O)[C@H]1/C=C/[C@@H](O)C/C=C\C/C=C\C/C=C\CCC(=O)[O-]	BAWOSSADQOARSN-JHIZZXPQSA-M
13-hydroxy-E4-neuroprostane	CC[C@H]1C(O)CC(=O)[C@H]1/C=C/[C@@H](O)C/C=C\C/C=C\C/C=C\CCC(=O)[O-]	AYIWIGDPZXRNNR-ZBKSXKQCSA-M
13-hydroxy-alpha-tocopherol	Cc1c(C)c2c(c(C)c1O)CC[C@@](C)(CCC[C@H](C)CCC[C@H](C)CCCC(C)CO)O2	URYLCCKXLNXSRS-XIRVVSDESA-N
13-hydroxy-alpha-tocotrienol	C/C(=C/CC/C(C)=C/CC/C(C)=C\CC[C@]1(C)CCc2c(C)c(O)c(C)c(C)c2O1)CO	OQCXIVSCFNNFEE-QFLITSPGSA-N
13-hydroxy-gamma-tocopherol	CC1=C(C=C2CCC(OC2=C1C)(C)CCCC(C)CCCC(C)CCCC(C)CO)O	QNBPVJMQPAQXML-WQSDRKHBSA-N
13-hydroxytetradecanoate	CC(O)CCCCCCCCCCCC(=O)[O-]	KNFJWKJXKURGQU-UHFFFAOYSA-M
14,15-DHET	CCCCCC(O)C(O)C/C=C\C/C=C\C/C=C\CCCC(=O)[O-]	SYAWGTIVOGUZMM-ILYOTBPNSA-M
14,15-DiHETE	CC/C=C\CC(O)C(O)C/C=C\C/C=C\C/C=C\CCCC(=O)O	BLWCDFIELVFRJY-QXBXTPPVSA-N
14,15-EET	CCCCCC1OC1C/C=C\C/C=C\C/C=C\CCCC(=O)[O-]	JBSCUHKPLGKXKH-ILYOTBPNSA-M
14-Hydroxy-4,14-Retro-Retinol	CC1=CCCC(C)(C)/C1=C\C=C(C)\C=C\C=C(/C)C(O)CO	PCRZONNRANOQPA-WBWVJYLOSA-N
14-demethyllanosterol	CC(C)=CCC[C@@H](C)[C@H]1CC[C@H]2C3=C(CC[C@@]21C)[C@@]1(C)CC[C@H](O)C(C)(C)[C@@H]1CC3	CHGIKSSZNBCNDW-QGBOJXOESA-N
14-hydroperoxy-H4-neuroprostane	CCC=CCC=CCC(C=CC1C2CC(C1CC=CCCC(=O)O)OO2)OO	RVZZVMGFWWGKMA-XLQARWSOSA-N
14-hydroxy-D4-neuroprostane	CC/C=C\C/C=C\CC(O)/C=C/[C@H]1C(=O)CC(O)[C@H]1C/C=C\CCC(=O)[O-]	QDNLJXBCTCRCRZ-ANESGMCMSA-M
14-hydroxy-E4-neuroprostane	CCC=CCC=CCC(C=CC1C(CC(=O)C1CC=CCCC(=O)O)O)O	BCQOUZGZSCCQCM-YOQRWUOZSA-N
14-hydroxytetradecanoic acid	O=C([O-])CCCCCCCCCCCCCO	JOSXCARTDOQGLV-UHFFFAOYSA-M
15(R)-HEPE	CCC=CCC(C=CC=CCC=CCC=CCCCC(=O)O)O	WLKCSMCLEKGITB-MXTKCVSJSA-N
15(R)-HETE	CCCCCC(C=CC=CCC=CCC=CCCCC(=O)O)O	JSFATNQSLKRBCI-UDQWCNDOSA-N
15(S)-HEPE	CC/C=C\C[C@H](O)/C=C/C=C\C/C=C\C/C=C\CCCC(=O)[O-]	WLKCSMCLEKGITB-DBVSHIMFSA-M
15(S)-HETE	CCCCC[C@H](O)/C=C/C=C\C/C=C\C/C=C\CCCC(=O)[O-]	JSFATNQSLKRBCI-VAEKSGALSA-M
15(S)-HETrE	CCCCC[C@H](O)/C=C/C=C\C/C=C\CCCCCCC(=O)O	IUKXMNDGTWTNTP-OAHXIXLCSA-N
15(S)-HPETE	CCCCC[C@@H](/C=C/C=C\C/C=C\C/C=C\CCCC(=O)O)OO	BFWYTORDSFIVKP-VAEKSGALSA-N
15(S)-HpEPE	CC/C=C\CC(/C=C/C=C\C/C=C\C/C=C\CCCC(=O)O)OO	FPMFSFWYWZLDKP-XWJJKCKWSA-N
15-dehydro-prostaglandin D2	CCCCCC(=O)/C=C/[C@H]1C(=O)C[C@H](O)[C@@H]1C/C=C\CCCC(=O)[O-]	XEQAHADLFLAPQL-RBIQQSKKSA-M
15-deoxy-PGD2	CCCCCC=CC=C1C(C(CC1=O)O)CC=CCCCC(=O)O	QUGBPWLPAUHDTI-PLGLXCLHSA-N
15-deoxy-delta-12,14-PGD2	CCCCCC=CC=C1C(C(CC1=O)O)CC=CCCCC(=O)O	QUGBPWLPAUHDTI-PLGLXCLHSA-N
15-deoxy-delta-12,14-PGJ2	CCCCC/C=C/C=C1/C(=O)C=C[C@@H]1C/C=C\CCCC(=O)[O-]	VHRUMKCAEVRUBK-GODQJPCRSA-M
15-deoxy-prostaglandin J2	CCCCCC=CC=C1C(C=CC1=O)CC=CCCCC(=O)O	VHRUMKCAEVRUBK-GODQJPCRSA-N
15-epi-lipoxin A4	CCCCCC(C=CC=CC=CC=CC(C(CCCC(=O)O)O)O)O	IXAQOQZEOGMIQS-JEWNPAEBSA-N
15-epi-lipoxin A5	CCC=CC[C@H](O)/C=C/[C@H]1[C@H](O)CC(=O)[C@@H]1CC=CCCCC(=O)[O-]	CBOMORHDRONZRN-LVJYDSGRSA-M
15-epi-lipoxin B4	CCCCCC(C(C=CC=CC=CC=CC(CCCC(=O)O)O)O)O	UXVRTOKOJOMENI-SKYGSKSRSA-N
15-epi-lipoxin B5	CC/C=C\C[C@@H](O)[C@H](O)/C=C/C=C/C=C\C=C\[C@H](O)CCCC(=O)O	VLLDKSJDBRLUOY-XIFXWWOOSA-N
15-keto-prostaglandin F2alpha	CCCCCC(=O)C=CC1C(CC(C1CC=CCCCC(=O)O)O)O	LOLJEILMPWPILA-AMFHKTBMSA-N
15-oxo-lipoxin A4	CCCCCC(=O)C=CC=CC=CC=CC(C(CCCC(=O)O)O)O	KMQGFEBCBYXSPZ-LGJFVLQCSA-N
15-oxoETE	CCCCCC(=O)/C=C/C=C\C/C=C\C/C=C\CCCC(=O)[O-]	YGJTUEISKATQSM-USWFWKISSA-M
15-oxoprostaglandin E2	CCCCCC(=O)/C=C/[C@H]1[C@H](O)CC(=O)[C@@H]1C/C=C\CCCC(=O)[O-]	YRTJDWROBKPZNV-KMXMBPPJSA-M
15H-11,12-EETA	CCCCC[C@H](O)/C=C/C1OC1C/C=C\C/C=C\CCCC(=O)O	GELFSVXLSDZDHE-YZSNCDGGSA-N
16(R)-HETE	CCCC[C@@H](O)/C=C\C/C=C\C/C=C\C/C=C\CCCC(=O)[O-]	JEKNPVYFNMZRJG-STHMYGMFSA-M
16(S)-hydroxy-18-oxo-18-CoA-LTE4	CC(C)(COP(=O)(O)OP(=O)(O)OCC1C(C(C(O1)N2C=NC3=C(N=CN=C32)N)O)OP(=O)(O)O)C(C(=O)NCCC(=O)NCCSC(=O)CC(CCCC=CC=CC=CC(C(CCCC(=O)O)O)SCC(C(=O)O)N)O)O	APLMMNVXTIRDHJ-HUPHXZBFSA-N
16,18-oxo-18-CoA-dinor-LTE4	CC(C)(COP(=O)(O)OP(=O)(O)OCC1C(C(C(O1)N2C=NC3=C(N=CN=C32)N)O)OP(=O)(O)O)C(C(=O)NCCC(=O)NCCSC(=O)CC(=O)CCCC=CC=CC=CC(C(CCCC(=O)O)O)SCC(C(=O)O)N)O	IPTNGKBINTWILB-HUPHXZBFSA-N
16-glucuronide-estriol	CC12CCC3C(C1CC(C2O)OC4C(C(C(C(O4)C(=O)O)O)O)O)CCC5=C3C=CC(=C5)O	FQYGGFDZJFIDPU-JRSYHJKYSA-N
16-hydroxyhexadecanoic acid	O=C([O-])CCCCCCCCCCCCCCCO	UGAGPNKCDRTDHP-UHFFFAOYSA-M
16-peroxy-docosahexaenoate	CC/C=C/C=C/C(C/C=C/C/C=C/C/C=C/C/C=C/CCC(=O)[O-])OO	CKZSGIYGQCNFBU-YCKILXMLSA-M
16alpha-hydroxydehydroepiandrosterone	C[C@]12CC[C@H]3[C@@H](CC=C4C[C@@H](O)CC[C@@]43C)[C@@H]1C[C@@H](O)C2=O	QQIVKFZWLZJXJT-DNKQKWOHSA-N
16alpha-hydroxyestrone	C[C@]12CC[C@@H]3c4ccc(O)cc4CC[C@H]3[C@@H]1C[C@@H](O)C2=O	WPOCIZJTELRQMF-QFXBJFAPSA-N
16e-18-oxo-18-CoA-dinor-LTE4	CC(C)(COP(=O)(O)OP(=O)(O)OCC1C(C(C(O1)N2C=NC3=C(N=CN=C32)N)O)OP(=O)(O)O)C(C(=O)NCCC(=O)NCCSC(=O)C=CCCCC=CC=CC=CC(C(CCCC(=O)O)O)SCC(C(=O)O)N)O	UNMYUSONOSUPAJ-IULMANHKSA-N
17-HETE	CCCC(O)C/C=C\C/C=C\C/C=C\C/C=C\CCCC(=O)[O-]	OPPIPPRXLIDJKN-JPURVOHMSA-M
17-hydroperoxy-H4-neuroprostane	CC/C=C\CC(/C=C/[C@H]1C2CC(OO2)[C@@H]1CC=CC/C=C\CCC(=O)[O-])OO	XSYYKXJCJWVDMD-DRUKYYDMSA-M
17-hydroxy-D4-neuroprostane	CC/C=C\CC(O)/C=C/[C@H]1C(=O)CC(O)[C@H]1C/C=C\C/C=C\CCC(=O)[O-]	WGWLXYZABPWUEU-AZEUNIAMSA-M
17-hydroxy-E4-neuroprostane	CCC=CCC(C=CC1C(CC(=O)C1CC=CCC=CCCC(=O)O)O)O	ULILMUUUHYDFOW-HOGCIABESA-N
17-peroxy-docosahexaenoate	CC/C=C/CC(/C=C/C=C/C/C=C/C/C=C/C/C=C/CCC(=O)[O-])OO	BNHQALRBDJVUQB-NGJSVXFXSA-M
17alpha,20alpha-dihydroxycholesterol	CC(C)CCC[C@@](C)(O)[C@@]1(O)CC[C@H]2[C@@H]3CC=C4C[C@@H](O)CC[C@]4(C)[C@H]3CC[C@@]21C	PRZXKPDANWDCNC-IBQHSZKZSA-N
17alpha,21-dihydroxypregnenolone	C[C@]12CC[C@H]3[C@@H](CC=C4C[C@@H](O)CC[C@@]43C)[C@@H]1CC[C@]2(O)C(=O)CO	JNHJGXQUDOYJAK-IYRCEVNGSA-N
17alpha-hydroxypregnenolone	CC(=O)[C@@]1(O)CC[C@H]2[C@@H]3CC=C4C[C@@H](O)CC[C@]4(C)[C@H]3CC[C@@]21C	JERGUCIJOXJXHF-TVWVXWENSA-N
17alpha-hydroxypregnenolone sulfate	CC(=O)C1(CCC2C1(CCC3C2CC=C4C3(CCC(C4)OS(=O)(=O)O)C)C)O	OMOKWYAQVYBHMG-QUPIPBJSSA-N
17alpha-hydroxyprogesterone	CC(=O)[C@@]1(O)CC[C@H]2[C@@H]3CCC4=CC(=O)CC[C@]4(C)[C@H]3CC[C@@]21C	DBPWSSGDRRHUNT-CEGNMAFCSA-N
17beta-estradiol-2,3-quinone	C[C@]12CC[C@H]3C4=CC(=O)C(=O)C=C4CC[C@@H]3[C@H]1CC[C@@H]2O	LBSRSXWOMYPVBY-LRDWQAQRSA-N
17beta-estradiol-3,4-quinone	C[C@]12CC[C@H]3C4=C(CC[C@@H]3[C@H]1CC[C@@H]2O)C(=O)C(=O)C=C4	XVPUMLOTNZVTSL-BLNOFITASA-N
18(R)-hydroxy-20-oxo-20-CoA-LTE4	CC(C)(COP(=O)(O)OP(=O)(O)OCC1C(C(C(O1)N2C=NC3=C(N=CN=C32)N)O)OP(=O)(O)O)C(C(=O)NCCC(=O)NCCSC(=O)CC(CCC=CCC=CC=CC=CC(C(CCCC(=O)O)O)SCC(C(=O)O)N)O)O	LTGUFAUPEHDXRQ-MMWASYCDSA-N
18-COOH-(16E)-dinor-LTE5-CoA	CC(C)(COP(=O)([O-])OP(=O)([O-])OCC1OC(n2cnc3c(N)ncnc32)C(O)C1OP(=O)([O-])[O-])C(O)C(=O)NCCC(=O)NCCSC(=O)C=C/C=C\C/C=C\C=C\C=C\C(SC[C@H]([NH3+])C(=O)[O-])[C@@H](O)CCCC(=O)[O-]	GUAGWAIMNAPYFO-XEKBFFPISA-I
18-CoA-18-oxo-dinor-LTB4	CC(C)(COP(=O)(O)OP(=O)(O)OCC1C(C(C(O1)N2C=NC3=C(N=CN=C32)N)O)OP(=O)(O)O)C(C(=O)NCCC(=O)NCCSC(=O)CCC=CCC(C=CC=CC=CC(CCCC(=O)O)O)O)O	CQLBXHGTJMWNLT-UHFFFAOYSA-N
18-HETE	CCC(O)CC/C=C\C/C=C\C/C=C\C/C=C\CCCC(=O)[O-]	PPCHNRUZQWLEMF-XBOCNYGYSA-M
18-hydroxy-all-trans-retinoate	CC(=CC=CC(=CC(=O)O)C)C=CC1=C(CCCC1(C)C)CO	XSJOIRFEYHJNAW-FCKHSPHMSA-N
18-hydroxy-arachidonate	CC[C@@H](O)CC/C=C\C/C=C\C/C=C\C/C=C\CCCC(=O)[O-]	PPCHNRUZQWLEMF-LFFPGIGVSA-M
18-hydroxycorticosterone	C[C@]12CCC(=O)C=C1CC[C@@H]1[C@@H]2[C@@H](O)C[C@]2(CO)[C@@H](C(=O)CO)CC[C@@H]12	HFSXHZZDNDGLQN-ZVIOFETBSA-N
19(S)-HETE	C[C@H](O)CCC/C=C\C/C=C\C/C=C\C/C=C\CCCC(=O)O	XFUXZHQUWPFWPR-DZBJBCEBSA-N
19-Hydroxyandrost-4-Ene-3,17-Dione	CC12CCC3C(C1CCC2=O)CCC4=CC(=O)CCC34CO	XGUHPTGEXRHMQQ-BGJMDTOESA-N
19-hydroxy-(5Z,8Z,11Z)-eicosatrienoate	CC(O)CCCCCC/C=C\C/C=C\C/C=C\CCCC(=O)[O-]	GXGFNSDOYGEKLT-OFROGHSZSA-M
19-hydroxy-(5Z,8Z,11Z,14Z,17Z)-eicosapentaenoate	CC(O)/C=C\C/C=C\C/C=C\C/C=C\C/C=C\CCCC(=O)[O-]	SQEKYOLLXDEHLF-LJFNSOSFSA-M
19-hydroxyandrostenedione	C[C@]12CC[C@H]3[C@@H](CCC4=CC(=O)CC[C@@]43CO)[C@@H]1CCC2=O	XGUHPTGEXRHMQQ-BGJMDTOESA-N
19-hydroxytestosterone	CC12CCC3C(C1CCC2O)CCC4=CC(=O)CCC34CO	YLTCTXBDDHSLCS-KOUJMVCDSA-N
19-oxo-testosterone	C[C@]12CC[C@H]3[C@@H](CCC4=CC(=O)CC[C@@]43C=O)[C@@H]1CC[C@@H]2O	TXNCGXATKOMEQC-KOUJMVCDSA-N
19-oxoandrostenedione	CC12CCC3C(C1CCC2=O)CCC4=CC(=O)CCC34C=O	XRCFMDPVHKVRDJ-BGJMDTOESA-N
1D-myo-inositol-1,3,4,5,6-pentakisphosphate	O=P(O)(O)O[C@@H]1[C@@H](OP(=O)(O)O)[C@H](OP(=O)(O)O)[C@H](O)[C@H](OP(=O)(O)O)[C@H]1OP(=O)(O)O	CTPQAXVNYGZUAJ-KXXVROSKSA-N
1D-myo-inositol-1,3,4,5-tetrakisphosphate	O=P(O)(O)O[C@H]1[C@H](O)[C@@H](OP(=O)(O)O)[C@H](OP(=O)(O)O)[C@@H](OP(=O)(O)O)[C@H]1O	CIPFCGZLFXVXBG-CNWJWELYSA-N
1D-myo-inositol-1,3,4,6-tetrakisphosphate	O=P(O)(O)O[C@@H]1[C@@H](O)[C@H](OP(=O)(O)O)[C@@H](OP(=O)(O)O)[C@@H](O)[C@H]1OP(=O)(O)O	ZAWIXNGTTZTBKV-JMVOWJSSSA-N
1D-myo-inositol-1,3,4-trisphosphate	O=P(O)(O)O[C@H]1[C@H](O)[C@@H](O)[C@H](OP(=O)(O)O)[C@@H](OP(=O)(O)O)[C@H]1O	MMWCIQZXVOZEGG-MLQGYMEPSA-N
1D-myo-inositol-1,4,5,6-tetrakisphosphate	O=P(O)(O)O[C@@H]1[C@@H](OP(=O)(O)O)[C@H](OP(=O)(O)O)[C@@H](O)[C@@H](O)[C@H]1OP(=O)(O)O	MRVYFOANPDTYBY-YORTWTKJSA-N
1D-myo-inositol-1,4-bisphosphate	O=P(O)(O)O[C@H]1[C@H](O)[C@@H](O)[C@H](OP(=O)(O)O)[C@@H](O)[C@H]1O	PELZSPZCXGTUMR-RTPHHQFDSA-N
1D-myo-inositol-3,4,5,6-tetrakisphosphate	O=P(O)(O)O[C@H]1[C@H](OP(=O)(O)O)[C@@H](OP(=O)(O)O)[C@@H](O)[C@@H](O)[C@@H]1OP(=O)(O)O	MRVYFOANPDTYBY-UZAAGFTCSA-N
1D-myo-inositol-3,4-bisphosphate	O=P(O)(O)O[C@H]1[C@H](O)[C@@H](O)[C@H](O)[C@H](O)[C@@H]1OP(=O)(O)O	MCKAJXMRULSUKI-CNWJWELYSA-N
1D-myo-inositol-3-phosphate	O=P(O)(O)O[C@@H]1[C@@H](O)[C@H](O)[C@@H](O)[C@H](O)[C@@H]1O	INAPMGSXUVUWAF-PTQMNWPWSA-N
1D-myo-inositol-4-phosphate	O=P([O-])([O-])O[C@@H]1[C@@H](O)[C@@H](O)[C@@H](O)[C@H](O)[C@H]1O	INAPMGSXUVUWAF-CNWJWELYSA-L
1a,11b-dihydro-4,9-dimethylbenz[a]anthra[3,4-b]oxirene	Cc1c2ccccc2c(C)c2c3c(ccc12)C1OC1C=C3	UZKWBBZEYBCHIN-UHFFFAOYSA-N
2(R),6-dimethyl-heptanoyl-CoA	CC(C)CCC[C@@H](C)C(=O)SCCNC(=O)CCNC(=O)[C@H](O)C(C)(C)COP(=O)([O-])OP(=O)([O-])OC[C@H]1O[C@@H](n2cnc3c(N)ncnc32)[C@H](O)[C@@H]1OP(=O)([O-])[O-]	GPXWBKWDXPBLKS-NHZRKUKBSA-J
2(S),6-dimethyl-heptanoyl-CoA	CC(C)CCC[C@H](C)C(=O)SCCNC(=O)CCNC(=O)[C@H](O)C(C)(C)COP(=O)([O-])OP(=O)([O-])OC[C@H]1O[C@@H](n2cnc3c(N)ncnc32)[C@H](O)[C@@H]1OP(=O)([O-])[O-]	GPXWBKWDXPBLKS-WDMCVEARSA-J
2(S)-pristanal	CC(C)CCCC(C)CCCC(C)CCCC(C)C=O	IZJRIIWUSIGEAJ-UHFFFAOYSA-N
2,2-dichloro-1,1-ethanediol	OC(O)C(Cl)Cl	RUUBIFVWPACNLY-UHFFFAOYSA-N
2,2-dichloroacetaldehyde	O=CC(Cl)Cl	NWQWQKUXRJYXFH-UHFFFAOYSA-N
2,3-Dihydro-1H-Indole-5,6-Dione	C1CNC2=CC(=O)C(=O)C=C21	XDEURYRPQDIBSL-UHFFFAOYSA-N
2,3-Epoxy-Alpha-Tocopheryl Quinone	CC1=C(C)C(=O)C2(CC[C@](C)(O)CCC[C@@H](C)CCC[C@@H](C)CCCC(C)C)OC2(C)C1=O	HVYBSPVYLDVWGS-MSJFMHLMSA-N
2,3-bisphospho-D-glycerate	O=C([O-])[C@@H](COP(=O)([O-])[O-])OP(=O)([O-])[O-]	XOHUEYCVLUUEJJ-UWTATZPHSA-I
2,3-cyclic-UMP	O=c1ccn([C@@H]2O[C@H](CO)[C@H]3OP(=O)([O-])O[C@H]32)c(=O)[nH]1	HWDMHJDYMFRXOX-XVFCMESISA-M
2,3-dihydro-2-S-glutathionyl-3-hydroxy bromobenzene	C1=CC(C(C(=C1)Br)SCC(C(=O)NCC(=O)O)NC(=O)CCC(C(=O)O)N)O	BYHFLDCNLZPMDY-PXAOEZFJSA-N
2,3-diketo-5-methylthiopentyl-1-phosphate	CSCCC(=O)C(=O)COP(=O)([O-])[O-]	HKEAOVFNWRDVAJ-UHFFFAOYSA-L
2,3-diketo-L-gulonate	O=C(O)C(=O)C(=O)[C@H](O)[C@@H](O)CO	GJQWCDSAOUMKSE-STHAYSLISA-N
2,3-epoxy-2,3-dihydro-2-methyl-3-phytyl-1,4-naphthoquinone	C/C(=C\CC12OC1(C)C(=O)c1ccccc1C2=O)CCC[C@H](C)CCC[C@H](C)CCCC(C)C	KUTXFBIHPWIDJQ-HBDFACPTSA-N
2,5-diamino-6-(5-triphosphoryl-3,4-trihydroxy-2-oxopentyl)-amino-4-oxopyrimidine	Nc1nc(NCC(=O)C(O)C(O)COP(=O)(O)OP(=O)(O)OP(=O)(O)O)c(N)c(=O)[nH]1	ZJYBJXKSWQPKFW-UHFFFAOYSA-N
2,5-diaminopyrimidine nucleoside triphosphate	C(C1C(C(C(O1)NC2=C(C(=O)NC(=N2)N)N)O)O)OP(=O)(O)OP(=O)(O)OP(=O)(O)O	CRXOALRUOMUPMC-UMMCILCDSA-N
2,5-dihydroxybenzoate	O=C([O-])c1cc(O)ccc1O	WXTMDXOMEHJXQO-UHFFFAOYSA-M
2,6-Dimethyl Heptanoyl Coenzyme A	CC(C)CCCC(C)C(=O)SCCNC(=O)CCNC(=O)[C@H](O)C(C)(C)COP(=O)([O-])OP(=O)([O-])OC[C@H]1O[C@@H](n2cnc3c(N)ncnc32)[C@H](O)[C@@H]1OP(=O)([O-])[O-]	GPXWBKWDXPBLKS-LNSOOWQSSA-J
2,6-dimethyl-trans-2-heptenoyl-CoA	COC(=O)CC(=O)CC(=O)OC	RNJOKCPFLQMDEC-UHFFFAOYSA-N
2-(1-hydroxypropyl)thiamine diphosphate	CCC(O)c1sc(CCOP(=O)(O)OP(=O)(O)O)c(C)[n+]1Cc1cnc(C)nc1N	JICPENPXPGFLJB-UHFFFAOYSA-O
2-(2-methyl-1-hydroxybutyl)thiamine diphosphate	CCC(C)C(O)c1sc(CCP(=O)(O)OP(=O)(O)O)c(C)[n+]1Cc1cnc(C)nc1N	MOEKSHHMFNQKPI-UHFFFAOYSA-O
2-(2-methyl-1-hydroxypropyl)thiamine diphosphate	Cc1ncc(C[n+]2c(C(O)C(C)C)sc(CCOP(=O)(O)OP(=O)(O)O)c2C)c(N)n1	SSYCSHKTIOHFEZ-UHFFFAOYSA-O
2-(3-methyl-1-hydroxybutyl)thiamine diphosphate	Cc1ncc(C[n+]2c(C(O)CC(C)C)sc(CCP(=O)(O)OP(=O)(O)O)c2C)c(N)n1	FNWPWAAIDUNOEO-UHFFFAOYSA-O
2-(4-carboxy-1-hydroxybutyl)thiamine diphosphate	Cc1ncc(C[n+]2c(C(O)CCCC(=O)O)sc(CCP(=O)(O)OP(=O)(O)O)c2C)c(N)n1	RMJMACNCPLOAAZ-UHFFFAOYSA-O
2-(S-glutathionyl)acetyl chloride	C(CC(=O)NC(CSCC(=O)Cl)C(=O)NCC(=O)O)C(C(=O)O)N	QUWRSBQWJGCKIV-BQBZGAKWSA-N
2-(S-glutathionyl)acetyl glutathione	C(CC(=O)NC(CSCC(=O)SCC(C(=O)NCC(=O)O)NC(=O)CCC(C(=O)O)N)C(=O)NCC(=O)O)C(C(=O)O)N	QEJUVDVAWJBQIG-CYDGBPFRSA-N
2-(alpha-hydroxyethyl)thiamine-diphosphate	Cc1ncc(C[n+]2c(C(C)O)sc(CCOP(=O)([O-])OP(=O)([O-])[O-])c2C)c(N)n1	RRUVJGASJONMDY-UHFFFAOYSA-L
2-Decaprenyl-5-Hydroxy-6-Methoxy-3-Methyl-1,4-Benzoquinone	CC1=C(C(=O)C(=C(C1=O)O)OC)CC=C(C)CCC=C(C)CCC=C(C)CCC=C(C)CCC=C(C)CCC=C(C)CCC=C(C)CCC=C(C)CCC=C(C)CCC=C(C)C	ONGWDJKIJUAIOD-AVRCVIBKSA-N
2-Decaprenyl-6-Methoxy-1,4-Benzoquinone	CC(=CCCC(=CCCC(=CCCC(=CCCC(=CCCC(=CCCC(=CCCC(=CCCC(=CCCC(=CCC1=CC(=O)C=C(C1=O)OC)C)C)C)C)C)C)C)C)C)C	POYJNCVGTDCCPK-RDSVHMIISA-N
2-Decaprenyl-6-Methoxy-3-Methyl-1,4-Benzoquinone	COC1=CC(=O)C(C)=C(C/C=C(\C)CC/C=C(\C)CC/C=C(\C)CC/C=C(\C)CC/C=C(\C)CC/C=C(\C)CC/C=C(\C)CC/C=C(\C)CC/C=C(\C)CCC=C(C)C)C1=O	DLBRMPAESNEOJM-RGIWONJESA-N
2-Hydroxy-3-Methyl-Valerate	CCC(C)C(C(=O)O)O	RILPIWOPNGRASR-RFZPGFLSSA-N
2-Hydroxyadipic Acid	C(CC(C(=O)O)O)CC(=O)O	OTTXIFWBPRRYOG-UHFFFAOYSA-N
2-Hydroxyamino-3,8-Dimethylimidazo[4,5-F]Quinoxaline	CC1=CN=C2C=CC3=C(C2=N1)N=C(N3C)NO	FVNCCTJGBOTWTM-UHFFFAOYSA-N
2-Hydroxyhexadecanal	CCCCCCCCCCCCCCC(C=O)O	BKBDVQVDRVGXKT-UHFFFAOYSA-N
2-O-acetyl-ADP-D-ribose	CC(=O)O[C@H]1C(O)O[C@H](COP(=O)([O-])OP(=O)([O-])OC[C@H]2O[C@@H](n3cnc4c(N)ncnc43)[C@H](O)[C@@H]2O)[C@H]1O	BFNOPXRXIQJDHO-YDKGJHSESA-L
2-S-glutathionyl acetate	N[C@@H](CCC(=O)N[C@@H](CSCC(=O)O)C(=O)NCC(=O)O)C(=O)O	WBINJBFJLWYSJZ-BQBZGAKWSA-N
2-Trans,6-Trans,10-Trans-Geranylgeranyl Diphosphate	CC(=CCCC(=CCCC(=CCCC(=CCOP(=O)(O)OP(=O)(O)O)C)C)C)C	OINNEUNVOZHBOX-QIRCYJPOSA-N
2-acetyl-1-alkyl-sn-glycero-3-phosphocholine	CC(=O)O[C@H](CO[*])COP(=O)([O-])OCC[N+](C)(C)C	
2-acyl-1-alkyl-sn-glycero-3-phosphate	[*]OC[C@H](COP(=O)([O-])[O-])OC([*])=O	QFUDPXDNAASXOL-SCSAIBSYSA-N
2-amino-3-carboxymuconate semialdehyde	N/C(C(=O)O)=C(/C=C\C=O)C(=O)O	KACPVQQHDVBVFC-OIFXTYEKSA-N
2-amino-3-oxoadipate	NC(C(=O)O)C(=O)CCC(=O)O	HXWZRYKURKEOSO-UHFFFAOYSA-N
2-aminoadipate 6-semialdehyde	NC(CCCC=O)C(=O)O	GFXYTQPNNXGICT-UHFFFAOYSA-N
2-aminoethylphosphonate	[NH3+]CCP(=O)([O-])O	QQVDJLLNRSOCEL-UHFFFAOYSA-N
2-aminomuconate	[H]C(=CC=C(N)C(=O)O)C(=O)O	ZRHONLCTYUYMIQ-UHFFFAOYSA-N
2-aminomuconate semialdehyde	[H]C(=O)/C=C\C=C(\N)C(=O)O	QCGTZPZKJPTAEP-REDYYMJGSA-N
2-arachidonoylglycerol	CCCCC/C=C\C/C=C\C/C=C\C/C=C\CCCC(=O)OC(CO)CO	RCRCTBLIHCHWDZ-DOFZRALJSA-N
2-bromoacetaldehyde	O=CCBr	NMPVEAUIHMEAQP-UHFFFAOYSA-N
2-bromophenol	Oc1ccccc1Br	VADKRMSMGWJZCF-UHFFFAOYSA-N
2-carboxy-2,3-dihydro-5,6-dihydroxyindole	O=C(O)[C@@H]1Cc2cc(O)c(O)cc2N1	JDWYRSDDJVCWPB-LURJTMIESA-N
2-deoxy-D-ribose-1-phosphate	O=P(O)(O)OC1C[C@H](O)[C@@H](CO)O1	KBDKAJNTYKVSEK-PYHARJCCSA-N
2-deoxy-D-ribose-5-phosphate	O=CC[C@H](O)[C@H](O)COP(=O)(O)O	ALQNUOMIEBHXQG-CRCLSJGQSA-N
2-hydroxy-17beta-estradiol-1-S-glutathione	C[C@]12CCC3c4c(cc(O)c(O)c4SCC(NC(=O)CC[C@H]([NH3+])C(=O)[O-])C(=O)NCC(=O)[O-])CCC3C1CC[C@@H]2O	RJWRZPLAJHOFTD-VPMSSODUSA-M
2-hydroxy-17beta-estradiol-4-S-glutathione	C[C@]12CCC3c4cc(O)c(O)c(SC[C@H](NC(=O)CCC([NH3+])C(=O)[O-])C(=O)NCC(=O)[O-])c4CCC3C1CC[C@@H]2O	RCTUXLCVWTYQMR-MTWSBYMSSA-M
2-hydroxy-3-(4-hydroxyphenyl)propenoate	O=C([O-])C(=O)Cc1ccc(O)cc1	KKADPXVIOXHVKN-UHFFFAOYSA-M
2-hydroxy-3-methoxy-17beta-estradiol	CC12CCC3C(C1CCC2O)CCC4=CC(=C(C=C34)O)OC	MMKYSUOJWFKECQ-SSTWWWIQSA-N
2-hydroxy-3-methoxyestrone	CC12CCC3C(C1CCC2=O)CCC4=CC(=C(C=C34)O)OC	YBCPNMOFBUWYTP-ACOLZQMSSA-N
2-hydroxy-3-oxopropanoate	O=CC(O)C(=O)[O-]	QWBAFPFNGRFSFB-UHFFFAOYSA-M
2-hydroxy-3-phenylpropenoate	C1=CC=C(C=C1)C=C(C(=O)O)O	DEDGUGJNLNLJSR-VURMDHGXSA-N
2-hydroxybutyrate	CCC(O)C(=O)O	AFENDNXGAFYKQO-UHFFFAOYSA-N
2-hydroxyestradiol-17beta	C[C@]12CC[C@@H]3c4cc(O)c(O)cc4CC[C@H]3[C@@H]1CC[C@@H]2O	DILDHNKDVHLEQB-XSSYPUMDSA-N
2-hydroxyestrone	C[C@]12CC[C@@H]3c4cc(O)c(O)cc4CC[C@H]3[C@@H]1CCC2=O	SWINWPBPEKHUOD-JPVZDGGYSA-N
2-hydroxyestrone-1-S-glutathione	C[C@]12CCC3c4c(cc(O)c(O)c4SC[C@@H](NC(=O)CC[C@@H]([NH3+])C(=O)[O-])C(=O)NCC(=O)[O-])CCC3C1CCC2=O	DGWRLJJHHOOYBF-DVFAMAHMSA-M
2-hydroxyestrone-4-S-glutathione	C[C@]12CCC3c4cc(O)c(O)c(SC[C@@H](NC(=O)CC[C@@H]([NH3+])C(=O)[O-])C(=O)NCC(=O)[O-])c4CCC3C1CCC2=O	ZKSQMGPMDHYFMB-GEAYSQNSSA-M
2-hydroxyglutarate	O=C(O)CCC(O)C(=O)O	HWXBTNAVRSUOJR-UHFFFAOYSA-N
2-hydroxyphenylacetate	O=C([O-])Cc1ccccc1O	CCVYRRGZDBSHFU-UHFFFAOYSA-M
2-lysolecithin pool	C[N+](C)(C)CCOP(=O)(O)OC[C@H](O)COC([*])=O	
2-methoxy-6-(all-trans-decaprenyl)phenol	COc1cccc(C/C=C(\C)CC/C=C(\C)CC/C=C(\C)CC/C=C(\C)CC/C=C(\C)CC/C=C(\C)CC/C=C(\C)CC/C=C(\C)CC/C=C(\C)CCC=C(C)C)c1O	FYLLWSGFAAQKHU-GBBROCKZSA-N
2-methoxy-6-all trans-decaprenyl-2-methoxy-1,4-benzoquinol	COc1cc(O)cc(C/C=C(\C)CC/C=C(\C)CC/C=C(\C)CC/C=C(\C)CC/C=C(\C)CC/C=C(\C)CC/C=C(\C)CC/C=C(\C)CC/C=C(\C)CCC=C(C)C)c1O	LIOKNOIJMJKVCG-RDSVHMIISA-N
2-methoxyestradiol-17beta	COc1cc2c(cc1O)CC[C@@H]1[C@@H]2CC[C@]2(C)[C@@H](O)CC[C@@H]12	CQOQDQWUFQDJMK-SSTWWWIQSA-N
2-methoxyestrone	COc1cc2c(cc1O)CC[C@@H]1[C@@H]2CC[C@]2(C)C(=O)CC[C@@H]12	WHEUWNKSCXYKBU-QPWUGHHJSA-N
2-methyl-3-oxopropanoate	CC(C=O)C(=O)[O-]	VOKUMXABRRXHAR-UHFFFAOYSA-M
2-methylacetoacetyl-CoA	CC(=O)C(C)C(=O)SCCNC(=O)CCNC(=O)[C@H](O)C(C)(C)COP(=O)(O)OP(=O)(O)OC[C@H]1O[C@@H](n2cnc3c(N)ncnc32)[C@H](O)[C@@H]1OP(=O)(O)O	NHNODHRSCRALBF-NQNBQJKNSA-N
2-methylbutyryl-CoA	CCC(C)C(=O)SCCNC(=O)CCNC(=O)[C@H](O)C(C)(C)COP(=O)(O)OP(=O)(O)OC[C@H]1O[C@@H](n2cnc3c(N)ncnc32)[C@H](O)[C@@H]1OP(=O)(O)O	LYNVNYDEQMMNMZ-XGXNYEOVSA-N
2-methylbutyrylglycine	CCC(C)C(=O)NCC(=O)O	HOACIBQKYRHBOW-UHFFFAOYSA-N
2-methylcitrate	CC(C(=O)O)C(O)(CC(=O)O)C(=O)O	YNOXCRMFGMSKIJ-UHFFFAOYSA-N
2-methylglutaconic acid	C/C(=C\CC(=O)O)C(=O)O	JKGHDBJDBRBRNA-DUXPYHPUSA-N
2-methylglutaconyl-CoA	C/C(=C\CC(=O)[O-])C(=O)SCCNC(=O)CCNC(=O)C(O)C(C)(C)COP(=O)([O-])OP(=O)([O-])OCC1O[C@H](n2cnc3c(N)ncnc32)C(O)C1OP(=O)([O-])[O-]	CDVNWVJDESFYAB-OSLWTUCKSA-I
2-naphthol	Oc1ccc2ccccc2c1	JWAZRIHNYRIHIV-UHFFFAOYSA-N
2-oxo-3-methylvalerate	CCC(C)C(=O)C(=O)O	JVQYSWDUAOAHFM-UHFFFAOYSA-N
2-oxoadipate	O=C([O-])CCCC(=O)C(=O)[O-]	FGSBNBBHOZHUBO-UHFFFAOYSA-L
2-oxobutyrate	CCC(=O)C(=O)[O-]	TYEYBOSBBBHJIV-UHFFFAOYSA-M
2-oxoglutaramate	NC(=O)CCC(=O)C(=O)O	COJBGNAUUSNXHX-UHFFFAOYSA-N
2-phenylacetamide	NC(=O)Cc1ccccc1	LSBDFXRDZJMBSC-UHFFFAOYSA-N
2-phospho-D-glycerate	O=C([O-])[C@@H](CO)OP(=O)([O-])[O-]	GXIURPTVHJPJLF-UWTATZPHSA-K
2-phosphoglycolate	O=C([O-])COP(=O)([O-])[O-]	ASCFNMCAHFUBCO-UHFFFAOYSA-K
2-trans,6-trans-farnesal	CC(C)=CCC/C(C)=C/CC/C(C)=C/C=O	YHRUHBBTQZKMEX-YFVJMOTDSA-N
2-trans-4-cis-decadienoyl-CoA	CCCCC/C=C\C=C\C(=O)SCCNC(=O)CCNC(=O)[C@H](O)C(C)(C)COP(=O)([O-])OP(=O)([O-])OC[C@H]1O[C@@H](n2cnc3c(N)ncnc32)[C@H](O)[C@@H]1OP(=O)([O-])[O-]	FASAKYLWSRDQOH-IMVFQKDNSA-J
2-trans-7,10,13,16,19-all-cis-docosahexaenoyl-CoA	CCC=CCC=CCC=CCC=CCC=CCCCC=CC(=O)SCCNC(=O)CCNC(=O)C(C(C)(C)COP(=O)(O)OP(=O)(O)OCC1C(C(C(O1)N2C=NC3=C(N=CN=C32)N)O)OP(=O)(O)O)O	HGVXUTAEZALTIG-CVHRNCLZSA-N
2-trans-9,12,15,18,21-all-cis-tetracosahexaenoyl-CoA	CCC=CCC=CCC=CCC=CCC=CCCCCCC=CC(=O)SCCNC(=O)CCNC(=O)C(C(C)(C)COP(=O)(O)OP(=O)(O)OCC1C(C(C(O1)N2C=NC3=C(N=CN=C32)N)O)OP(=O)(O)O)O	MMZJVINJFSRJOK-JSBHBCGUSA-N
2-trans-9,12,15,18-all-cis-tetracosapentaenoyl-CoA	CCCCC/C=C\C/C=C\C/C=C\C/C=C\CCCCC/C=C/C(=O)SCCNC(=O)CCNC(=O)[C@H](O)C(C)(C)COP(=O)([O-])OP(=O)([O-])OC[C@H]1O[C@@H](n2cnc3c(N)ncnc32)[C@H](O)[C@@H]1OP(=O)([O-])[O-]	AVRCOFDAWHWKMB-MNTHWFIHSA-J
20-COOH-10,11-dihydro-LTB4	O=C(O)CCCC/C=C\C[C@H](O)CC/C=C/C=C\[C@H](O)CCCC(=O)O	BCZGHMCTSJAJRR-NSBXBVANSA-N
20-COOH-LTB4	O=C([O-])CCCC/C=C\C[C@@H](O)/C=C/C=C/C=C\[C@@H](O)CCCC(=O)[O-]	SXWGPVJGNOLNHT-DZLHYERWSA-L
20-COOH-LTE4	C(CCC(=O)O)CC=CCC=CC=CC=CC(C(CCCC(=O)O)O)SCC(C(=O)O)N	HVLRBLGTGJGVCX-RHSCJZQUSA-N
20-OH-10,11-dihydro-LTB4	O=C([O-])CCC[C@H](O)/C=C\C=C\CC[C@H](O)C/C=C\CCCCCO	XDXPWMISTPZJGX-XMIRPJDESA-M
20-OH-LTB4	O=C(O)CCC[C@H](O)/C=C\C=C\C=C\[C@H](O)C/C=C\CCCCCO	PTJFJXLGRSTECQ-PSPARDEHSA-N
20-OH-hepoxilin A3	O=C([O-])CCCC=CC[C@@H](O)C=CC1O[C@H]1CC=CCCCCCO	LZVJZZFRMLGREZ-YTYFACEESA-M
20-dihydroxy-LTB4	C(CCC(O)O)CC=CCC(C=CC=CC=CC(CCCC(=O)O)O)O	ZZSBUQYGAPWEOJ-VFLUTPEKSA-N
20-hydroperoxy-H4-neuroprostane	CCC(/C=C/[C@H]1C2CC(OO2)[C@H]1C/C=C\C/C=C\C/C=C\CCC(=O)[O-])OO	YPAIJQRSSHCPIA-YPLHIKBESA-M
20-hydroxy-5S-HETE	O=C([O-])CCC[C@@H](O)C=CC=CCC=CCC=CCCCCCO	IWYJGYZCHKEPCK-IBGZPJMESA-M
20-hydroxy-D4-neuroprostane	CCC(O)/C=C/[C@H]1C(=O)CC(O)[C@H]1C/C=C\C/C=C\C/C=C\CCC(=O)[O-]	FUDAOIJHCQWTIE-LXOMGHNTSA-M
20-hydroxy-E4-neuroprostane	CCC(C=CC1C(CC(=O)C1CC=CCC=CCC=CCCC(=O)O)O)O	BIHPRUQXOKWQGU-KBUBQVDUSA-N
20-hydroxy-LTB5	O=C([O-])CCC[C@H](O)/C=C\C=C\C=C\[C@H](O)C/C=C\C/C=C\CCO	HWTDXMKSMSSMRU-JXSADARNSA-M
20-hydroxy-LTE4	N[C@@H](CS[C@H](/C=C/C=C/C=C\C/C=C\CCCCCO)[C@@H](O)CCCC(=O)O)C(=O)O	BJRMBXPQAMDCMG-CMJQBAFXSA-N
20-hydroxycholesterol	CC(C)CCC[C@](C)(O)[C@H]1CC[C@H]2[C@@H]3CC=C4C[C@@H](O)CC[C@]4(C)[C@H]3CC[C@@]21C	MCKLJFJEQRYRQT-APGJSSKUSA-N
20-oxo-(5Z,8Z,11Z,14Z)-eicosatetraenoate	O=CCCCC/C=C\C/C=C\C/C=C\C/C=C\CCCC(=O)[O-]	IDPOCGHKMNIWBB-DTLRTWKJSA-M
20-oxo-LTB4	C(CCC=O)CC=CCC(C=CC=CC=CC(CCCC(=O)O)O)O	LVLQYGYNBVIONY-PSPARDEHSA-N
20-oxo-LTE4	C(CCC=O)CC=CCC=CC=CC=CC(C(CCCC(=O)O)O)SCC(C(=O)O)N	DXFWBOQUFGDWDP-CMJQBAFXSA-N
20-trihydroxy-LTB4	C(CCC(O)(O)O)CC=CCC(C=CC=CC=CC(CCCC(=O)O)O)O	UZWWTCBNUQJEPB-QAASZIRWSA-N
20alpha,22beta dihydroxycholesterol	CC(C)CC[C@@H](O)[C@](C)(O)[C@H]1CC[C@H]2[C@@H]3CC=C4C[C@@H](O)CC[C@]4(C)[C@H]3CC[C@@]21C	ISBSSBGEYIBVTO-TYKWNDPBSA-N
20alpha-hydroxy-4-pregnen-3-one	C[C@@H](O)[C@H]1CC[C@H]2[C@@H]3CCC4=CC(=O)CC[C@]4(C)[C@H]3CC[C@@]21C	RWBRUCCWZPSBFC-SJOKZOANSA-N
21-deoxycortisol	CC(=O)C1(CCC2C1(CC(C3C2CCC4=CC(=O)CCC34C)O)C)O	LCZBQMKVFQNSJR-UJPCIWJBSA-N
21-hydroxy-(4Z,7Z,10Z,13Z,16Z,19Z)-docosahexaenoate	CC(O)/C=C\C/C=C\C/C=C\C/C=C\C/C=C\C/C=C\CCC(=O)[O-]	IXAMNXQQWDOFMN-NZONWQNASA-M
21-hydroxyallopregnanolone	CC12CCC(CC1CCC3C2CCC4(C3CCC4C(=O)CO)C)O	CYKYBWRSLLXBOW-GDYGHMJCSA-N
21-hydroxypregnenolone	C[C@]12CC[C@H]3[C@@H](CC=C4C[C@@H](O)CC[C@@]43C)[C@@H]1CC[C@@H]2C(=O)CO	MOIQRAOBRXUWGN-WPWXJNKXSA-N
22-oxodocosanoate	O=CCCCCCCCCCCCCCCCCCCCCC(=O)[O-]	PYBWSGBQPKXKOQ-UHFFFAOYSA-M
22beta-hydroxycholesterol	CC(C)CC[C@H](O)[C@@H](C)[C@H]1CC[C@H]2[C@@H]3CC=C4C[C@@H](O)CC[C@]4(C)[C@H]3CC[C@@]21C	RZPAXNJLEKLXNO-QUOSNDFLSA-N
23S,25,26-trihydroxyvitamin D3	CC(CC(CC(C)(CO)O)O)C1CCC2C1(CCCC2=CC=C3CC(CCC3=C)O)C	GDIBDBUYVICGLY-VVFBGWIOSA-N
23s,25-dihydroxyvitamin D3	CC(CC(CC(C)(C)O)O)C1CCC2C1(CCCC2=CC=C3CC(CCC3=C)O)C	JVBPQHSRTHJMLM-WTHMTOCBSA-N
24(R),25(R)-Varanoyl Coenzyme A	C[C@@H](CC[C@H](O)[C@@H](C)C(=O)SCCN=C([O-])CCN=C([O-])C(O)C(C)(C)COP(=O)(O)OP(=O)(O)OC[C@@H]1O[C@H](n2cnc3c(N)ncnc32)[C@H](O)[C@@H]1OP(=O)([O-])[O-])[C@@H]1CCC2C3C(C[C@H](O)[C@]21C)C1(C)CC[C@@H](O)CC1C[C@H]3O	PXHZOQNODUPJKC-WYPPBEQDSA-J
24,25,26,27-Tetranor-23-Oxo-Hydroxyvitamin D3	CC(CC=O)C1CCC2C1(CCCC2=CC=C3CC(CC(C3=C)O)O)C	AOVGFTJYESGAEA-ZSCXDZJGSA-N
24,25-dihydrolanosterol	CC(C)CCC[C@@H](C)[C@H]1CC[C@@]2(C)C3=C(CC[C@]12C)[C@@]1(C)CC[C@H](O)C(C)(C)[C@@H]1CC3	MBZYKEVPFYHDOH-BQNIITSRSA-N
24-Oxo-25(R)-Trihydroxycoprostanoyl Coenzyme A	[H][C@@]12C[C@H](O)CC[C@]1(C)[C@@]1([H])C[C@H](O)[C@@]3(C)[C@@]([H])(CC[C@]3([H])[C@]([H])(C)CCC(=O)C(C)C(=O)SCCNC(=O)CCNC(=O)[C@H](O)C(C)(C)COP(=O)(O)OP(=O)(O)OC[C@H]3O[C@@H](n4cnc5c(N)ncnc54)[C@H](O)[C@@H]3OP(=O)(O)O)[C@]1([H])[C@H](O)C2	AWLXQJGPNLCTLM-YFXOTMPNSA-N
24-hydroxycholesterol	CC(C)[C@@H](O)CC[C@@H](C)[C@H]1CC[C@H]2[C@@H]3CC=C4C[C@@H](O)CC[C@]4(C)[C@H]3CC[C@@]21C	IOWMKBFJCNLRTC-XWXSNNQWSA-N
24-oxo-1alpha,23,25-trihydroxyvitamin D3	CC(CC(C(=O)C(C)(C)O)O)C1CCC2C1(CCCC2=CC=C3CC(CC(C3=C)O)O)C	ARRIBDAUGOLZSJ-QEEPAQDXSA-N
24-oxo-1alpha,25-dihydroxyvitamin D3	CC(CCC(=O)C(C)(C)O)C1CCC2C1(CCCC2=CC=C3CC(CC(C3=C)O)O)C	BWFQMABKLLTETH-YGQRWWDYSA-N
24R,25-dihyoxyvitamin D2	C=C1CCC(O)C/C1=C/C=C1\CCCC2(C)C1CCC2C(C)/C=C/C(C)(O)C(C)(C)O	BPEQZNMKGFTMQE-XIMRHTDJSA-N
25(R)DHCA-CoA	CC(CCC[C@@H](C)[C@H]1CC[C@H]2[C@H]3[C@H](CC[C@@]21C)[C@@]1(C)CC[C@@H](O)C[C@H]1C[C@H]3O)C(=O)SCCNC(=O)CCNC(=O)[C@H](O)C(C)(C)COP(=O)(O)OP(=O)(O)OC[C@H]1O[C@@H](n2cnc3c(N)ncnc32)[C@H](O)[C@@H]1OP(=O)(O)O	SBYLHTNKEWSLBA-UVNMPUASSA-N
25(R)THCA-CoA	[H][C@@]12C[C@H](O)CC[C@]1(C)[C@@]1([H])C[C@H](O)[C@@]3(C)[C@@]([H])(CC[C@]3([H])[C@]([H])(C)CCC[C@@H](C)C(=O)SCCNC(=O)CCNC(=O)[C@H](O)C(C)(C)COP(=O)(O)OP(=O)(O)OC[C@H]3O[C@@H](n4cnc5c(N)ncnc54)[C@H](O)[C@@H]3OP(=O)(O)O)[C@]1([H])[C@H](O)C2	MNYDLIUNNOCPHG-FJWDCHQMSA-N
25(S)THCA-CoA	[H][C@@]12C[C@H](O)CC[C@]1(C)[C@@]1([H])C[C@H](O)[C@@]3(C)[C@@]([H])(CC[C@]3([H])[C@]([H])(C)CCC[C@H](C)C(=O)SCCNC(=O)CCNC(=O)[C@H](O)C(C)(C)COP(=O)(O)OP(=O)(O)OC[C@H]3O[C@@H](n4cnc5c(N)ncnc54)[C@H](O)[C@@H]3OP(=O)(O)O)[C@]1([H])[C@H](O)C2	MNYDLIUNNOCPHG-SEGQUPMDSA-N
25-hydroxycholesterol	C[C@H](CCCC(C)(C)O)[C@H]1CC[C@H]2[C@@H]3CC=C4C[C@@H](O)CC[C@]4(C)[C@H]3CC[C@@]21C	INBGSXNNRGWLJU-ZHHJOTBYSA-N
25-hydroxyvitamin D2	CC(C=CC(C)C(C)(C)O)C1CCC2C1(CCCC2=CC=C3CC(CCC3=C)O)C	KJKIIUAXZGLUND-ICCVIKJNSA-N
25-hydroxyvitamin D3-26,23-lactol	CC(CC1CC(C(O1)O)(C)O)C2CCC3C2(CCCC3=CC=C4CC(CCC4=C)O)C	SFOPTSUKUQDFIB-LSTZBGQISA-N
25-hydroxyvitamin D3-26,23-lactone	CC(CC1CC(C(=O)O1)(C)O)C2CCC3C2(CCCC3=CC=C4CC(CCC4=C)O)C	IJNDMZIDDKVXHR-MYEQSZOMSA-N
26-hydroxycholesterol	CC(CCCC(C)C1CCC2C1(CCC3C2CC=C4C3(CCC(C4)O)C)C)CO	FYHRJWMENCALJY-CCDZVGGQSA-N
27-hydroxycholesterol	CC(CCCC(C)C1CCC2C1(CCC3C2CC=C4C3(CCC(C4)O)C)C)CO	FYHRJWMENCALJY-YSQMORBQSA-N
27Alpha-Hydroxy-8-Dehydrocholesterol	CC(CCCC(C)C1CCC2C1(CCC3=C2CC=C4C3(CCC(C4)O)C)C)CO	WGJXMUYDCGMVJH-VGABTXQKSA-N
27alpha-hydroxy-7-dehydrocholesterol	CC(CO)CCC[C@@H](C)[C@H]1CC[C@@H]2C3=CC=C4C[C@@H](O)CC[C@]4(C)C3CC[C@@]21C	GNWMMBWMZLEFJT-KXVNWASDSA-N
3(S),10(R)-OH-octadeca-6-trans-4,12-cis-trienoyl-CoA	CCCCC/C=C\CC(O)CC/C=C/C=C\[C@@H](O)CC(=O)SCCNC(=O)CCNC(=O)C(O)C(C)(C)COP(=O)([O-])OP(=O)([O-])OCC1O[C@H](n2cnc3c(N)ncnc32)C(O)C1OP(=O)([O-])[O-]	NWGGHDWYXJUVMO-VUWTWQKASA-J
3(S),12(R)-dihydroxy-5-oxo-eicosa-(8E,10E,14Z)-trienoyl-CoA	CCCCCC=CC[C@@H](O)C=CC=CCCC(=O)C[C@H](O)CC(=O)SCCN=C([O-])CCN=C([O-])C(O)C(C)(C)COP(=O)(O)OP(=O)(O)OC[C@@H]1O[C@H](n2cnc3c(N)ncnc32)[C@H](O)[C@@H]1OP(=O)([O-])[O-]	MTOULHSNAKRXGD-YCGRRFPFSA-J
3(S),12(S)-dihydroxy-5-oxo-eicosa-(8E,10E,14Z)-trienoyl-CoA	CCCCCC=CC[C@H](O)C=C/C=C/CCC(=O)CC(O)CC(=O)SCCNC(=O)CCNC(=O)C(O)C(C)(C)COP(=O)([O-])OP(=O)([O-])OCC1O[C@H](n2cnc3c(N)ncnc32)C(O)C1OP(=O)([O-])[O-]	MTOULHSNAKRXGD-PZBYHPJNSA-J
3(S)-Hydroxy-Cis-9-Octadecenoyl Coenzyme A	CCCCCCCC/C=C\CCCCCC(O)CC(=O)SCCNC(=O)CCNC(=O)C(O)C(C)(C)COP(=O)([O-])OP(=O)([O-])OCC1O[C@H](n2cnc3c(N)ncnc32)C(O)C1OP(=O)([O-])[O-]	LHAYYTCFPMUQNR-WNBYKCIMSA-J
3(S)-Phytanoyl Coenzyme A	CC(C)CCC[C@@H](C)CCC[C@@H](C)CCCC(C)CC(=O)SCCNC(=O)CCNC(=O)C(O)C(C)(C)COP(=O)([O-])OP(=O)([O-])OCC1O[C@H](n2cnc3c(N)ncnc32)C(O)C1OP(=O)([O-])[O-]	NRJQGHHZMSOUEN-GHNRCNJJSA-J
3(S)-hydroxy-(5Z,8Z)-tetradecadienoyl-CoA	CCCCC/C=C\C/C=C\CC(O)CC(=O)SCCNC(=O)OCNC(=O)C(O)C(C)(C)CCP(=O)([O-])OP(=O)([O-])OCC1O[C@H](n2cnc3c(N)ncnc32)C(O)C1OP(=O)([O-])[O-]	TUMMXOLSCVKROK-IGNRKQBUSA-J
3(S)-hydroxy-10,13,16-all-cis-docosatrienoyl-CoA	CCCCCC=CCC=CCC=CCCCCCCC(CC(=O)SCCNC(=O)CCNC(=O)C(C(C)(C)COP(=O)(O)OP(=O)(O)OCC1C(C(C(O1)N2C=NC3=C(N=CN=C32)N)O)OP(=O)(O)O)O)O	SHYOGNDOVWXSLL-HYIOPBCUSA-N
3(S)-hydroxy-11-cis-eicosenoyl-CoA	CCCCCCCC/C=C\CCCCCCCC(O)CC(=O)SCCNC(=O)CCNC(=O)C(O)C(C)(C)COP(=O)([O-])OP(=O)([O-])OCC1O[C@H](n2cnc3c(N)ncnc32)C(O)C1OP(=O)([O-])[O-]	PREOMQKNJXWCLZ-XSAVFXOCSA-J
3(S)-hydroxy-13-cis-docosenoyl-CoA	CCCCCCCCC=CCCCCCCCCCC(O)CC(=O)SCCNC(=O)CCNC(=O)C(O)C(C)(C)COP(=O)([O-])OP(=O)([O-])OCC1O[C@H](n2cnc3c(N)ncnc32)C(O)C1OP(=O)([O-])[O-]	FIPHCVZAQUEADL-CBHKYYIOSA-J
3(S)-hydroxy-13-cis-eicosenoyl-CoA	C1=CC(=NN=C1N)Cl	DTXVKPOKPFWSFF-UHFFFAOYSA-N
3(S)-hydroxy-2(S),6-dimethyl-heptanoyl-CoA	CC(C)CC[C@H](O)[C@@H](C)C(=O)SCCN=C(O)CCN=C(O)[C@@H](O)C(C)(C)COP(=O)(O)OP(=O)(O)OC[C@@H]1O[C@H](n2cnc3c(N)ncnc32)[C@H](O)[C@@H]1OP(=O)(O)O	YAVFKXHHHJEEQF-IOYVKGSKSA-N
3(S)-hydroxy-4(R),8-dimethyl-nonanoyl-CoA	CC(C)CCC[C@@H](C)[C@H](O)CC(=O)SCCN=C(O)CCN=C(O)[C@@H](O)C(C)(C)COP(=O)(O)OP(=O)(O)OC[C@@H]1O[C@H](n2cnc3c(N)ncnc32)[C@H](O)[C@@H]1OP(=O)(O)O	AGRBRZWAKOHMRQ-PWLNTODLSA-N
3(S)-hydroxy-4-methyl-pentanoyl-CoA	CC(C)[C@H](O)CC(=O)SCCN=C(O)CCN=C(O)[C@@H](O)C(C)(C)COP(=O)(O)OP(=O)(O)OC[C@@H]1O[C@H](n2cnc3c(N)ncnc32)[C@H](O)[C@@H]1OP(=O)(O)O	FVDISPKCRAHPBJ-VDXNMNPRSA-N
3(S)-hydroxy-cis-15-tetracosaenoyl-CoA	CCCCCCCCC=CCCCCCCCCCCCC(O)CC(=O)SCCNC(=O)CCNC(=O)C(O)C(C)(C)COP(=O)([O-])OP(=O)([O-])OCC1O[C@H](n2cnc3c(N)ncnc32)C(O)C1OP(=O)([O-])[O-]	SOQFCYAWKYIIHN-RNATUXINSA-J
3(S)-hydroxy-docosa-10,13,16,19-all-cis-tetraenoyl-CoA	CCC=CCC=CCC=CCC=CCCCCCCC(CC(=O)SCCNC(=O)CCNC(=O)C(C(C)(C)COP(=O)(O)OP(=O)(O)OCC1C(C(C(O1)N2C=NC3=C(N=CN=C32)N)O)OP(=O)(O)O)O)O	DALQBBQTVPOKDP-NEROYMAKSA-N
3(S)-hydroxy-docosa-7,10,13,16,19-all-cis-pentaenoyl-CoA	CCC=CCC=CCC=CCC=CCC=CCCCC(CC(=O)SCCNC(=O)CCNC(=O)C(C(C)(C)COP(=O)(O)OP(=O)(O)OCC1C(C(C(O1)N2C=NC3=C(N=CN=C32)N)O)OP(=O)(O)O)O)O	KIDYDCLNVXONEF-DXMJZDBTSA-N
3(S)-hydroxy-docosa-7,10,13,16-all-cis-tetraenoyl-CoA	CCCCCC=CCC=CCC=CCC=CCCCC(CC(=O)SCCNC(=O)CCNC(=O)C(C(C)(C)COP(=O)(O)OP(=O)(O)OCC1C(C(C(O1)N2C=NC3=C(N=CN=C32)N)O)OP(=O)(O)O)O)O	JHXLRLHTJYMVBK-QHMZZPIESA-N
3(S)-hydroxy-tetracosa-12,15,18,21-all-cis-tetraenoyl-CoA	CCC=CCC=CCC=CCC=CCCCCCCCCC(CC(=O)SCCNC(=O)CCNC(=O)C(C(C)(C)COP(=O)(O)OP(=O)(O)OCC1C(C(C(O1)N2C=NC3=C(N=CN=C32)N)O)OP(=O)(O)O)O)O	VYZWWTGHKBYTPF-KHFKNKFYSA-N
3(S)-hydroxy-tetracosa-6,9,12,15,18-all-cis-pentaenoyl-CoA	CCCCC/C=C\C/C=C\C/C=C\C/C=C\C/C=C\CC[C@H](O)CC(=O)SCCN=C(O)CCN=C(O)[C@H](O)C(C)(C)COP(=O)(O)OP(=O)(O)OC[C@@H]1O[C@H](n2cnc3c(N)ncnc32)[C@H](O)[C@@H]1OP(=O)(O)O	NNEPPYNERZEJEE-IOPBWTMASA-N
3(S)-hydroxy-tetracosa-9,12,15,18,21-all-cis-pentaenoyl-CoA	CCC=CCC=CCC=CCC=CCC=CCCCCCC(CC(=O)SCCNC(=O)CCNC(=O)C(C(C)(C)COP(=O)(O)OP(=O)(O)OCC1C(C(C(O1)N2C=NC3=C(N=CN=C32)N)O)OP(=O)(O)O)O)O	DRQAURCKCKDINZ-MRBHEALXSA-N
3,3,5-Triiodothyroacetate	C1=CC(=C(C=C1OC2=C(C=C(C=C2I)CC(=O)[O-])I)I)O	UOWZUVNAGUAEQC-UHFFFAOYSA-M
3,3-diiodo-L-thyronine-beta-D-glucuronoside	N[C@H](Cc1ccc(Oc2ccc(OC3O[C@H](C(=O)O)[C@H](O)[C@H](O)[C@@H]3O)c(I)c2)c(I)c1)C(=O)[O-]	ADIQFGLSNXTCEF-QDVJOMROSA-M
3,4-Dihydroxyphenylethanol	C1=CC(=C(C=C1CCO)O)O	JUUBCHWRXWPFFH-UHFFFAOYSA-N
3,4-dihydro-3-hydroxy-4-S-glutathionyl bromobenzene	C1=CC(=CC(C1SCC(C(=O)NCC(=O)O)NC(=O)CCC(C(=O)O)N)O)Br	WIPMNDWTVDZAHE-JYBOHDQNSA-N
3,4-dihydroxy-5-all-trans-decaprenylbenzoate	CC(=CCCC(=CCCC(=CCCC(=CCCC(=CCCC(=CCCC(=CCCC(=CCCC(=CCCC(=CCC1=C(C(=CC(=C1)C(=O)O)O)[O-])C)C)C)C)C)C)C)C)C)C	HGWUGDIATLOPBN-BHZQGFRMSA-M
3,4-dihydroxymandelaldehyde	O=C[C@H](O)c1ccc(O)c(O)c1	YUGMCLJIWGEKCK-QMMMGPOBSA-N
3,4-dihydroxymandelate	O=C([O-])[C@H](O)c1ccc(O)c(O)c1	RGHMISIYKIHAJW-SSDOTTSWSA-M
3,4-dihydroxyphenylacetaldehyde	O=CCc1ccc(O)c(O)c1	IADQVXRMSNIUEL-UHFFFAOYSA-N
3,4-dihydroxyphenylacetate	O=C([O-])Cc1ccc(O)c(O)c1	CFFZDZCDUFSOFZ-UHFFFAOYSA-M
3,4-dihydroxyphenylethyleneglycol	OC[C@H](O)c1ccc(O)c(O)c1	MTVWFVDWRVYDOR-QMMMGPOBSA-N
3,4-epoxynonanal	CCCCCC1OC1CC=O	HEXGZHJMMROIQO-UHFFFAOYSA-N
3,5,3,5-tetraiodo-L-thyronine-beta-D-glucuronoside	N[C@H](Cc1cc(I)c(Oc2cc(I)c(OC3O[C@H](C(=O)O)[C@H](O)[C@H](O)[C@@H]3O)c(I)c2)c(I)c1)C(=O)[O-]	RGHRJBIKIYUHEV-PWZDMWIRSA-M
3,5,3-triiodo-L-thyronine-beta-D-glucuronoside	N[C@H](Cc1cc(I)c(Oc2ccc(OC3O[C@H](C(=O)O)[C@H](O)[C@H](O)[C@@H]3O)c(I)c2)c(I)c1)C(=O)[O-]	YYFGGGCINNGOLE-UKJVJLCYSA-M
3,5,3-triiodothyronine-4-sulfate	N[C@@H](Cc1cc(I)c(Oc2ccc(OS(=O)(=O)O)c(I)c2)c(I)c1)C(=O)O	XBQYQXVJBNDCGY-LBPRGKRZSA-N
3,5-dihydroxy-3,4-dihydro-1,4-benzothiazine	C1=CSc2ccccc2N1	ZLILRRGWBOKBIG-UHFFFAOYSA-N
3,5-diiodo-L-thyronine	C1=CC(=CC=C1O)OC2=C(C=C(C=C2I)CC(C(=O)O)N)I	ZHSOTLOTTDYIIK-ZDUSSCGKSA-N
3,5-diiodo-L-thyronine-4-O-sulfate	[NH3+][C@H](Cc1ccc(Oc2cc(I)c(OS(=O)(=O)[O-])c(I)c2)cc1)C(=O)[O-]	BVGCAAVTXFZYKS-CYBMUJFWSA-M
3,5-diiodo-L-tyrosine	N[C@@H](Cc1cc(I)c(O)c(I)c1)C(=O)O	NYPYHUZRZVSYKL-ZETCQYMHSA-N
3,5-dioxo-12(R)-hydroxy-eicosa-(8E,10E,14Z)-trienoyl-CoA	CCCCCC=CC[C@@H](O)/C=C/C=C/CCC(=O)CC(=O)CC(=O)SCCN=C([O-])CCN=C([O-])C(O)C(C)(C)COP(=O)(O)OP(=O)(O)OCC1O[C@H](n2cnc3c(N)ncnc32)C(O)C1OP(=O)([O-])[O-]	KPSNLEVFRZBSQC-BFOLZZJOSA-J
3,5-dioxo-12(S)-hydroxy-eicosa-(8E,10E,14Z)-trienoyl-CoA	CCCCCC=CC[C@H](O)/C=C/C=C/CCC(=O)CC(=O)CC(=O)SCCNC(=O)CCNC(=O)C(O)C(C)(C)COP(=O)([O-])OP(=O)([O-])OCC1O[C@H](n2cnc3c(N)ncnc32)C(O)C1OP(=O)([O-])[O-]	KPSNLEVFRZBSQC-RGHILSQGSA-J
3-(3-Hydroxy-Phenyl)Propionate	O=C([O-])CCc1cccc(O)c1	QVWAEZJXDYOKEH-UHFFFAOYSA-M
3-(methylthio)propionic acid	CSCCC(=O)O	CAOMCZAIALVUPA-UHFFFAOYSA-N
3-Hydroxy Butyryl Carnitine	CC(O)CC(=O)OC(CC(=O)[O-])C[N+](C)(C)C	UEFRDQSMQXDWTO-UHFFFAOYSA-N
3-Hydroxy-Glutarate	C(C(CC(=O)O)O)C(=O)O	ZQHYXNSQOIDNTL-UHFFFAOYSA-N
3-Hydroxy-Isovaleryl Carnitine	CC(C)(O)CC(=O)OC(CC(=O)[O-])C[N+](C)(C)C	IGLHHSKNBDXCEY-UHFFFAOYSA-N
3-Hydroxy-Octadecenoyl Carnitine	CCCCCCCCCCCCCCCC(=O)C=C(C(CC(=O)[O-])(C[N+](C)(C)C)O)O	VGZUJSRBASREKH-UHFFFAOYSA-N
3-Hydroxy-Sebacic Acid	C(CCCC(=O)O)CCC(CC(=O)O)O	OQYZCCKCJQWHIE-UHFFFAOYSA-N
3-Hydroxy-Tetradecanoyl Carnitine	CCCCCCCCCCCC(O)CC(=O)OC(CC(=O)[O-])C[N+](C)(C)C	GFAZJTUXMHGTOC-UHFFFAOYSA-N
3-Hydroxycinnamic Acid	C1=CC(=CC(=C1)O)C=CC(=O)O	KKSDGJDHHZEWEP-SNAWJCMRSA-N
3-Hydroxydecanoylcarnitine	CCCCCCCC(CC(=O)OC(CCC(=O)[O-])[N+](C)(C)C)O	XZARHVHXYGIXLB-UHFFFAOYSA-N
3-Hydroxydodecanoylcarnitine	CCCCCCCCCC(O)CC(=O)OC(CC(=O)[O-])C[N+](C)(C)C	ULWDPUHFMOBGFJ-UHFFFAOYSA-N
3-Hydroxyhexadecanoylcarnitine	CCCCCCCCCCCCCC(CC(=O)OC(CC(=O)[O-])C[N+](C)(C)C)O	XKAZIAFZAQAHHG-UHFFFAOYSA-N
3-Hydroxyhexadecenoylcarnitine	CCCCCCC=CCCCCCC(CC(=O)OC(CC(=O)[O-])C[N+](C)(C)C)O	XIOFWXBRLXTMQD-RPZXQYRRSA-N
3-Hydroxyisovaleric Acid	CC(C)(CC(=O)O)O	AXFYFNCPONWUHW-UHFFFAOYSA-N
3-Hydroxyisovaleryl Coenzyme A	CC(C)(O)CC(=O)SCCNC(=O)CCNC(=O)[C@H](O)C(C)(C)COP(=O)([O-])OP(=O)([O-])OC[C@H]1O[C@@H](n2cnc3c(N)ncnc32)[C@H](O)[C@@H]1OP(=O)([O-])[O-]	PEVZKILCBDEOBT-CITAKDKDSA-J
3-Hydroxyoctadecadienoylcarnitine	CCCCCCCCCCCCCC=CC(=CC(=O)C(CC(=O)[O-])(C[N+](C)(C)C)O)O	RZKYNXRYSVBYTQ-UHFFFAOYSA-N
3-Methyl-Glutarate	CC(CC(=O)O)CC(=O)O	XJMMNTGIMDZPMU-UHFFFAOYSA-N
3-Methylhistidine	CN1C=NC=C1CC(C(=O)O)N	JDHILDINMRGULE-LURJTMIESA-N
3-O-acetyl-ADP-D-ribose	CC(=O)O[C@@H]1[C@@H](COP(=O)([O-])OP(=O)([O-])OC[C@H]2O[C@@H](n3cnc4c(N)ncnc43)[C@H](O)[C@@H]2O)OC(O)[C@@H]1O	HNHCIVXQBMBKPQ-YDKGJHSESA-L
3-O-methyldopa	COc1cc(C[C@H](N)C(=O)O)ccc1O	PFDUUKDQEHURQC-ZETCQYMHSA-N
3-Oxo-Cis-9-Octadecenoyl Coenzyme A	CCCCCCCC/C=C\CCCCCC(=O)CC(=O)SCCNC(=O)CCNC(=O)C(O)C(C)(C)COP(=O)([O-])OP(=O)([O-])OCC1O[C@H](n2cnc3c(N)ncnc32)C(O)C1OP(=O)([O-])[O-]	AVEYYKDEKGJVBU-BTGYZWEPSA-J
3-Oxolaur-Cis-5-Enoyl Coenzyme A	CCCCCC/C=C\CC(=O)CC(=O)SCCNC(=O)CCNC(=O)C(O)C(C)(C)COP(=O)([O-])OP(=O)([O-])OCC1O[C@H](n2cnc3c(N)ncnc32)C(O)C1OP(=O)([O-])[O-]	VKLHSLOWDWGVGP-HTMDDOFJSA-J
3-UMP	O=c1ccn([C@@H]2O[C@H](CO)[C@@H](OP(=O)(O)O)[C@H]2O)c(=O)n1	FOGRQMPFHUHIGU-XVFCMESISA-N
3-amino-propanal	[NH3+]CCC=O	PCXDJQZLDDHMGX-UHFFFAOYSA-O
3-carboxy-1-hydroxypropyl-ThPP	Cc1ncc(C[n+]2c(C(O)CCC(=O)O)sc(CCOP(=O)(O)OP(=O)(O)O)c2C)c(N)n1	ZWUKRGPVMMTMAF-UHFFFAOYSA-O
3-decaprenyl-4-hydroxybenzoate	CC(C)=CCC/C(C)=C/CC/C(C)=C/CC/C(C)=C/CC/C(C)=C/CC/C(C)=C/CC/C(C)=C/CC/C(C)=C/CC/C(C)=C/CC/C(C)=C/Cc1cc(C(=O)[O-])ccc1O	CMPNJZREBHCPHN-LTNIBBDRSA-M
3-dehydro-L-gulonate	O=C([O-])[C@@H](O)C(=O)[C@H](O)[C@@H](O)CO	WTAHRPBPWHCMHW-LWKDLAHASA-M
3-dehydrosphinganine	CCCCCCCCCCCCCCCC(=O)[C@@H]([NH3+])CO	KBUNOSOGGAARKZ-KRWDZBQOSA-O
3-demethylubiquinol-10	COc1c(O)c(O)c(C)c(C/C=C(\C)CC/C=C(\C)CC/C=C(\C)CC/C=C(\C)CC/C=C(\C)CC/C=C(\C)CC/C=C(\C)CC/C=C(\C)CC/C=C(\C)CCC=C(C)C)c1O	VLMQNHNMQVLPQI-AVRCVIBKSA-N
3-deoxy-D-glycero-D-galacto-2-nonulosonic acid	C1C(C(C(OC1(C(=O)O)O)C(C(CO)O)O)O)O	CLRLHXKNIYJWAW-QBTAGHCHSA-N
3-deoxy-D-glycero-D-galacto-2-nonulosonic acid-9-phosphate	O=C([O-])C(=O)C[C@H](O)[C@@H](O)[C@@H](O)[C@H](O)[C@@H](O)COP(=O)([O-])[O-]	ONDNEVXIOCSZAT-IMSDGWMTSA-K
3-hydroxy-2,6-dimethyl-5-methylene-heptanoyl-CoA	CC(C)C(=C)CC(C(C)C(=O)SCCNC(=O)CCNC(=O)C(C(C)(C)COP(=O)(O)OP(=O)(O)OCC1C(C(C(O1)N2C=NC3=C(N=CN=C32)N)O)OP(=O)(O)O)O)O	LQMGDAUBYDSVAK-VEQIRKQXSA-N
3-hydroxy-2-methyl-3-phytyl-2,3-dihydronaphthoquinone	C/C(=C\CC1(O)C(=O)c2ccccc2C(=O)C1C)CCC[C@H](C)CCC[C@H](C)CCCC(C)C	OOJSROHRRKVBFW-MNBFGQJISA-N
3-hydroxy-L-kynurenine	Nc1c(O)cccc1C(=O)C[C@H](N)C(=O)O	VCKPUUFAIGNJHC-LURJTMIESA-N
3-hydroxy-N6,N6,N6-trimethyl-L-lysine	C[N+](C)(C)CCCC(O)[C@H]([NH3+])C(=O)[O-]	ZRJHLGYVUCPZNH-MQWKRIRWSA-O
3-hydroxy-THA-CoA	CCC=CCC=CCC=CCC=CCC=CCC=CCCC(CC(=O)SCCNC(=O)CCNC(=O)C(C(C)(C)COP(=O)(O)OP(=O)(O)OCC1C(C(C(O1)N2C=NC3=C(N=CN=C32)N)O)OP(=O)(O)O)O)O	JJCGUWRDULVWQG-DGNFNSLNSA-N
3-hydroxyanthranilate	Nc1c(O)cccc1C(=O)O	WJXSWCUQABXPFS-UHFFFAOYSA-N
3-hydroxydocosanoyl-CoA	CCCCCCCCCCCCCCCCCCCC(CC(=O)SCCNC(=O)CCNC(=O)C(C(C)(C)COP(=O)(O)OP(=O)(O)OCC1C(C(C(O1)N2C=NC3=C(N=CN=C32)N)O)OP(=O)(O)O)O)O	VNJQSRVXTRJVAZ-NGZXMKLGSA-N
3-hydroxyeicosanoyl-CoA	CCCCCCCCCCCCCCCCCC(CC(=O)SCCNC(=O)CCNC(=O)C(C(C)(C)COP(=O)(O)OP(=O)(O)OCC1C(C(C(O1)N2C=NC3=C(N=CN=C32)N)O)OP(=O)(O)O)O)O	KNSVYMFEJLUJST-MJMSVFGZSA-N
3-hydroxyheptadecanoyl-CoA	CCCCCCCCCCCCCCC(CC(=O)SCCNC(=O)CCNC(=O)C(C(C)(C)COP(=O)(O)OP(=O)(O)OCC1C(C(C(O1)N2C=NC3=C(N=CN=C32)N)O)OP(=O)(O)O)O)O	WSVGZMBRZBPVEM-UHFFFAOYSA-N
3-hydroxyheptanoyl-CoA	CCCCC(CC(=O)SCCNC(=O)CCNC(=O)C(C(C)(C)COP(=O)(O)OP(=O)(O)OCC1C(C(C(O1)N2C=NC3=C(N=CN=C32)N)O)OP(=O)(O)O)O)O	VISQBWUSDZWVMM-UHFFFAOYSA-N
3-hydroxyhexacosanoyl-CoA	CCCCCCCCCCCCCCCCCCCCCCCC(CC(=O)SCCNC(=O)CCNC(=O)C(C(C)(C)COP(=O)(O)OP(=O)(O)OCC1C(C(C(O1)N2C=NC3=C(N=CN=C32)N)O)OP(=O)(O)O)O)O	GBMJOTOUUWGTIA-HSPCTEKSSA-N
3-hydroxyisobutyrate	C[C@@H](CO)C(=O)O	DBXBTMSZEOQQDU-VKHMYHEASA-N
3-hydroxyisobutyryl-CoA	CC(CO)C(=O)SCCNC(=O)CCNC(=O)[C@H](O)C(C)(C)COP(=O)(O)OP(=O)(O)OC[C@H]1O[C@@H](n2cnc3c(N)ncnc32)[C@H](O)[C@@H]1OP(=O)(O)O	WWEOGFZEFHPUAM-MIZDRFBCSA-N
3-hydroxykynurenamine	NCCC(=O)c1cccc(O)c1N	ODOPEICAGBYCFH-UHFFFAOYSA-N
3-hydroxykynurenine-O-beta-D-glucoside	Nc1c(O[C@H]2O[C@@H](CO)[C@@H](O)[C@@H](O)[C@H]2O)cccc1C(=O)C[C@@H]([NH3+])C(=O)[O-]	SYBDIVKHFDAAJV-RBDCUATOSA-N
3-hydroxyoctadecanoyl-CoA	CCCCCCCCCCCCCCCC(CC(=O)SCCNC(=O)CCNC(=O)C(C(C)(C)COP(=O)(O)OP(=O)(O)OCC1C(C(C(O1)N2C=NC3=C(N=CN=C32)N)O)OP(=O)(O)O)O)O	WZMAIEGYXCOYSH-FWBOWLIOSA-N
3-hydroxypentadecanoyl-CoA	CCCCCCCCCCCCC(CC(=O)SCCNC(=O)CCNC(=O)C(C(C)(C)COP(=O)(O)OP(=O)(O)OCC1C(C(C(O1)N2C=NC3=C(N=CN=C32)N)O)OP(=O)(O)O)O)O	QAAKZCOMMVOBIA-UHFFFAOYSA-N
3-hydroxypristanoyl-CoA	CC(C)CCCC(C)CCCC(C)CCC(C(C)C(=O)SCCNC(=O)CCNC(=O)C(C(C)(C)COP(=O)(O)OP(=O)(O)OCC1C(C(C(O1)N2C=NC3=C(N=CN=C32)N)O)OP(=O)(O)O)O)O	OQWHTSXXBMVROE-VDRJVRINSA-N
3-hydroxypropionyl-CoA	CC(C)(COP(=O)(O)OP(=O)(O)OC[C@H]1O[C@@H](n2cnc3c(N)ncnc32)[C@H](O)[C@@H]1OP(=O)(O)O)[C@@H](O)C(=O)NCCC(=O)NCCSC(=O)CCO	BERBFZCUSMQABM-IEXPHMLFSA-N
3-hydroxytetracosanoyl-CoA	CCCCCCCCCCCCCCCCCCCCCC(CC(=O)SCCNC(=O)CCNC(=O)C(C(C)(C)COP(=O)(O)OP(=O)(O)OCC1C(C(C(O1)N2C=NC3=C(N=CN=C32)N)O)OP(=O)(O)O)O)O	QIBKBVRVOFIKLN-SBPVGHMXSA-N
3-hydroxytridecanoyl-CoA	CCCCCCCCCCC(CC(=O)SCCNC(=O)CCNC(=O)C(C(C)(C)COP(=O)(O)OP(=O)(O)OCC1C(C(C(O1)N2C=NC3=C(N=CN=C32)N)O)OP(=O)(O)O)O)O	DGCKWHYVMOUMCS-UHFFFAOYSA-N
3-hydroxyundecanoyl-CoA	CCCCCCCCC(CC(=O)SCCNC(=O)CCNC(=O)C(C(C)(C)COP(=O)(O)OP(=O)(O)OCC1C(C(C(O1)N2C=NC3=C(N=CN=C32)N)O)OP(=O)(O)O)O)O	JIOGXINZSOQEGE-UHFFFAOYSA-N
3-iodo-L-tyrosine	N[C@@H](Cc1ccc(O)c(I)c1)C(=O)O	UQTZMGFTRHFAAM-ZETCQYMHSA-N
3-keto-4-methylzymosterol	[H][C@@]12CC[C@]([H])([C@H](C)CCC=C(C)C)[C@@]1(C)CCC1=C2CC[C@@]2([H])C(C)C(=O)CC[C@]12C	DBPZYKHQDWKORQ-MWEYQPRESA-N
3-keto-THA-CoA	CC/C=C\C/C=C\C/C=C\C/C=C\C/C=C\C/C=C\CCC(=O)CC(=O)SCCNC(=O)CCNC(=O)[C@H](O)C(C)(C)COP(=O)([O-])OP(=O)([O-])OC[C@H]1O[C@@H](n2cnc3c(N)ncnc32)[C@H](O)[C@@H]1OP(=O)([O-])[O-]	DNHDPAXPQGYGIJ-KWFBMMABSA-J
3-keto-beta-D-galactose	O=C1[C@@H](O)[C@H](O)O[C@H](CO)[C@@H]1O	APIQNBNBIICCON-FKMSRSAHSA-N
3-keto-eicosa-8,11,14,17-all-cis-tetraenoyl-CoA	CC/C=C\C/C=C\C/C=C\C/C=C\CCCCC(=O)CC(=O)SCCNC(=O)CCNC(=O)C(O)C(C)(C)COP(=O)([O-])OP(=O)([O-])OCC1O[C@H](n2cnc3c(N)ncnc32)C(O)C1OP(=O)([O-])[O-]	VVLBCJHQULSXJN-QWRJARGZSA-J
3-ketolactose	C(C1C(C(=O)C(C(O1)OC(C(CO)O)C(C(C=O)O)O)O)O)O	QVZHZVWYFNADIO-BATPLZQESA-N
3-ketopristanoyl-CoA	CC(C)CCCC(C)CCCC(C)CCC(=O)C(C)C(=O)SCCNC(=O)CCNC(=O)[C@H](O)C(C)(C)COP(=O)([O-])OP(=O)([O-])OC[C@H]1O[C@@H](n2cnc3c(N)ncnc32)[C@H](O)[C@@H]1OP(=O)([O-])[O-]	NQFYRDGBRBDQQG-SVFBWJQPSA-J
3-mercaptolactate	O=C(O)[C@@H](O)CS	OLQOVQTWRIJPRE-REOHCLBHSA-N
3-mercaptolactate-cysteine-disulfide	N[C@@H](CSSCC(O)C(=O)O)C(=O)O	MAFDYIDMXCXBRB-WUCPZUCCSA-N
3-methoxy-4-hydroxy-5-all-trans-decaprenylbenzoate	CC(=CCCC(=CCCC(=CCCC(=CCCC(=CCCC(=CCCC(=CCCC(=CCCC(=CCCC(=CCC1=C(C(=CC(=C1)C(=O)O)OC)[O-])C)C)C)C)C)C)C)C)C)C	WCQCNOIKXGNDLX-RDSVHMIISA-M
3-methoxy-4-hydroxyphenylacetaldehyde	COc1cc(CC=O)ccc1O	GOQGGGANVKPMNH-UHFFFAOYSA-N
3-methoxy-4-hydroxyphenylethyleneglycol	COc1cc([C@@H](O)CO)ccc1O	FBWPWWWZWKPJFL-QMMMGPOBSA-N
3-methoxy-4-hydroxyphenylglycolaldehyde	COC1=C(C=CC(=C1)C(C=O)O)O	VISAJVAPYPFKCL-UHFFFAOYSA-N
3-methoxy-acetaminophen	CC(=O)NC1=CC(=C(C=C1)O)OC	KIZWIAQUWRXFNC-UHFFFAOYSA-N
3-methoxytyramine	COc1cc(CCN)ccc1O	DIVQKHQLANKJQO-UHFFFAOYSA-N
3-methyl-2-oxobutanoate-dehydrogenase	[*]NC(=O)[C@H](CO)NC([*])=O	
3-methyl-2-oxobutanoate-dehydrogenase-phosphate	[*]NC(=O)[C@H](COP(=O)(O)O)NC([*])=O	
3-methyl-2-oxobutyrate	CC(C)C(=O)C(=O)O	QHKABHOOEWYVLI-UHFFFAOYSA-N
3-methylcrotonyl-CoA	CC(C)=CC(=O)SCCNC(=O)CCNC(=O)[C@H](O)C(C)(C)COP(=O)(O)OP(=O)(O)OC[C@H]1O[C@@H](n2cnc3c(N)ncnc32)[C@H](O)[C@@H]1OP(=O)(O)O	BXIPALATIYNHJN-ZMHDXICWSA-N
3-methylglutaconyl-CoA	C/C(=C\C(=O)SCCNC(=O)CCNC(=O)[C@H](O)C(C)(C)COP(=O)(O)OP(=O)(O)OC[C@H]1O[C@@H](n2cnc3c(N)ncnc32)[C@H](O)[C@@H]1OP(=O)(O)O)CC(=O)O	GXKSHRDAHFLWPN-RKYLSHMCSA-N
3-monoiodo-L-thyronine	C1=CC(=CC=C1O)OC2=C(C=C(C=C2)CC(C(=O)[O-])[NH3+])I	SXQVOFSDWXYIRP-ZDUSSCGKSA-N
3-monoiodo-L-thyronine-4-O-sulfate	[NH3+][C@H](Cc1ccc(Oc2ccc(OS(=O)(=O)[O-])c(I)c2)cc1)C(=O)[O-]	HPQMRLCNKPMUJD-CYBMUJFWSA-M
3-oxo-(2S)-methylisocapryloyl-CoA	CC(C)CCC(=O)C(C)C(=O)SCCNC(=O)CCNC(=O)C(C(C)(C)COP(=O)(O)OP(=O)(O)OCC1C(C(C(O1)N2C=NC3=C(N=CN=C32)N)O)OP(=O)(O)O)O	RVEAGMLBRLLBNX-HWTJIFIXSA-N
3-oxo-(6Z,9Z,12Z)-octadecatrienoyl-CoA	CCCCCC=CCC=CCC=CCCC(=O)CC(=O)SCCNC(=O)CCNC(=O)C(C(C)(C)COP(=O)([O-])OP(=O)([O-])OCC1C(C(C(O1)N2C=NC3=C(N=CN=C32)N)O)OP(=O)([O-])[O-])O	MXEGJRWBNSTXJD-FHDVEODPSA-J
3-oxo-10(R)-hydroxy-octadeca-(6E,8E,12Z)-trienoate	CCCCC/C=C\C[C@@H](O)/C=C/C=C/CCC(=O)CC(=O)O	DASVGFACDRAZQR-NBKJEZFOSA-N
3-oxo-10(R)-hydroxy-octadeca-(6E,8E,12Z)-trienoyl-CoA	CCCCC/C=C\CC(O)/C=C/C=C/CCC(=O)CC(=O)SCCNC(=O)CCNC(=O)C(O)C(C)(C)COP(=O)([O-])OP(=O)([O-])OCC1O[C@H](n2cnc3c(N)ncnc32)C(O)C1OP(=O)([O-])[O-]	SVVDPRGQCCIAMF-SESGPPJXSA-J
3-oxo-10(S)-hydroxy-octadeca-(6E,8E,12Z)-trienoyl-CoA	CCCCC/C=C\C[C@H](O)C=C/C=C/CCC(=O)CC(=O)SCCNC(=O)CCNC(=O)C(O)C(C)(C)COP(=O)([O-])OP(=O)([O-])OCC1O[C@H](n2cnc3c(N)ncnc32)C(O)C1OP(=O)([O-])[O-]	SVVDPRGQCCIAMF-BYUAPLALSA-J
3-oxo-11-cis-eicosenoyl-CoA	CCCCCCCC/C=C\CCCCCCCC(=O)CC(=O)SCCNC(=O)CCNC(=O)C(O)C(C)(C)COP(=O)([O-])OP(=O)([O-])OCC1O[C@H](n2cnc3c(N)ncnc32)C(O)C1OP(=O)([O-])[O-]	ASKKPQKSCFYPPP-JPKCQDBUSA-J
3-oxo-11-cis-octadecenoyl-CoA	CCCCCCC=CCCCCCCCC(=O)CC(=O)SCCNC(=O)CCNC(=O)C(C(C)(C)COP(=O)([O-])OP(=O)([O-])OCC1C(C(C(O1)N2C=NC3=C(N=CN=C32)N)O)OP(=O)([O-])[O-])O	OUROWZUTGFHRJE-SAIINBSPSA-J
3-oxo-13cis-docosenoyl-CoA	CCCCCCCC/C=C\CCCCCCCCCC(=O)CC(=O)SCCNC(=O)CCNC(=O)C(O)C(C)(C)COP(=O)([O-])OP(=O)([O-])OCC1O[C@H](n2cnc3c(N)ncnc32)C(O)C1OP(=O)([O-])[O-]	TWKFVJBYYSLPHE-MVWMFJOUSA-J
3-oxo-4(R),8-dimethyl-nonanoyl-CoA	CC(C)CCCC(C)C(=O)CC(=O)SCCNC(=O)CCNC(=O)C(C(C)(C)COP(=O)(O)OP(=O)(O)OCC1C(C(C(O1)N2C=NC3=C(N=CN=C32)N)O)OP(=O)(O)O)O	YMYLLQAUKBJHAS-RMJAONIFSA-N
3-oxo-4-methyl-pentanoyl-CoA	CC(C)C(=O)CC(=O)SCCNC(=O)CCNC(=O)C(C(C)(C)COP(=O)(O)OP(=O)(O)OCC1C(C(C(O1)N2C=NC3=C(N=CN=C32)N)O)OP(=O)(O)O)O	NVBSRDSMDMDKDD-UNJBKMQWSA-N
3-oxo-all-cis-6,9,12,15,18-tetracosapentaenoyl-CoA	CCC=CCC=CCC=CCC=CCC=CCCCCCC(=O)CC(=O)SCCNC(=O)CCNC(=O)C(C(C)(C)COP(=O)(O)OP(=O)(O)OCC1C(C(C(O1)N2C=NC3=C(N=CN=C32)N)O)OP(=O)(O)O)O	UQPANOGFYCZRAV-UWOIJHEUSA-N
3-oxo-cis,cis-5,8-tetradecadienoyl-CoA	CCCCC/C=C\C/C=C\CC(=O)CC(=O)SCCNC(=O)CCNC(=O)C(O)C(C)(C)COP(=O)([O-])OP(=O)([O-])OCC1OC(n2cnc3c(N)ncnc32)C(O)C1OP(=O)([O-])[O-]	XOCYFFRISHLAMW-MURFETPASA-J
3-oxo-cis,cis-7,10-hexadecadienoyl-CoA	CCCCC/C=C\C/C=C\CCCC(=O)CC(=O)SCCNC(=O)CCNC(=O)C(O)C(C)(C)COP(=O)([O-])OP(=O)([O-])OCC1O[C@H](n2cnc3c(N)ncnc32)C(O)C1OP(=O)([O-])[O-]	KNNRGBNFOIBVKN-ULEVOUIXSA-J
3-oxo-cis-15-tetracosaenoyl-CoA	CCCCCCCC/C=C\CCCCCCCCCCCC(=O)CC(=O)SCCNC(=O)CCNC(=O)C(O)C(C)(C)COP(=O)([O-])OP(=O)([O-])OCC1O[C@H](n2cnc3c(N)ncnc32)C(O)C1OP(=O)([O-])[O-]	OYATWRUGHUAXMW-KPDLDTBJSA-J
3-oxo-dihomo-gamma-linolenoyl-CoA	CCCCC/C=C\C/C=C\CC=CCCCCC(=O)CC(=O)SCCNC(=O)CCNC(=O)C(O)C(C)(C)COP(=O)([O-])OP(=O)([O-])OCC1O[C@H](n2cnc3c(N)ncnc32)C(O)C1OP(=O)([O-])[O-]	DJFXNRBQUUFIOS-PIIGZQADSA-J
3-oxo-docosa-10,13,16,19-all-cis-tetraenoyl-CoA	CCC=CCC=CCC=CCC=CCCCCCCC(=O)CC(=O)SCCNC(=O)CCNC(=O)C(C(C)(C)COP(=O)(O)OP(=O)(O)OCC1C(C(C(O1)N2C=NC3=C(N=CN=C32)N)O)OP(=O)(O)O)O	MUBUSEARPWRSQN-XMTMOFKOSA-N
3-oxo-docosa-7,10,13,16,19-all-cis-pentaenoyl-CoA	CCC=CCC=CCC=CCC=CCC=CCCCC(=O)CC(=O)SCCNC(=O)CCNC(=O)C(C(C)(C)COP(=O)(O)OP(=O)(O)OCC1C(C(C(O1)N2C=NC3=C(N=CN=C32)N)O)OP(=O)(O)O)O	SLYKKQSPRFJDAF-PNHDASEGSA-N
3-oxo-docosa-7,10,13,16-all-cis-tetraenoyl-CoA	CCCCCC=CCC=CCC=CCC=CCCCC(=O)CC(=O)SCCNC(=O)CCNC(=O)C(C(C)(C)COP(=O)(O)OP(=O)(O)OCC1C(C(C(O1)N2C=NC3=C(N=CN=C32)N)O)OP(=O)(O)O)O	VMAJWSSWCPBIJY-XTVXXYAESA-N
3-oxo-docosa-cis,cis,cis-10,13,16-trienoyl-CoA	CCCCCC=CCC=CCC=CCCCCCCC(=O)CC(=O)SCCNC(=O)CCNC(=O)C(C(C)(C)COP(=O)(O)OP(=O)(O)OCC1C(C(C(O1)N2C=NC3=C(N=CN=C32)N)O)OP(=O)(O)O)O	GPKHWNMCLWDFOL-YYOOZTOSSA-N
3-oxo-tetracosa-12,15,18,21-all-cis-tetraenoyl-CoA	CCC=CCC=CCC=CCC=CCCCCCCCCC(=O)CC(=O)SCCNC(=O)CCNC(=O)C(C(C)(C)COP(=O)(O)OP(=O)(O)OCC1C(C(C(O1)N2C=NC3=C(N=CN=C32)N)O)OP(=O)(O)O)O	HPMVBGKWFWCZAY-JDTXFHFDSA-N
3-oxo-tetracosa-9,12,15,18-all-cis-tetraenoyl-CoA	CCCCCC=CCC=CCC=CCC=CCCCCCC(=O)CC(=O)SCCNC(=O)CCNC(=O)C(C(C)(C)COP(=O)(O)OP(=O)(O)OCC1C(C(C(O1)N2C=NC3=C(N=CN=C32)N)O)OP(=O)(O)O)O	WSALICWLARPULC-SSDCCYKMSA-N
3-oxodecanoyl-CoA	CCCCCCCC(=O)CC(=O)SCCNC(=O)CCNC(=O)[C@H](O)C(C)(C)COP(=O)(O)OP(=O)(O)OC[C@H]1O[C@@H](n2cnc3c(N)ncnc32)[C@H](O)[C@@H]1OP(=O)(O)O	AZCVXMAPLHSIKY-HSJNEKGZSA-N
3-oxodocosanoyl-CoA	CCCCCCCCCCCCCCCCCCCC(=O)CC(=O)SCCNC(=O)CCNC(=O)C(C(C)(C)COP(=O)(O)OP(=O)(O)OCC1C(C(C(O1)N2C=NC3=C(N=CN=C32)N)O)OP(=O)(O)O)O	RKCOGGUHKPTOQJ-GNSUAQHMSA-N
3-oxododecanoyl-CoA	CCCCCCCCCC(=O)CC(=O)SCCNC(=O)CCNC(=O)[C@H](O)C(C)(C)COP(=O)(O)OP(=O)(O)OC[C@H]1O[C@@H](n2cnc3c(N)ncnc32)[C@H](O)[C@@H]1OP(=O)(O)O	HQANBZHVWIDNQZ-GMHMEAMDSA-N
3-oxoeicosa-cis,cis-11,14-dienoyl-CoA	CCCCCC=CCC=CCCCCCCCC(=O)CC(=O)SCCNC(=O)CCNC(=O)C(C(C)(C)COP(=O)(O)OP(=O)(O)OCC1C(C(C(O1)N2C=NC3=C(N=CN=C32)N)O)OP(=O)(O)O)O	PUWDUOCPCWFEFG-ZYVAQYBGSA-N
3-oxoeicosanoyl-CoA	CCCCCCCCCCCCCCCCCC(=O)CC(=O)SCCNC(=O)CCNC(=O)C(C(C)(C)COP(=O)(O)OP(=O)(O)OCC1C(C(C(O1)N2C=NC3=C(N=CN=C32)N)O)OP(=O)(O)O)O	FYBVHNZJDVUVLJ-IBYUJNRCSA-N
3-oxoheptanoyl-CoA	CC(=C)C(CCC(=O)C)CC(=O)SCCNC(=O)CCNC(=O)C(C(C)(C)COP(=O)(O)OP(=O)(O)OCC1C(C(C(O1)N2C=NC3=C(N=CN=C32)N)O)OP(=O)(O)O)O	VMTHAXKUEKKCEY-PNPVFPMQSA-N
3-oxohexacosanoyl-CoA	CCCCCCCCCCCCCCCCCCCCCCCC(=O)CC(=O)SCCNC(=O)CCNC(=O)C(C(C)(C)COP(=O)(O)OP(=O)(O)OCC1C(C(C(O1)N2C=NC3=C(N=CN=C32)N)O)OP(=O)(O)O)O	VOMUIFOBQMYJPJ-CPIGOPAHSA-N
3-oxohexanoyl-CoA	CCCC(=O)CC(=O)SCCNC(=O)CCNC(=O)[C@H](O)C(C)(C)COP(=O)(O)OP(=O)(O)OC[C@H]1O[C@@H](n2cnc3c(N)ncnc32)[C@H](O)[C@@H]1OP(=O)(O)O	NFOYYXQAVVYWKV-HDRQGHTBSA-N
3-oxolaur-6-cis-enoyl-CoA	CCCCC/C=C/CCC(=O)CC(=O)SCCNC(=O)CCNC(=O)C(O)C(C)(C)COP(=O)([O-])OP(=O)([O-])OCC1O[C@H](n2cnc3c(N)ncnc32)C(O)C1OP(=O)([O-])[O-]	QERQHDHPFGSFJE-NTEQCNOVSA-J
3-oxolinoleoyl-CoA	CCCCC/C=C\C/C=C\CCCCCC(=O)CC(=O)SCCNC(=O)CCNC(=O)C(O)C(C)(C)COP(=O)([O-])OP(=O)([O-])OCC1O[C@H](n2cnc3c(N)ncnc32)C(O)C1OP(=O)([O-])[O-]	XROJENOQBXZHJA-OUXAGQEVSA-J
3-oxononanoyl-CoA	CCCCCCC(=O)CC(=O)SCCNC(=O)CCNC(=O)C(C(C)(C)COP(=O)(O)OP(=O)(O)OCC1C(C(C(O1)N2C=NC3=C(N=CN=C32)N)O)OP(=O)(O)O)O	RIPHVCNHAHVWBC-UHFFFAOYSA-N
3-oxooctadecanoyl-CoA	CCCCCCCCCCCCCCCC(=O)CC(=O)SCCNC(=O)CCNC(=O)[C@H](O)C(C)(C)COP(=O)(O)OP(=O)(O)OC[C@H]1O[C@@H](n2cnc3c(N)ncnc32)[C@H](O)[C@@H]1OP(=O)(O)O	LGOGWHDPDVAUNY-LFZQUHGESA-N
3-oxooctanoyl-CoA	CCCCCC(=O)CC(=O)SCCNC(=O)CCNC(=O)[C@H](O)C(C)(C)COP(=O)(O)OP(=O)(O)OC[C@H]1O[C@@H](n2cnc3c(N)ncnc32)[C@H](O)[C@@H]1OP(=O)(O)O	WPIVBCGRGVNDDT-CECATXLMSA-N
3-oxooleoyl-CoA	CCCCCCCCC=CCCCCCC(=O)CC(=O)SCCNC(=O)CCNC(=O)C(C(C)(C)COP(=O)(O)OP(=O)(O)OCC1C(C(C(O1)N2C=NC3=C(N=CN=C32)N)O)OP(=O)(O)O)O	AVEYYKDEKGJVBU-BPMMELMSSA-N
3-oxopalmitoleoyl-CoA	CCCCCC/C=C/CCCCCC(=O)CC(=O)SCCNC(=O)CCNC(=O)[C@H](O)C(C)(C)COP(=O)([O-])OP(=O)([O-])OC[C@H]1O[C@@H](n2cnc3c(N)ncnc32)[C@H](O)[C@@H]1OP(=O)([O-])[O-]	JDNARGYWMLYADA-HQCBLXLFSA-J
3-oxopalmitoyl-CoA	CCCCCCCCCCCCCC(=O)CC(=O)SCCNC(=O)CCNC(=O)[C@H](O)C(C)(C)COP(=O)(O)OP(=O)(O)OC[C@H]1O[C@@H](n2cnc3c(N)ncnc32)[C@H](O)[C@@H]1OP(=O)(O)O	NQMPLXPCRJOSHL-BBECNAHFSA-N
3-oxopentanoyl-CoA	CCC(=O)CC(=O)SCCNC(=O)CCNC(=O)C(C(C)(C)COP(=O)(O)OP(=O)(O)OCC1C(C(C(O1)N2C=NC3=C(N=CN=C32)N)O)OP(=O)(O)O)O	WIOQNWTZBOQTEU-UHFFFAOYSA-N
3-oxopropanoate	O=CCC(=O)[O-]	OAKURXIZZOAYBC-UHFFFAOYSA-M
3-oxopropionyl-CoA	CC(C)(COP(=O)(O)OP(=O)(O)OCC1C(C(C(O1)N2C=NC3=C(N=CN=C32)N)O)OP(=O)(O)O)C(C(=O)NCCC(=O)NCCSC(=O)CC=O)O	NMEYBPUHJHMRHU-IEXPHMLFSA-N
3-oxotetracosanoyl-CoA	CCCCCCCCCCCCCCCCCCCCCC(=O)CC(=O)SCCNC(=O)CCNC(=O)C(C(C)(C)COP(=O)(O)OP(=O)(O)OCC1C(C(C(O1)N2C=NC3=C(N=CN=C32)N)O)OP(=O)(O)O)O	JJSJTIWFKNSCHC-JBKAVQFISA-N
3-oxotetradecanoyl-CoA	CCCCCCCCCCCC(=O)CC(=O)SCCNC(=O)CCNC(=O)[C@H](O)C(C)(C)COP(=O)(O)OP(=O)(O)OC[C@H]1O[C@@H](n2cnc3c(N)ncnc32)[C@H](O)[C@@H]1OP(=O)(O)O	IQNFBGHLIVBNOU-QSGBVPJFSA-N
3-oxotridecanoyl-CoA	CCCCCCCCCCC(=O)CC(=O)SCCNC(=O)CCNC(=O)C(C(C)(C)COP(=O)(O)OP(=O)(O)OCC1C(C(C(O1)N2C=NC3=C(N=CN=C32)N)O)OP(=O)(O)O)O	RPCRDEANMRLRDP-UHFFFAOYSA-N
3-oxoundecanoyl-CoA	CC(C)CC(C(=O)NC(CC(C)C)C(=O)O)NC(=O)C(C[Se])NC(=O)C(CC(=O)N)N	YAGABIQOJBMSNZ-XUXIUFHCSA-N
3-phospho-D-glycerate	O=C(O)[C@H](O)COP(=O)(O)O	OSJPPGNTCRNQQC-UWTATZPHSA-N
3-phosphoadenylylselenate	C1=NC(=C2C(=N1)N(C=N2)C3C(C(C(O3)COP(=O)(O)O[Se](=O)(=O)O)OP(=O)(O)O)O)N	AZRLZPIFEZUZLW-KQYNXXCUSA-N
3-phosphonooxypyruvate	O=C([O-])C(=O)COP(=O)([O-])[O-]	LFLUCDOSQPJJBE-UHFFFAOYSA-K
3-phosphopolynucleotide	[*][C@@H]1O[C@H](COP(=O)(O)O[C@@H]2[C@@H](COP(=O)(O)O[C@@H]3[C@@H](CO)O[C@@H]([*])[C@@H]3O)O[C@@H]([*])[C@@H]2O)[C@@H](OP(=O)(O)O)[C@H]1O	
3-phosphoserine	N[C@@H](COP(=O)(O)O)C(=O)O	BZQFBWGGLXLEPQ-REOHCLBHSA-N
3-succinoylpyridine	O=C([O-])CCC(=O)c1cccnc1	JGSUNMCABQUBOY-UHFFFAOYSA-M
3-sulfinoalanine	N[C@@H](CS(=O)O)C(=O)O	ADVPTQAUNPRNPO-REOHCLBHSA-N
3-sulfinylpyruvic acid	O=C(O)C(=O)CS(=O)O	JXYLQEMXCAAMOL-UHFFFAOYSA-N
3-sulfopyruvate	O=C([O-])C(=O)CS(=O)(=O)[O-]	BUTHMSUEBYPMKJ-UHFFFAOYSA-L
3-ureidoisobutyrate	C[C@H](CNC(N)=O)C(=O)O	PHENTZNALBMCQD-GSVOUGTGSA-N
3-ureidopropionate	NC(=O)NCCC(=O)[O-]	JSJWCHRYRHKBBW-UHFFFAOYSA-M
3alpha,12alpha-dihydroxy-5beta-cholanate	[H][C@]12CC[C@]3([H])[C@]([H])(C[C@H](O)[C@@]4(C)[C@@]3([H])CC[C@]4([H])[C@H](C)CCC(=O)O)[C@@]1(C)CC[C@@H](O)C2	KXGVEGMKQFWNSR-LLQZFEROSA-N
3alpha,7alpha,12alpha,24(S)-tetrahydroxy-5beta-cholestan-27-al	CC(C=O)[C@@H](O)CC[C@@H](C)[C@H]1CC[C@H]2[C@H]3[C@H](C[C@H](O)[C@@]21C)[C@@]1(C)CC[C@@H](O)C[C@H]1C[C@H]3O	MZWYIFQIBJLCBI-CJKJGBPISA-N
3alpha,7alpha,12alpha,25-tetrahydroxy-5beta-cholestane-24-one	CC(CCC(=O)C(C)(C)O)C1CCC2C1(C(CC3C2C(CC4C3(CCC(C4)O)C)O)O)C	CFVCOEMVLNMDAX-AHYZLEOVSA-N
3alpha,7alpha,12alpha-trihydroxy-5beta-24-oxocholestanoyl-CoA	[H][C@@]12C[C@H](O)CC[C@]1(C)[C@@]1([H])C[C@H](O)[C@@]3(C)[C@@]([H])(CC[C@]3([H])[C@]([H])(C)CCC(=O)C(C)C(=O)SCCNC(=O)CCNC(=O)[C@H](O)C(C)(C)COP(=O)(O)OP(=O)(O)OC[C@H]3O[C@@H](n4cnc5c(N)ncnc54)[C@H](O)[C@@H]3OP(=O)(O)O)[C@]1([H])[C@H](O)C2	AWLXQJGPNLCTLM-YFXOTMPNSA-N
3alpha,7alpha,12alpha-trihydroxy-5beta-cholest-24-enoyl-CoA	C/C(=C\CC[C@@H](C)[C@H]1CC[C@H]2[C@H]3[C@H](C[C@H](O)[C@@]21C)[C@@]1(C)CC[C@@H](O)C[C@H]1C[C@H]3O)C(=O)SCCNC(=O)CCNC(=O)[C@H](O)C(C)(C)COP(=O)([O-])OP(=O)([O-])OC[C@H]1O[C@@H](n2cnc3c(N)ncnc32)[C@H](O)[C@@H]1OP(=O)([O-])[O-]	QVDPWQVOSKJUES-JMOYVIBVSA-J
3alpha,7alpha,12alpha-trihydroxy-5beta-cholestan-26-al	CC(C=O)CCC[C@@H](C)[C@H]1CCC2C3C(C[C@@H](O)[C@@]21C)C1(C)CC[C@H](O)CC1C[C@@H]3O	USFJGINJGUIFSY-VQKUADTHSA-N
3alpha,7alpha,12alpha-trihydroxy-5beta-cholestan-27-al	CC(C=O)CCC[C@@H](C)[C@H]1CCC2C3C(C[C@@H](O)[C@@]21C)C1(C)CC[C@H](O)CC1C[C@@H]3O	USFJGINJGUIFSY-VQKUADTHSA-N
3alpha,7alpha,12alpha-trihydroxy-5beta-cholestanate	[H][C@@]12C[C@H](O)CC[C@]1(C)[C@@]1([H])C[C@H](O)[C@@]3(C)[C@@]([H])(CC[C@]3([H])[C@H](C)CCC[C@@H](C)C(=O)O)[C@]1([H])[C@H](O)C2	CNWPIIOQKZNXBB-WBYPBBSPSA-N
3alpha,7alpha,24(S)-trihydroxy-5beta-cholestan-27-al	CC(C=O)[C@@H](O)CC[C@@H](C)[C@H]1CC[C@H]2[C@H]3[C@H](CC[C@@]21C)[C@@]1(C)CC[C@@H](O)C[C@H]1C[C@H]3O	GDUNLMLXJUYQIN-MNABXBHASA-N
3alpha,7alpha-dihydroxy-24-oxo-5beta-cholestanoyl coa	[H][C@@]12C[C@H](O)CC[C@]1(C)[C@@]1([H])CC[C@]3(C)[C@@]([H])([C@]([H])(C)CCC(=O)C(C)C(=O)SCCNC(=O)CCNC(=O)[C@H](O)C(C)(C)COP(=O)(O)OP(=O)(O)OC[C@H]4O[C@@H](n5cnc6c(N)ncnc65)[C@H](O)[C@@H]4OP(=O)(O)O)CC[C@@]3([H])[C@]1([H])[C@H](O)C2	QWTJBRPOHKIMDT-MVFHLHSISA-N
3alpha,7alpha-dihydroxy-5beta-cholest-24-enoyl-CoA	CC(=CCC[C@@H](C)[C@H]1CC[C@H]2[C@H]3[C@H](CC[C@@]21C)[C@@]1(C)CC[C@@H](O)C[C@H]1C[C@H]3O)C(=O)SCCNC(=O)CCNC(=O)[C@H](O)C(C)(C)COP(=O)(O)OP(=O)(O)OC[C@H]1O[C@@H](n2cnc3c(N)ncnc32)[C@H](O)[C@@H]1OP(=O)(O)O	SEBZZAWTQNNGPK-ZAVIOYSRSA-N
3alpha,7alpha-dihydroxy-5beta-cholestan-26-al	C[C@@H](C=O)CCC[C@@H](C)[C@H]1CC[C@H]2[C@H]3[C@H](CC[C@@]21C)[C@@]1(C)CC[C@@H](O)C[C@H]1C[C@H]3O	YWGOKHMOJTZGBN-WKNWCLFJSA-N
3alpha,7alpha-dihydroxy-5beta-cholestan-27-al	CC(CCCC(C)C1CCC2C1(CCC3C2C(CC4C3(CCC(C4)O)C)O)C)C=O	YWGOKHMOJTZGBN-SBOSHUFNSA-N
3alpha,7alpha-dihydroxy-5beta-cholestanate	[H][C@@]12C[C@H](O)CC[C@]1(C)[C@@]1([H])CC[C@@]3(C)[C@@]([H])(CC[C@]3([H])[C@H](C)CCC[C@@H](C)C(=O)O)[C@]1([H])[C@H](O)C2	ITZYGDKGRKKBSN-RXDNHGQQSA-N
3beta,7alpha-dihydroxy-5-cholestenoate	CC(CCC[C@@H](C)[C@H]1CC[C@H]2[C@@H]3[C@H](O)C=C4C[C@@H](O)CC[C@]4(C)[C@H]3CC[C@@]21C)C(=O)O	GYJSAWZGYQXRBS-GRJZKGIBSA-N
3beta-hydroxy-5-cholestenal	CC(CCCC(C)C1CCC2C1(CCC3C2CC=C4C3(CCC(C4)O)C)C)C=O	JUGXQEJPWDYOJV-CYDOCGOVSA-N
4(R),8-dimethyl-nonanoyl-CoA	CC(C)CCCC(C)CCC(=O)SCCNC(=O)CCNC(=O)C(C(C)(C)COP(=O)([O-])OP(=O)([O-])OCC1C(C(C(O1)N2C=NC3=C(N=CN=C32)N)O)OP(=O)([O-])[O-])O	YGNKJFPEXQCWDB-MAWALYKISA-J
4(R),8-dimethyl-trans-2-nonenoyl-CoA	COC(=O)CC(=O)CC(=O)OC	RNJOKCPFLQMDEC-UHFFFAOYSA-N
4,4-Dimethylcholesta-8(9),14-Dien-3Beta-Ol	CC(C)CCCC(C)C1CC=C2C1(CCC3=C2CCC4C3(CCC(C4(C)C)O)C)C	OGQJUYXFIOFTMA-ZKRAVAGISA-N
4,4-dimethyl-14alpha-formyl-5alpha-cholesta-8,24-dien-3beta-ol	CC(C)=CCC[C@@H](C)[C@H]1CC[C@@]2(C=O)C3=C(CC[C@]12C)[C@@]1(C)CC[C@H](O)C(C)(C)[C@@H]1CC3	PGGIMLIQOHYFIS-PUXRVUTHSA-N
4,4-dimethyl-14alpha-formyl-5alpha-cholesta-8-en-3beta-ol	CC(C)CCCC(C)C1CCC2(C1(CCC3=C2CCC4C3(CCC(C4(C)C)O)C)C)C=O	MKMLAQLNFVFNRK-PUXRVUTHSA-N
4,4-dimethyl-14alpha-hydroxymethyl-5alpha-cholesta-8,24-dien-3beta-ol	CC(C)=CCC[C@@H](C)[C@H]1CC[C@@]2(CO)C3=C(CC[C@]12C)[C@@]1(C)CC[C@H](O)C(C)(C)[C@@H]1CC3	DWVYYKFZEDMMPU-PUXRVUTHSA-N
4,4-dimethyl-14alpha-hydroxymethyl-5alpha-cholesta-8-en-3beta-ol	CC(C)CCCC(C)C1CCC2(C1(CCC3=C2CCC4C3(CCC(C4(C)C)O)C)C)CO	SJPDNXKPBQHPMZ-PUXRVUTHSA-N
4,4-dimethyl-5alpha-cholesta-8,14,24-trien-3beta-ol	CC(C)=CCC[C@@H](C)[C@H]1CC=C2C3=C(CC[C@@]21C)[C@@]1(C)CC[C@H](O)C(C)(C)[C@@H]1CC3	LFQXEZVYNCBVDO-PBJLWWPKSA-N
4,4-dimethyl-5alpha-cholesta-8-en-3-beta-ol	CC(C)CCC[C@@H](C)[C@H]1CC[C@H]2C3=C(CC[C@@]21C)[C@@]1(C)CC[C@H](O)C(C)(C)[C@@H]1CC3	FYHRVINOXYETMN-QGBOJXOESA-N
4,5-dihydro-4-hydroxy-5-S-glutathionyl-benzo[a]pyrene	C1=CC=C2C3=C4C(=CC2=C1)C(C(C5=CC=CC(=C54)C=C3)O)SCC(C(=O)NCC(=O)O)NC(=O)CCC(C(=O)O)N	PZXCOGFLSNREMF-SUZCJKPRSA-N
4,6,7-trihydroxy-1,2,3,4-tetrahydroisoquinoline	Oc1cc2c(cc1O)C(O)CNC2	RNIMUEXSLJYHIE-UHFFFAOYSA-N
4,6-dideoxy-4-oxo-dTDP-D-glucose	Cc1cn([C@H]2C[C@H](O)[C@@H](COP(=O)(O)OP(=O)(O)OC3O[C@H](C)C(=O)[C@H](O)[C@H]3O)O2)c(=O)nc1=O	PSXWNITXWWECNY-SRPWTXKTSA-N
4,6-dihydroxyquinoline	Oc1ccc2nccc(O)c2c1	XFALURCRIGINGT-UHFFFAOYSA-N
4,8,12-trimethyltridecanoyl-CoA	CC(C)CCCC(C)CCCC(C)CCC(=O)SCCNC(=O)CCNC(=O)[C@H](O)C(C)(C)COP(=O)(O)OP(=O)(O)OC[C@H]1O[C@@H](n2cnc3c(N)ncnc32)[C@H](O)[C@@H]1OP(=O)(O)O	ZYUOZFCHODHLHG-LEJRVOBCSA-N
4,8-dihydroxyquinoline	Oc1ccnc2c(O)cccc12	PYELIMVFIITPER-UHFFFAOYSA-N
4,8-dimethylnonanoylcarnitine	CC(C)CCCC(C)CCC(=O)O[C@H](CC(=O)[O-])C[N+](C)(C)C	DDTDJDZHDFMZED-OEMAIJDKSA-N
4-(2-amino-3-hydroxyphenyl)-2,4-dioxobutanoate	Nc1c(O)cccc1C(=O)CC(=O)C(=O)[O-]	YCJNYHCCOXVYAF-UHFFFAOYSA-M
4-(2-amino-3-hydroxyphenyl)-4-oxobutanoic acid-O-glucoside	Nc1c(O[C@@H]2O[C@H](CO)[C@@H](O)[C@H](O)[C@H]2O)cccc1C(=O)CCC(=O)[O-]	XEXCWFKGYJFAQK-LMXXTMHSSA-M
4-(methylnitrosamino)-1-(1-oxido-3-pyridinyl)-1-butanone	CN(CCCC(=O)c1ccc[n+]([O-])c1)N=O	KRRWRVSPMYAJPF-UHFFFAOYSA-N
4-(methylnitrosamino)-1-(3-pyridyl)-1-butanol	CN(CCCC(O)c1cccnc1)N=O	OGRXKBUCZFFSTL-UHFFFAOYSA-N
4-(methylnitrosamino)-1-(3-pyridyl)-1-butanol glucuronide	CN(CCCC(O[C@@H]1O[C@H](C(=O)O)[C@@H](O)[C@H](O)[C@H]1O)c1cccnc1)N=O	KNPUXTWHFSLCDT-BBYIEOQPSA-N
4-(methylnitrosamino)-1-(3-pyridyl-N-oxide)-1-butanol	CN(CCCC(O)c1ccc[n+]([O-])c1)N=O	DKBKTKUNVONEGX-UHFFFAOYSA-N
4-(n-nitrosomethylamino)-1-(3-pyridyl)-1-butanone	CN(CCCC(=O)c1cccnc1)N=O	FLAQQSHRLBFIEZ-UHFFFAOYSA-N
4-(nitrosoamino)-1-(3-pyridinyl)-1-butanone	O=NNCCCC(=O)c1cccnc1	NCSVUFYZLCBFKE-UHFFFAOYSA-N
4-OH-13-cis-retinal	CC(C=CC1=C(C)C(O)CCC1(C)C)=C/C=C/C(C)=C\C=O	CYVVUYORRQQAQE-YNTLPHATSA-N
4-OH-9-cis-retinal	CC(=CC=O)/C=C/C=C(C)\C=C\C1=C(C)C(O)CCC1(C)C	CYVVUYORRQQAQE-PTUYJDPBSA-N
4-OH-retinal	CC1=C(/C=C/C(C)=C/C=C/C(C)=C/C=O)C(C)(C)C(O)CC1	NCIHLRCJOBKKAL-ZBSJWCJSSA-N
4-[(hydroxymethyl)nitrosoamino]-1-(3-pyridinyl)-1-butanone	O=NN(CO)CCCC(=O)c1cccnc1	DADWKWOJOMSGPK-UHFFFAOYSA-N
4-acetamidobutanoate	CC(=O)NCCCC(=O)[O-]	UZTFMUBKZQVKLK-UHFFFAOYSA-M
4-aminobutanal	[NH3+]CCCC=O	DZQLQEYLEYWJIB-UHFFFAOYSA-O
4-aminobutyrate	[NH3+]CCCC(=O)[O-]	BTCSSZJGUNDROE-UHFFFAOYSA-N
4-androstene-3,17-dione	C[C@]12CC[C@H]3[C@@H](CCC4=CC(=O)CC[C@@]43C)[C@@H]1CCC2=O	AEMFNILZOJDQLW-QAGGRKNESA-N
4-bromo-3,5-cyclohexadiene-1,2-dione	O=C1C=CC(Br)=CC1=O	LTHKZYVCVXHKLZ-UHFFFAOYSA-N
4-bromocatechol	Oc1ccc(Br)cc1O	AQVKHRQMAUJBBP-UHFFFAOYSA-N
4-bromophenol	Oc1ccc(Br)cc1	GZFGOTFRPZRKDS-UHFFFAOYSA-N
4-bromophenol-2,3-epoxide	OC1=CC=C(Br)C2OC12	NIXDKVLCYSTGRG-UHFFFAOYSA-N
4-cholesten-7alpha,12alpha,24(S)-triol-3-one	CC(C)[C@@H](O)CC[C@@H](C)[C@H]1CC[C@H]2[C@H]3[C@H](C[C@H](O)[C@@]21C)[C@@]1(C)CCC(=O)C=C1C[C@H]3O	JZKUXZQOULZTIJ-SNRWSJROSA-N
4-cholesten-7alpha,12alpha,27-triol-3-one	C[C@@H](CO)CCC[C@@H](C)[C@H]1CC[C@H]2[C@H]3[C@H](C[C@H](O)[C@@]21C)[C@@]1(C)CCC(=O)C=C1C[C@H]3O	WOODKECARRKLJJ-MNOWUWSHSA-N
4-cholesten-7alpha,24(S)-diol-3-one	CC(C)C(CCC(C)C1CCC2C1(CCC3C2C(CC4=CC(=O)CCC34C)O)C)O	LFFHZNXDGBQZCO-GXKBHXPCSA-N
4-cis-decenoyl-CoA	CCCCCC=CCCC(=O)SCCNC(=O)CCNC(=O)C(C(C)(C)COP(=O)(O)OP(=O)(O)OCC1C(C(C(O1)N2C=NC3=C(N=CN=C32)N)O)OP(=O)(O)O)O	QTOYQSMKQWCWOX-CCVVLBLYSA-N
4-coumarate	O=C([O-])/C=C/c1ccc(O)cc1	NGSWKAQJJWESNS-ZZXKWVIFSA-M
4-coumaroyl-CoA	CC(C)(COP(=O)(O)OP(=O)(O)OC[C@H]1O[C@@H](n2cnc3c(N)ncnc32)[C@H](O)[C@@H]1OP(=O)(O)O)[C@@H](O)C(=O)NCCC(=O)NCCSC(=O)C=Cc1ccc(O)cc1	DMZOKBALNZWDKI-FUEUKBNZSA-N
4-hydroperoxy-2-nonenal	CCCCCC(/C=C/C=O)OO	TVNYLRYVAZWBEH-FNORWQNLSA-N
4-hydroperoxy-H4-neuroprostane	CC/C=C\C/C=C\CC=CC[C@@H]1C2CC(OO2)[C@H]1C=CC(CCC(=O)[O-])OO	HFFDJQRQJYSADX-WUNASYCTSA-M
4-hydroxy-1-(3-pyridinyl)-1-butanone	O=C(CCCO)c1cccnc1	KTXUGZHJVRHQGP-UHFFFAOYSA-N
4-hydroxy-17beta-estradiol	CC12CCC3C(C1CCC2O)CCC4=C3C=CC(=C4O)O	QOZFCKXEVSGWGS-ZHIYBZGJSA-N
4-hydroxy-17beta-estradiol-2-S-glutathione	C[C@]12CC[C@H]3c4cc(SC[C@H]([NH+]=C([O-])CC[C@H]([NH3+])C(=O)[O-])C([O-])=[NH+]CC(=O)[O-])c(O)c(O)c4CC[C@@H]3[C@H]1CC[C@@H]2O	ARFSXJIGVSWGDY-AGFNSGRBSA-M
4-hydroxy-2-nonenal	CCCCCC(O)/C=C/C=O	JVJFIQYAHPMBBX-FNORWQNLSA-N
4-hydroxy-2-oxoglutarate	O=C([O-])C(=O)CC(O)C(=O)[O-]	WXSKVKPSMAHCSG-UHFFFAOYSA-L
4-hydroxy-2-quinolinecarboxylic acid	O=C(O)c1cc(O)c2ccccc2n1	HCZHHEIFKROPDY-UHFFFAOYSA-N
4-hydroxy-3-nitrophenylacetate	O=C([O-])Cc1ccc([O-])c([N+](=O)[O-])c1	QBHBHOSRLDPIHG-UHFFFAOYSA-L
4-hydroxy-4-(methylnitrosoamino)-1-(3-pyridinyl)-1-butanone	CN(N=O)C(O)CCC(=O)c1cccnc1	UIPLZNGNFRQXQE-UHFFFAOYSA-N
4-hydroxy-D4-neuroprostane	CCC=CCC=CCC=CCC1C(C(CC1=O)O)C=CC(CCC(=O)O)O	IDXBOXWUWDDSSX-GSPMAKDWSA-N
4-hydroxy-E4-neuroprostane	CC/C=C\C/C=C\CC=CC[C@H]1C(O)CC(=O)[C@H]1C=C[C@@H](O)CCC(=O)[O-]	RIVCEGQLJFEWTQ-UNKNXARJSA-M
4-hydroxy-all-trans-retinoate	CC1=C(/C=C/C(C)=C/C=C/C(C)=C/C(=O)O)C(C)(C)CCC1O	KGUMXGDKXYTTEY-FRCNGJHJSA-N
4-hydroxy-all-trans-retinyl-acetate	CC1=C(C(CCC1O)(C)C)C=CC(=CC=CC(=CCOC(=O)C)C)C	ULTPFVHSYYJYAE-BRMLSVPOSA-N
4-hydroxy-debrisoquine	N=C(N)N1Cc2ccccc2C(O)C1	AKFURXZANOMQBD-UHFFFAOYSA-N
4-hydroxy-tolbutamide	CCCCNC(=O)NS(=O)(=O)c1ccc(CO)cc1	SJRHYONYKZIRPM-UHFFFAOYSA-N
4-hydroxybenzoate	O=C([O-])c1ccc(O)cc1	FJKROLUGYXJWQN-UHFFFAOYSA-M
4-hydroxybenzoyl-CoA	CC(C)(COP(=O)(O)OP(=O)(O)OCC1C(C(C(O1)N2C=NC3=C(N=CN=C32)N)O)OP(=O)(O)O)C(C(=O)NCCC(=O)NCCSC(=O)C4=CC=C(C=C4)O)O	LTVXPVBFJBTNIJ-TYHXJLICSA-N
4-hydroxyestrone	CC12CCC3C(C1CCC2=O)CCC4=C3C=CC(=C4O)O	XQZVQQZZOVBNLU-QDTBLXIISA-N
4-hydroxyestrone-2-S-glutathione	C[C@]12CCC3c4cc(SC[C@@H](NC(=O)CC[C@@H]([NH3+])C(=O)[O-])C(=O)NCC(=O)[O-])c(O)c(O)c4CCC3C1CCC2=O	UKCFCQKNUGHMIT-GEAYSQNSSA-M
4-hydroxyphenylacetaldehyde	O=CCc1ccc(O)cc1	IPRPPFIAVHPVJH-UHFFFAOYSA-N
4-hydroxyphenylacetate	O=C(O)Cc1ccc(O)cc1	XQXPVVBIMDBYFF-UHFFFAOYSA-N
4-hydroxyphenyllactate	O=C(O)C(O)Cc1ccc(O)cc1	JVGVDSSUAVXRDY-UHFFFAOYSA-N
4-hydroxyphenylpyruvate	O=C([O-])C(=O)Cc1ccc(O)cc1	KKADPXVIOXHVKN-UHFFFAOYSA-M
4-hydroxyretinoic acid	CC1=C(/C=C/C(C)=C/C=C/C(C)=C/C(=O)O)C(C)(C)CCC1O	KGUMXGDKXYTTEY-FRCNGJHJSA-N
4-hydroxyvitamin A1	CC(C=CC1=C(C)C(O)CCC1(C)C)=CC=CC(C)=CCO	IOELQUUUYMBPSA-UHFFFAOYSA-N
4-imidazolone-5-propanoate	C1=NC(C(=O)N1)CCC(=O)O	HEXMLHKQVUFYME-UHFFFAOYSA-N
4-maleylacetoacetate	O=C(O)/C=C\C(=O)CC(=O)CC(=O)O	GACSIVHAIFQKTC-UPHRSURJSA-N
4-methoxy-17beta-estradiol	CC12CCC3C(C1CCC2O)CCC4=C3C=CC(=C4OC)O	BCWZIZLVBYHFES-PYEWSWHRSA-N
4-methoxyestrone	CC12CCC3C(C1CCC2=O)CCC4=C3C=CC(=C4OC)O	PUEXVLNGOBYUEW-BFDPJXHCSA-N
4-methyl-2-oxopentanoate	CC(C)CC(=O)C(=O)[O-]	BKAJNAXTPSGJCU-UHFFFAOYSA-M
4-methyl-pentanoyl-CoA	CC(C)CCC(=O)SCCNC(=O)CCNC(=O)[C@H](O)C(C)(C)COP(=O)([O-])OP(=O)([O-])OC[C@H]1O[C@@H](n2cnc3c(N)ncnc32)[C@H](O)[C@@H]1OP(=O)([O-])[O-]	GESPQCUXDWNNGU-HDRQGHTBSA-J
4-methylpentan-1-ol	CC(C)CCCO	PCWGTDULNUVNBN-UHFFFAOYSA-N
4-methylthio-2-oxobutanoic acid	CSCCC(=O)C(=O)[O-]	SXFSQZDSUWACKX-UHFFFAOYSA-M
4-nitrocatechol	O=[N+]([O-])c1ccc(O)c(O)c1	XJNPNXSISMKQEX-UHFFFAOYSA-N
4-nitrophenyl-phosphate	O=[N+]([O-])c1ccc(OP(=O)([O-])[O-])cc1	XZKIHKMTEMTJQX-UHFFFAOYSA-L
4-nitrophenyl-sulfate	O=[N+]([O-])c1ccc(OS(=O)(=O)O)cc1	JBGHTSSFSSUKLR-UHFFFAOYSA-N
4-oxo-1-(3-pyridyl)-1-butanone	O=CCCC(=O)c1cccnc1	CFONOJVUTZAMCB-UHFFFAOYSA-N
4-oxo-13-cis-retinoate	CC1=C(/C=C/C(C)=C/C=C/C(C)=C\C(=O)[O-])C(C)(C)C(=O)CC1	YOFBBAJVETYSCH-IWRFDTMXSA-M
4-oxo-2-nonenal	CCCCCC(=O)/C=C/C=O	SEPPVOUBHWNCAW-FNORWQNLSA-N
4-oxo-9-cis-retinoate	CC(C=CC1=C(C)CCC(=O)C1(C)C)=CC=CC(C)=CC(=O)[O-]	YOFBBAJVETYSCH-UHFFFAOYSA-M
4-oxo-9-cis-retinoyl-beta-glucuronide	CC1=C(C(C(=O)CC1)(C)C)C=CC(=CC=CC(=CC(=O)OC2C(C(C(C(O2)C(=O)O)O)O)O)C)C	XEIKLAKHCVSUMR-CAHRZYSUSA-N
4-oxo-all-trans-retinoate	CC1=C(C(CCC1=O)(C)C)C=CC(=CC=CC(=CC(=O)O)C)C	GGCUJPCCTQNTJF-FRCNGJHJSA-N
4-oxoretinol	CC1=C(C(CCC1=O)(C)C)C=CC(=CC=CC(=CCO)C)C	PLIUCYCUYQIBDZ-RMWYGNQTSA-N
4-pyridoxate	Cc1ncc(CO)c(C(=O)O)c1O	HXACOUQIXZGNBF-UHFFFAOYSA-N
4-trimethylammoniobutanal	C[N+](C)(C)CCCC=O	OITBLCDWXSXNCN-UHFFFAOYSA-N
4Alpha,5-Epoxy-8Alpha-Hydroperoxytocopherone	CC1=C(C)C2(OO)OC(C)(CCC[C@@H](C)CCC[C@@H](C)CCCC(C)C)CCC23OC3(C)C1=O	FTDAVYLKBDZWCU-DGCSJVOTSA-N
4alpha-carboxy-4beta-methyl-5alpha-cholesta-8,24-dien-3beta-ol	CC(CCC=C(C)C)C1CCC2C1(CCC3=C2CCC4C3(CCC(C4(C)C(=O)O)O)C)C	MYWAIWDQTCHPTH-LJAIZBFVSA-N
4alpha-carboxy-4beta-methyl-5alpha-cholesta-8-en-3beta-ol	CC(C)CCCC(C)C1CCC2C1(CCC3=C2CCC4C3(CCC(C4(C)C(=O)O)O)C)C	GLCDBDRQLZKKOJ-LJAIZBFVSA-N
4alpha-carboxy-5alpha-cholesta-8,24-dien-3beta-ol	CC(CCC=C(C)C)C1CCC2C1(CCC3=C2CCC4C3(CCC(C4C(=O)O)O)C)C	JHIWIFRQJXLNEU-CEDIQTLQSA-N
4alpha-carboxy-5alpha-cholesta-8-en-3beta-ol	CC(C)CCCC(C)C1CCC2C1(CCC3=C2CCC4C3(CCC(C4C(=O)O)O)C)C	RODBXVVNKJCWQR-GSQAGGHASA-N
4alpha-formyl-4beta-methyl-5alpha-cholesta-8,24-dien-3beta-ol	CC(CCC=C(C)C)C1CCC2C1(CCC3=C2CCC4C3(CCC(C4(C)C=O)O)C)C	GFGANDKVOKQAGH-WKYRUEGDSA-N
4alpha-formyl-4beta-methyl-5alpha-cholesta-8-en-3beta-ol	CC(C)CCCC(C)C1CCC2C1(CCC3=C2CCC4C3(CCC(C4(C)C=O)O)C)C	WWTBBRMTEFBUND-WKYRUEGDSA-N
4alpha-formyl-5alpha-cholesta-8,24-dien-3beta-ol	CC(CCC=C(C)C)C1CCC2C1(CCC3=C2CCC4C3(CCC(C4C=O)O)C)C	ZLQSSFNCEUGGJF-NUESBDPTSA-N
4alpha-formyl-5alpha-cholesta-8-en-3beta-ol	CC(C)CCCC(C)C1CCC2C1(CCC3=C2CCC4C3(CCC(C4C=O)O)C)C	MHYWFGFPMGLYBL-NUESBDPTSA-N
4alpha-hydroxymethyl-4beta-methyl-5alpha-cholesta-8,24-dien-3beta-ol	CC(CCC=C(C)C)C1CCC2C1(CCC3=C2CCC4C3(CCC(C4(C)CO)O)C)C	LEUVIESGHNFBEK-WKYRUEGDSA-N
4alpha-hydroxymethyl-4beta-methyl-5alpha-cholesta-8-en-3beta-ol	CC(C)CCCC(C)C1CCC2C1(CCC3=C2CCC4C3(CCC(C4(C)CO)O)C)C	UVSRXDFMOZKKGE-WKYRUEGDSA-N
4alpha-hydroxymethyl-5alpha-cholesta-8,24-dien-3beta-ol	CC(CCC=C(C)C)C1CCC2C1(CCC3=C2CCC4C3(CCC(C4CO)O)C)C	ORZKEIGPXNMCHC-NUESBDPTSA-N
4alpha-hydroxymethyl-5alpha-cholesta-8-en-3beta-ol	CC(C)CCCC(C)C1CCC2C1(CCC3=C2CCC4C3(CCC(C4CO)O)C)C	UPEGTKGKNWDIAN-NUESBDPTSA-N
4alpha-hydroxytetrahydrobiopterin	CC(O)C(O)C1CNC2=NC(N)=NC(=O)C2(O)N1	KJKIEFUPAPPGBC-UHFFFAOYSA-N
4alpha-methyl-5alpha-cholesta-8-en-3-one	CC1C2CCC3=C(C2(CCC1=O)C)CCC4(C3CCC4C(C)CCCC(C)C)C	SDZUXFFGOQZLPK-SINUOACOSA-N
4alpha-methyl-cholesta-8-enol	CC1C2CCC3=C(C2(CCC1O)C)CCC4(C3CCC4C(C)CCCC(C)C)C	SCEZIHJVTBQOLS-YIJYGBTNSA-N
4alpha-methylzymosterol	CC1C2CCC3=C(C2(CCC1O)C)CCC4(C3CCC4C(C)CCC=C(C)C)C	FOUJWBXBKVVHCJ-YIJYGBTNSA-N
5(S),12(R)-dihydroxy-eicosa-2,8-trans-6,14-cis-tetraenoyl-CoA	CCCCC/C=C\CC(O)CC/C=C/C=C\[C@@H](O)C/C=C/C(=O)SCCNC(=O)CCNC(=O)C(O)C(C)(C)COP(=O)([O-])OP(=O)([O-])OCC1O[C@H](n2cnc3c(N)ncnc32)C(O)C1OP(=O)([O-])[O-]	AYYISPCMVSHNTF-KXSCBGIKSA-J
5(S),6(S)-epoxy-15(R)-HEPE	CCC=CC[C@H](O)C=CC=CC=C/C=C/[C@H]1O[C@H]1CCCC(=O)[O-]	YEBHLCFHJVBPBN-MYSKJJLHSA-M
5(S)-HEPE	CCC=CCC=CCC=CCC=CC=CC(CCCC(=O)O)O	FTAGQROYQYQRHF-GHWNLOBHSA-N
5(S)-HETE	CCCCC/C=C\C/C=C\C/C=C\C=C\[C@@H](O)CCCC(=O)O	KGIJOOYOSFUGPC-JGKLHWIESA-N
5(S)-HPETE	CCCCC/C=C\C/C=C\C/C=C\C=C\[C@H](CCCC(=O)O)OO	JNUUNUQHXIOFDA-JGKLHWIESA-N
5(S)-HpEPE	CC/C=C\C/C=C\C/C=C\C/C=C\C=C\C(CCCC(=O)[O-])OO	NKXYOIJDQPQELO-FCWZHQICSA-M
5,10-methenyl-THF	Nc1nc2c(c(=O)[nH]1)[N+]1=CN(c3ccc(C(=O)N[C@@H](CCC(=O)[O-])C(=O)[O-])cc3)C[C@H]1CN2	MEANFMOQMXYMCT-OLZOCXBDSA-M
5,10-methylene-THF	[H][C@]12CNc3nc(N)nc(=O)c3N1CN(c1ccc(C(=O)N[C@@H](CCC(=O)O)C(=O)O)cc1)C2	QYNUQALWYRSVHF-OLZOCXBDSA-N
5,12,18R-TriHEPE	CC[C@@H](O)/C=C/C=C\C[C@H](O)/C=C/C=C\C=C\[C@H](O)CCCC(=O)O	AOPOCGPBAIARAV-OSEJDTMESA-N
5,12,20-TriHETE	C(CCC=CCC(C=CC=CC=CC(CCCC(=O)O)O)O)CCO	PTJFJXLGRSTECQ-UHFFFAOYSA-N
5,12-DiHETE	CCCCC/C=C/CC(O)/C=C/C=C/C=C/C(O)CCCC(=O)O	VNYSSYRCGWBHLG-XUOUMLBJSA-N
5,12-dihydroxy-(6E)-LTB5	CC/C=C\C/C=C\C[C@H](O)/C=C\C=C/C=C\[C@H](O)CCCC(=O)[O-]	BISQPGCQOHLHQK-TVSPXJJMSA-M
5,15-DiHETE	CCCCCC(C=CC=CCC=CC=CC(CCCC(=O)O)O)O	UXGXCGPWGSUMNI-PCTZFDORSA-N
5,6-DHET	CCCCC/C=C\C/C=C\C/C=C\CC(O)C(O)CCCC(=O)O	GFNYAPAJUNPMGH-QNEBEIHSSA-N
5,6-Dihydrouracil	O=C1CCNC(=O)N1	OIVLITBTBDPEFK-UHFFFAOYSA-N
5,6-EET	CCCCC/C=C\C/C=C\C/C=C\CC1OC1CCCC(=O)[O-]	VBQNSZQZRAGRIX-QNEBEIHSSA-M
5,6-Epoxy-Alpha-Tocopheryl Quinone	CC1=C(CC[C@](C)(O)CCC[C@@H](C)CCC[C@@H](C)CCCC(C)C)C(=O)C2(C)OC2(C)C1=O	XKMXNXGDIBTSKJ-MSJFMHLMSA-N
5,6-dihydroxyindole-2-carboxylate	O=C(O)c1cc2cc(O)c(O)cc2n1	YFTGOBNOJKXZJC-UHFFFAOYSA-N
5,6-epoxytetraene	CCCCC[C@H](O)C=C/C=C\C=C\C=C[C@@H]1O[C@H]1CCCC(=O)[O-]	YNHSGCYEQVDEOY-MHXTUGJJSA-M
5,6-indolequinone-2-carboxylate	O=C1C=c2cc(C(=O)O)[nH]c2=CC1=O	FXURFKFOPCZEKG-UHFFFAOYSA-N
5,8,11,14,17-Eicosapentenoic Acid	CCC=CCC=CCC=CCC=CCC=CCCCC(=O)O	JAZBEHYOTPTENJ-UHFFFAOYSA-N
5,9,11-trihydroxyprosta-(6E,14Z)-dien-1-oate	CNc1ccccc1C(=O)O[C@@H]1[C@@H](C)[C@@]2(O)[C@@H](C=C(CO)C[C@]3(O)C(=O)C(C)=C[C@@H]23)[C@@H]2C(C)(C)[C@]12OC(C)=O	UPAIGGMQTARRMN-CSSCWBSHSA-N
5-(3-pyridyl)-2-hydroxytetrahydrofuran	OC1CCC(c2cccnc2)O1	LHGVLZHIYVKZBT-UHFFFAOYSA-N
5-(D-galactosyloxy)-L-lysine-procollagen	[*]NC(=O)[C@H](CC[C@H](CN)O[C@@H]1O[C@H](CO)[C@H](O)[C@H](O)[C@H]1O)NC([*])=O	
5-Ht-Moduline	CC(C)C[C@H](N=C(O)[C@@H](C)N=C(O)[C@H](CO)N=C(O)[C@H](N)CC(C)C)C(=O)O	IMIVWAUMTAIVPJ-MQYQWHSLSA-N
5-Hydroxy-2-oxo-4-ureido-2,5-dihydro-1H-imidazole-5-carboxylate	NC(=O)NC1=NC(=O)NC1(O)C(=O)[O-]	WHKYNCPIXMNTRQ-UHFFFAOYSA-M
5-Hydroxyhexanoic Acid	CC(CCCC(=O)O)O	YDCRNMJQROAWFT-UHFFFAOYSA-N
5-Phosphonooxy-L-lysine	NC[C@@H](CC[C@H](N)C(=O)O)OP(=O)(O)O	WLPXLNNUXMDSPG-UHNVWZDZSA-N
5-S-Cysteinyldopamine	C1=C(C=C(C(=C1O)O)SCC(C(=O)O)N)CCN	BZYHBWCVRKSWDB-ZETCQYMHSA-N
5-S-cysteinyldopa	N[C@@H](Cc1cc(O)c(O)c(SC[C@H](N)C(=O)O)c1)C(=O)O	SXISMOAILJWTID-BQBZGAKWSA-N
5-S-glutathionyl-L-dopa	C1=C(C=C(C(=C1O)O)SCC(C(=O)NCC(=O)O)NC(=O)CCC(C(=O)O)N)CC(C(=O)O)N	QPUCCRKMCAEIND-DCAQKATOSA-N
5-S-glutathionyl-adrenochrome hydroquinone	CN1CC(O)c2c1cc([O-])c(O)c2SC[C@H](N=C(O)CC[C@@H](N)C(=O)O)C(O)=NCC(=O)O	UMHIHIHOPWDCAG-RLBMWQAVSA-M
5-S-glutathionyl-aminochrome reduced	[NH3+][C@H](CCC([O-])=[NH+][C@@H](CSc1c(O)c(O)cc2c1CCN2)C([O-])=[NH+]CC(=O)[O-])C(=O)[O-]	OWLBFEJNNSEXED-KOLCDFICSA-M
5-S-glutathionyl-dopachrome hydroquinone	N[C@H](CCC([O-])=N[C@@H](CSc1c(O)c([O-])cc2c1C[C@H](C(=O)O)N2)C(O)=NCC(=O)O)C(=O)O	OKIPDFKDQBFUGS-IEBDPFPHSA-L
5-S-glutathionyl-dopamine	NCCc1cc(O)c(O)c(SC[C@H](NC(=O)CC[C@H](N)C(=O)O)C(=O)NCC(=O)O)c1	YTAAHCYRCMYQCJ-QWRGUYRKSA-N
5-S-glutathionyl-noradrenochrome hydroquinone	N[C@H](CCC(O)=N[C@@H](CSc1c(O)c([O-])cc2c1C(O)CN2)C(O)=NCC(=O)O)C(=O)O	XTLRYYYPDRZRCW-HTDYCOQPSA-M
5-alpha-dihydrotestosterone	C[C@]12CC[C@H]3[C@@H](CC[C@H]4CC(=O)CC[C@@]43C)[C@@H]1CC[C@@H]2O	NVKAWKQGWWIWPM-ABEVXSGRSA-N
5-amino-2-oxopentanoic acid	[NH3+]CCCC(=O)C(=O)[O-]	BWHGMFYTDQEALD-UHFFFAOYSA-N
5-aminolevulinate	[NH3+]CC(=O)CCC(=O)[O-]	ZGXJTSGNIOSYLO-UHFFFAOYSA-N
5-androstene-3,17-dione	CC12CCC3C(C1CCC2=O)CC=C4C3(CCC(=O)C4)C	SQGZFRITSMYKRH-QAGGRKNESA-N
5-carboxy-alpha-chromanol	Cc1c(C)c2c(c(C)c1O)CC[C@@](C)(CCCC(C)C(=O)O)O2	QWPNLVBAEZJBMI-IMFVZPHKSA-N
5-carboxy-gamma-chromanol	Cc1c(O)cc2c(c1C)O[C@](C)(CCC[C@H](C)C(=O)O)CC2	CNGKBUHOCIWLHJ-BBATYDOGSA-N
5-deoxyadenosine	CC1C(C(C(O1)N2C=NC3=C(N=CN=C32)N)O)O	XGYIMTFOTBMPFP-KQYNXXCUSA-N
5-formiminotetrahydrofolate	[H]C(=N)N1c2c(nc(N)nc2=O)NC[C@@H]1CNc1ccc(C(=O)N[C@@H](CCC(=O)O)C(=O)O)cc1	YCWUVLPMLLBDCU-STQMWFEESA-N
5-formyl-THF	COc1ccc(O)c2c(=O)c3c(OC)cc4c(c3oc12)[C@@H]1C[C@@H](OC(C)=O)O[C@@H]1O4	VZHNKMOIUZYDEK-RMIDZRHBSA-N
5-guanidino-2-oxopentanoate	NC(=[NH2+])NCCCC(=O)C(=O)[O-]	ARBHXJXXVVHMET-UHFFFAOYSA-N
5-hydroxy-L-tryptophan	NC(Cc1c[nH]c2ccc(O)cc12)C(=O)O	LDCYZAJDBXYCGN-UHFFFAOYSA-N
5-hydroxy-N-formylkynurenine	N[C@@H](CC(=O)c1cc(O)ccc1NC=O)C(=O)O	LSTOUSIIVKMJBU-QMMMGPOBSA-N
5-hydroxy-fluvastatin	CC(C)N1C2=CC=CC=C2C(=C1C=CC(CC(CC(=O)O)O)(O)O)C3=CC=C(C=C3)F	NEMPRSHNUXOXEU-DXRVJIQQSA-N
5-hydroxy-omeprazole	COc1ccc2[nH]c(S(=O)Cc3ncc(CO)c(OC)c3C)nc2c1	CMZHQFXXAAIBKE-UHFFFAOYSA-N
5-hydroxyindoleacetaldehyde	O=CCc1c[nH]c2ccc(O)cc12	OBFAPCIUSYHFIE-UHFFFAOYSA-N
5-hydroxyindoleacetate	O=C(O)Cc1cnc2ccc(O)cc12	DUUGKQCEGZLZNO-UHFFFAOYSA-N
5-hydroxyisourate	O=C1N=C2NC(=O)N[C@@]2(O)C(=O)N1	LTQYPAVLAYVKTK-YFKPBYRVSA-N
5-hydroxykynurenamine	Nc1ccc(O)cc1C(=O)CC[NH3+]	JANBBPTXDKFOQR-UHFFFAOYSA-O
5-hydroxykynurenine	Nc1ccc(O)cc1C(=O)C[C@H]([NH3+])C(=O)[O-]	OTDQYOVYQQZAJL-QMMMGPOBSA-N
5-hydroxytryptophol	OCCc1c[nH]c2ccc(O)cc12	KQROHCSYOGBQGJ-UHFFFAOYSA-N
5-methoxyindoleacetate	COc1ccc2[nH]cc(CC(=O)O)c2c1	COCNDHOPIHDTHK-UHFFFAOYSA-N
5-methoxytryptophol	COc1ccc2[nH]cc(CCO)c2c1	QLWKTGDEPLRFAT-UHFFFAOYSA-N
5-methyl-THF	CN1c2c(nc(N)nc2=O)NCC1CNc1ccc(C(=O)N[C@@H](CCC(=O)O)C(=O)O)cc1	ZNOVTXRBGFNYRX-ABLWVSNPSA-N
5-methyltetrahydropteroyltri-L-glutamate	CN1c2c(nc(N)nc2=O)NC[C@@H]1CNc1ccc(C(=O)N[C@@H](CCC(=O)N[C@@H](CCC(=O)N[C@@H](CCC(=O)O)C(=O)O)C(=O)O)C(=O)O)cc1	HVRNKDVLFAVCJF-VJANTYMQSA-N
5-methylthioadenosine	CSC[C@H]1O[C@@H](n2cnc3c(N)ncnc32)[C@H](O)[C@@H]1O	WUUGFSXJNOTRMR-IOSLPCCCSA-N
5-nitro-gamma-tocopherol	Cc1c(C)c2c(c([N+](=O)[O-])c1O)CC[C@@](C)(CCC[C@@H](C)CCC[C@@H](C)CCCC(C)C)O2	CVEXLLWUKIIJNZ-YHGPEZAFSA-N
5-oxo-(6E)-12-epi-LTB4	CCCCCC=CC[C@@H](O)C=CC=CC=CC(=O)CCCC(=O)[O-]	MLZJFLKEKVDNAZ-GOSISDBHSA-M
5-oxo-12(R)-hydroxy-eicosa-(2E,8E,10E,14Z)-tetraenoyl-CoA	CCCC[C@@H](O)/C=C\CC/C=C/C=C/CCC(=O)C/C=C/C(=O)SCCNC(=O)CCNC(=O)C(O)C(C)(C)COP(=O)([O-])OP(=O)([O-])OCC1O[C@H](n2cnc3c(N)ncnc32)C(O)C1OP(=O)([O-])[O-]	SCEIHBUXWIZVRQ-KRPZJLMJSA-J
5-oxo-12(R)-hydroxy-eicosa-(8E,10E,14Z)-trienoyl-CoA	CCCCC/C=C\CC(O)/C=C/C=C/CCC(=O)CCCC(=O)SCCNC(=O)CCNC(=O)C(O)C(C)(C)COP(=O)([O-])OP(=O)([O-])OCC1O[C@H](n2cnc3c(N)ncnc32)C(O)C1OP(=O)([O-])[O-]	SMWLNBURDHTIJO-JULPYIMCSA-J
5-oxo-12(S)-hydroxy-eicosa-(2E,8E,10E,14Z)-tetraenoyl-CoA	CCCC[C@H](O)/C=C\CC/C=C/C=C/CCC(=O)C/C=C/C(=O)SCCN=C([O-])CCN=C([O-])C(O)C(C)(C)COP(=O)(O)OP(=O)(O)OCC1O[C@H](n2cnc3c(N)ncnc32)C(O)C1OP(=O)([O-])[O-]	SCEIHBUXWIZVRQ-RDCCAAMPSA-J
5-oxo-12(S)-hydroxy-eicosa-(8E,10E,14Z)-trienoyl-CoA	CCCCCC=CC[C@H](O)/C=C/C=C/CCC(=O)CCCC(=O)SCCNC(=O)CCNC(=O)C(O)C(C)(C)COP(=O)([O-])OP(=O)([O-])OCC1O[C@H](n2cnc3c(N)ncnc32)C(O)C1OP(=O)([O-])[O-]	SMWLNBURDHTIJO-BMPRLPGWSA-J
5-oxo-12-HETE	CCCCCC=CC[C@H](O)C=CC=CC=CC(=O)CCCC(=O)[O-]	MLZJFLKEKVDNAZ-SFHVURJKSA-M
5-oxo-6-trans-LTB4	CCCCC/C=C\C[C@@H](O)/C=C/C=C/C=C/C(=O)CCCC(=O)[O-]	MLZJFLKEKVDNAZ-BEWISGCMSA-M
5-oxo-EPE	CCC=CCC=CCC=CCC=CC=CC(=O)CCCC(=O)[O-]	KVLNCELNGBMHDX-UHFFFAOYSA-M
5-oxo-ETE	CCCCCC=CCC=CCC=CC=CC(=O)CCCC(=O)O	MEASLHGILYBXFO-XTDASVJISA-N
5-oxoproline	O=C1CC[C@@H](C(=O)O)N1	ODHCTXKNWHHXJC-VKHMYHEASA-N
5-phosphopolynucleotide	[*][C@@H]1O[C@H](COP(=O)(O)O[C@@H]2[C@@H](COP(=O)(O)O[C@@H]3[C@@H](COP(=O)(O)O)O[C@@H]([*])[C@@H]3O)O[C@@H]([*])[C@@H]2O)[C@@H](O)[C@H]1O	
5-phosphoribosyl-4-carboxy-5-aminoimidazole	Nc1c(C(=O)O)ncn1[C@@H]1O[C@H](COP(=O)(O)O)[C@@H](O)[C@H]1O	XFVULMDJZXYMSG-ZIYNGMLESA-N
5-phosphoribosylamine	N[C@@H]1O[C@H](COP(=O)(O)O)[C@@H](O)[C@H]1O	SKCBPEVYGOQGJN-TXICZTDVSA-N
5-phosphoribosylformylglycinamidine	N=C(CNC=O)NC1O[C@H](COP(=O)(O)O)[C@@H](O)[C@H]1O	PMCOGCVKOAOZQM-ZRTZXPPTSA-N
5-pp-inspP5	O=P(O)(O)O[C@H]1[C@@H](OP(=O)(O)O)[C@H](OP(=O)(O)O)[C@@H](OP(=O)(O)OP(=O)(O)O)[C@H](OP(=O)(O)O)[C@H]1OP(=O)(O)O	UPHPWXPNZIOZJL-KXXVROSKSA-N
5-tetradecenoyl-CoA	CCCCCCCC/C=C\CCCC(=O)SCCNC(=O)CCNC(=O)[C@H](O)C(C)(C)COP(=O)([O-])OP(=O)([O-])OC[C@H]1O[C@@H](n2cnc3c(N)ncnc32)[C@H](O)[C@@H]1OP(=O)([O-])[O-]	MRVDZOHJMLTLHJ-STFCKWFXSA-J
5alpha-androstane-3,17-dione	C[C@]12CC[C@H]3[C@@H](CC[C@H]4CC(=O)CC[C@@]43C)[C@@H]1CCC2=O	RAJWOBJTTGJROA-WZNAKSSCSA-N
5alpha-androstane-3alpha,17beta-diol	C[C@]12CC[C@H]3[C@@H](CC[C@H]4C[C@H](O)CC[C@@]43C)[C@@H]1CC[C@@H]2O	CBMYJHIOYJEBSB-KHOSGYARSA-N
5alpha-cholesta-7,24-dien-3beta-ol	CC(C)=CCC[C@@H](C)[C@H]1CC[C@H]2C3=CC[C@H]4C[C@@H](O)CC[C@]4(C)[C@H]3CC[C@@]21C	PKEPPDGGTSZLBL-SKCNUYALSA-N
5alpha-cholesta-8,24-dien-3-one	CC(C)=CCC[C@@H](C)[C@H]1CC[C@H]2C3=C(CC[C@@]21C)[C@@]1(C)CCC(=O)C[C@@H]1CC3	AUNLIRXIJAVBNM-ZSBATXSLSA-N
5alpha-cholesta-8-en-3-one	CC(C)CCCC(C)C1CCC2C1(CCC3=C2CCC4C3(CCC(=O)C4)C)C	RZSXSHNNQBIPTL-ZSBATXSLSA-N
5alpha-dihydrotestosterone-glucuronide	C[C@]12CC[C@@H]3[C@@H](CC[C@H]4CC(=O)CC[C@@]43C)[C@@H]1CC[C@@H]2O[C@@H]1O[C@H](C(=O)O)[C@@H](O)[C@H](O)[C@H]1O	CLQMBSSRTBUNDV-HRPCFKRRSA-N
5alpha-dihydrotestosterone-sulfate	CC12CCC(=O)CC1CCC3C2CCC4(C3CCC4OS(=O)(=O)O)C	KYVPWJSGFKNNLD-ABEVXSGRSA-N
5alpha-pregnane-3,20-dione	CC(=O)[C@H]1CC[C@H]2[C@@H]3CC[C@H]4CC(=O)CC[C@]4(C)[C@H]3CC[C@]12C	XMRPGKVKISIQBV-BJMCWZGWSA-N
5beta-cholestan-3alpha,7alpha,12alpha,24(S),27-pentol	CC(CO)[C@@H](O)CC[C@@H](C)[C@H]1CC[C@H]2[C@H]3[C@H](C[C@H](O)[C@@]21C)[C@@]1(C)CC[C@@H](O)C[C@H]1C[C@H]3O	CPKBPCHJXMSTOE-CJKJGBPISA-N
5beta-cholestan-3alpha,7alpha,12alpha,24(S)-tetrol	CC(C)[C@@H](O)CC[C@@H](C)[C@H]1CC[C@H]2[C@H]3[C@H](C[C@H](O)[C@@]21C)[C@@]1(C)CC[C@@H](O)C[C@H]1C[C@H]3O	DOMPIYLJQFTRGI-HVKOMRDASA-N
5beta-cholestan-3alpha,7alpha,12alpha-triol	CC(C)CCC[C@@H](C)[C@H]1CC[C@H]2[C@H]3[C@H](C[C@H](O)[C@@]21C)[C@@]1(C)CC[C@@H](O)C[C@H]1C[C@H]3O	RIVQQZVHIVNQFH-XJZYBRFWSA-N
5beta-cholestan-3alpha,7alpha,24(S),27-tetrol	CC(CO)[C@@H](O)CC[C@@H](C)[C@H]1CC[C@H]2[C@H]3[C@H](CC[C@@]21C)[C@@]1(C)CC[C@@H](O)C[C@H]1C[C@H]3O	KOHAQNVGTABZFS-MNABXBHASA-N
5beta-cholestan-3alpha,7alpha,24(S)-triol	CC(C)[C@@H](O)CC[C@@H](C)[C@H]1CC[C@H]2[C@H]3[C@H](CC[C@@]21C)[C@@]1(C)CC[C@@H](O)C[C@H]1C[C@H]3O	VDKSIHRRZLCAGD-HQDRACASSA-N
5beta-cholestan-7alpha,12alpha,24(S)-triol-3-one	CC(C)C(CCC(C)C1CCC2C1(C(CC3C2C(CC4C3(CCC(=O)C4)C)O)O)C)O	OESDJUYDQFBVDE-ZFUXDIRQSA-N
5beta-cholestan-7alpha,24(S)-diol-3-one	CC(C)[C@@H](O)CC[C@@H](C)[C@H]1CC[C@H]2[C@H]3[C@H](CC[C@@]21C)[C@@]1(C)CCC(=O)C[C@H]1C[C@H]3O	FGKQZAUZOBFLBY-SYDAVTRCSA-N
5beta-cholestan-7alpha,27-diol-3-one	CC(CO)CCC[C@@H](C)[C@H]1CC[C@H]2[C@H]3[C@H](CC[C@@]21C)[C@@]1(C)CCC(=O)C[C@H]1C[C@H]3O	HXGWUGDCIVSGLK-QOXJXTBWSA-N
5beta-cholestane-3alpha,7alpha,12alpha,23,25-pentol	CC(CC(CC(C)(C)O)O)C1CCC2C1(C(CC3C2C(CC4C3(CCC(C4)O)C)O)O)C	OXSBBBPDYVCAKC-JZXYSUIZSA-N
5beta-cholestane-3alpha,7alpha,12alpha,24r,25-pentol	CC(CCC(C(C)(C)O)O)C1CCC2C1(C(CC3C2C(CC4C3(CCC(C4)O)C)O)O)C	NHPWQASMMFUHIZ-OOOZRTEJSA-N
5beta-cholestane-3alpha,7alpha,12alpha,24s,25-pentol	CC(CCC(C(C)(C)O)O)C1CCC2C1(C(CC3C2C(CC4C3(CCC(C4)O)C)O)O)C	NHPWQASMMFUHIZ-YBMOUMCLSA-N
5beta-cholestane-3alpha,7alpha,12alpha,25,27-pentol	CC(CCCC(C)(CO)O)C1CCC2C1(C(CC3C2C(CC4C3(CCC(C4)O)C)O)O)C	XZDHXPDYLPEFQI-FIMPYCPFSA-N
5beta-cholestane-3alpha,7alpha,12alpha,25-tetrol	CC(CCCC(C)(C)O)C1CCC2C1(C(CC3C2C(CC4C3(CCC(C4)O)C)O)O)C	NTIXPPFPXLYJCT-RNUSRIHUSA-N
5beta-cholestane-3alpha,7alpha,12alpha,26-tetrol	[H][C@@]12C[C@H](O)CC[C@]1(C)[C@@]1([H])C[C@H](O)[C@@]3(C)[C@@]([H])(CC[C@]3([H])[C@H](C)CCCC(C)CO)[C@]1([H])[C@H](O)C2	XJZGNVBLVFOSKJ-XZULNKEGSA-N
5beta-cholestane-3alpha,7alpha,12alpha,27,27-pentaol	CC(CCCC(C)[C@H]1CCC2C3C(O)CC4CC(O)CC[C@]4(C)C3CC(O)[C@@]21C)C(O)O	ISDIRLRPWGRAHM-CFEPZSCRSA-N
5beta-cholestane-3alpha,7alpha,12alpha,27-tetraol	[H][C@@]12C[C@H](O)CC[C@]1(C)[C@@]1([H])C[C@H](O)[C@@]3(C)[C@@]([H])(CC[C@]3([H])[C@H](C)CCCC(C)CO)[C@]1([H])[C@H](O)C2	XJZGNVBLVFOSKJ-XZULNKEGSA-N
5beta-cholestane-3alpha,7alpha,26-triol	[H][C@@]12C[C@H](O)CC[C@]1(C)[C@@]1([H])CC[C@@]3(C)[C@@]([H])(CC[C@]3([H])[C@H](C)CCCC(C)CO)[C@]1([H])[C@H](O)C2	OQIJRBFRXGIHMI-UGMUFZQESA-N
5beta-cholestane-3alpha,7alpha,27-triol	CC(CCCC(C)(C)O)C1CCC2C1(CCC3C2C(CC4C3(CCC(C4)O)C)O)C	UROPIWALBBMYRP-GWEYAUKASA-N
5beta-cholestane-3alpha,7alpha-diol	CC(C)CCC[C@@H](C)[C@H]1CC[C@H]2[C@H]3[C@H](CC[C@@]21C)[C@@]1(C)CC[C@@H](O)C[C@H]1C[C@H]3O	APYVEUGLZHAHDJ-TVRYRFOISA-N
6,7-dihydro-12-epi-LTB4	CCCCC/C=C\C[C@@H](O)/C=C/C=C/CC[C@H](O)CCCC(=O)O	ZMZNVSWCIRFLBV-GRXSAWGRSA-N
6,7-dihydro-5-oxo-12-epi-LTB4	CCCCCC=CCC(C=CC=CCCC(=O)CCCC(=O)O)O	RUTQOBJLGHUCJC-ATHKOCGESA-N
6,7-dihydro-LTB4	CCCCCC=CC[C@@H](O)C=CC=CCC[C@H](O)CCCC(=O)[O-]	ZMZNVSWCIRFLBV-MOPGFXCFSA-M
6,7-dihydroxy-1,2,3,4-tetrahydroisoquinoline	C[C@@H]1CN([C@H](C)CO)S(=O)(=O)c2ccc(-c3cncnc3)cc2O[C@@H]1CN(C)C(=O)C1CCCCC1	JHVMXPAASGDEJW-KHCICDEESA-N
6-(alpha-D-glucosaminyl)-1-phosphatidyl-1D-myo-inositol	[1*]C(=O)OC[C@]([H])(COP(=O)(O)O[C@@H]1[C@H](O)[C@H](O)[C@@H](O)[C@H](O)[C@H]1O[C@H]1O[C@H](CO)[C@@H](O)[C@H](O)[C@H]1N)OC([2*])=O	KMXDCNYDSLACTP-SQVFPUTGSA-N
6-(alpha-D-glucosaminyl)-1D-myo-inositol	[NH3+][C@H]1[C@@H](O[C@@H]2[C@@H](O)[C@H](O)[C@@H](O)[C@@H](O)[C@H]2O)O[C@H](CO)[C@@H](O)[C@@H]1O	HEPUIGACZYVUCD-YZRQSVRMSA-O
6-Hydroxydopamine-Quinone	C1=C(C(=CC(=C1O)O)O)CC(=O)N=O	QGFZHBLTPMGZTQ-UHFFFAOYSA-N
6-[(1S,2R)-1,2-dihydroxy-3-triphosphooxypropyl]-7,8-dihydropterin	Nc1nc2c(c(=O)[nH]1)N=C([C@H](O)[C@H](O)COP(=O)([O-])OP(=O)([O-])OP(=O)([O-])[O-])CN2	DGGUVLXVLHAAGT-XINAWCOVSA-J
6-[2,3-dihydroxy-1-(hydroxymethyl)propyl]-1,2-dihydro-7-hydroxy-9-methoxy-cyclopenta[c][1]benzopyran-3,4-dione	COc1cc(O)c(C(CO)C(O)CO)c2oc(=O)c3c(c12)CCC3=O	OKGOPKLFGPTQFQ-UHFFFAOYSA-N
6-amino-2-oxohexanoate	[NH3+]CCCCC(=O)C(=O)[O-]	GWENQMVPLJAMAE-UHFFFAOYSA-N
6-deoxy-L-galactose	C[C@@H]1OC(O)[C@@H](O)[C@H](O)[C@@H]1O	SHZGCJCMOBCMKK-DHVFOXMCSA-N
6-hydroxy-1,2,3,4-tetrahydro-beta-carboline	C1CNCC2=C1C3=C(N2)C=CC(=C3)O	HASNCBJLQYTILW-UHFFFAOYSA-N
6-hydroxymelatonin	CC(=O)NCCC1=CNC2=CC(=C(C=C21)OC)O	OMYMRCXOJJZYKE-UHFFFAOYSA-N
6-hydroxymelatonin-sulfate	COc1cc2c(CCNC(C)=O)c[nH]c2cc1OS(=O)(=O)[O-]	QQEILXDLZRLTME-UHFFFAOYSA-M
6-hydroxypaclitaxel	CC(=O)O[C@H]1C(=O)[C@]2(C)[C@@H](O)[C@H](O)[C@H]3OC[C@@]3(OC(C)=O)[C@H]2[C@H](OC(=O)c2ccccc2)[C@]2(O)C[C@H](OC(=O)[C@H](O)[C@@H](NC(=O)c3ccccc3)c3ccccc3)C(C)=C1C2(C)C	NDCWHEDPSFRTDA-FJMWQILYSA-N
6-lactoyl-5,6,7,8-tetrahydropterin	C[C@H](O)C(=O)[C@H]1CNc2nc(N)[nH]c(=O)c2N1	HKCYZTKHPLJZDR-IUYQGCFVSA-N
6-methoxy-3-methyl-2-all-trans-decaprenyl-1,4-benzoquinol	COc1cc(O)c(C)c(C/C=C(\C)CC/C=C(\C)CC/C=C(\C)CC/C=C(\C)CC/C=C(\C)CC/C=C(\C)CC/C=C(\C)CC/C=C(\C)CC/C=C(\C)CCC=C(C)C)c1O	XCOXSBLQZPFVGK-RGIWONJESA-N
6-methylmercaptopurine	CSc1ncnc2[nH]cnc12	UIJIQXGRFSPYQW-UHFFFAOYSA-N
6-oxo-prostaglandin E1	CCCCC[C@H](O)/C=C/[C@H]1[C@H](O)CC(=O)[C@@H]1CC(=O)CCCCC(=O)O	ROUDCKODIMKLNO-CTBSXBMHSA-N
6-oxo-prostaglandin F1alpha	CCCCC[C@H](O)/C=C/[C@H]1[C@H](O)C[C@H](O)[C@@H]1CC(=O)CCCCC(=O)O	KFGOFTHODYBSGM-ZUNNJUQCSA-N
6-phospho-D-gluconate	O=C(O)[C@H](O)[C@@H](O)[C@H](O)[C@H](O)COP(=O)(O)O	BIRSGZKFKXLSJQ-SQOUGZDYSA-N
6-pyruvoyltetrahydropterin	CC(=O)C(=O)C1CNc2nc(N)nc(=O)c2N1	WBJZXBUVECZHCE-UHFFFAOYSA-N
6-trans-12-epi-LTB4	CCCCC/C=C\C[C@H](O)/C=C/C=C/C=C/[C@@H](O)CCCC(=O)[O-]	VNYSSYRCGWBHLG-CTOJTRLNSA-M
6-trans-LTB4	CCCCC/C=C\C[C@@H](O)/C=C/C=C/C=C/[C@@H](O)CCCC(=O)O	VNYSSYRCGWBHLG-UKNWISKWSA-N
6beta-hydroxytestosterone	C[C@]12CC[C@H]3[C@@H](C[C@@H](O)C4=CC(=O)CC[C@@]43C)[C@@H]1CC[C@@H]2O	XSEGWEUVSZRCBC-ZVBLRVHNSA-N
7,12-dimethylbenz[a]anthracene	Cc1c2ccccc2c(C)c2c1ccc1ccccc12	ARSRBNBHOADGJU-UHFFFAOYSA-N
7,12-dimethylbenz[a]anthracene 5,6-oxide	Cc1c2c(c(C)c3ccccc13)C1OC1c1ccccc1-2	HVGNLIKFFBYBQM-UHFFFAOYSA-N
7,8-Epoxy-8Alpha-Hydroperoxytocopherone	CC1=C2CCC(C)(CCC[C@@H](C)CCC[C@@H](C)CCCC(C)C)O[C@@]2(OO)C2(C)OC2(C)C1=O	VVOOFISPFGUBEC-ILCUQXGXSA-N
7,8-dihydro-7-hydroxy-8-S-glutathionyl-benzo[a]pyrene	C1=CC2=C3C(=C1)C=CC4=C3C(=CC5=C4C=CC(C5O)SCC(C(=O)NCC(=O)O)NC(=O)CCC(C(=O)O)N)C=C2	GODDWIDSELPRPA-QMIJOYDGSA-N
7-HETE	CCCCCC=CCC=CCC=CC(C=CCCCC(=O)O)O	RXLAEFPIBOZBTL-UNXCDKAXSA-N
7-Hydroxy-Octanoate	CC(CCCCCC(=O)O)O	OFCMTSZRXXFMBQ-UHFFFAOYSA-N
7-Ketolithocholate	CC(CCC(=O)[O-])C1CCC2C1(CCC3C2C(=O)CC4C3(CCC(C4)O)C)C	DXOCDBGWDZAYRQ-AURDAFMXSA-M
7-carboxy-alpha-chromanol	Cc1c(C)c2c(c(C)c1O)CC[C@@](C)(CCCC(C)CCC(=O)O)O2	RXYXCDMLSTZSRY-QUXALOBESA-N
7-carboxy-alpha-tocotrienol	C/C(=C\CC[C@]1(C)CCc2c(C)c(O)c(C)c(C)c2O1)CCC(=O)O	UZOSSXSASNQFOI-FAKWYAOSSA-N
7-carboxy-gamma-chromanol	Cc1c(O)cc2c(c1C)O[C@](C)(CCC[C@H](C)CCC(=O)O)CC2	JFXDIXKMINYLIK-RNODOKPDSA-N
7-carboxy-gamma-tocotrienol	C/C(=C\CC[C@]1(C)CCc2cc(O)c(C)c(C)c2O1)CCC(=O)O	NECINJBBPZOJSN-QARGNGGGSA-N
7-dehydrodesmosterol	CC(C)=CCC[C@@H](C)[C@H]1CC[C@H]2C3=CC=C4C[C@@H](O)CC[C@]4(C)[C@H]3CC[C@@]21C	RUSSPKPUXDSHNC-DDPQNLDTSA-N
7-hexadecenoyl-CoA	CCCCCCCC/C=C\CCCCCC(=O)SCCNC(=O)CCNC(=O)[C@H](O)C(C)(C)COP(=O)([O-])OP(=O)([O-])OC[C@H]1O[C@@H](n2cnc3c(N)ncnc32)[C@H](O)[C@@H]1OP(=O)([O-])[O-]	MJWMOLDKMBISOB-YDGGZUKGSA-J
7-hydroperoxy-H4-neuroprostane	CC/C=C\CC=CC[C@H]1C2CC(OO2)[C@H]1C=C[C@H](C/C=C\CCC(=O)[O-])OO	OBPXZABJSFSQDQ-CAZHKGMVSA-M
7-hydroxy-D4-neuroprostane	CCC=CCC=CCC1C(C(CC1=O)O)C=CC(CC=CCCC(=O)O)O	MBWYKQQOOVDDJT-UGCWMZKCSA-N
7-hydroxy-E4-neuroprostane	CC/C=C\CC=CC[C@H]1C(O)CC(=O)[C@H]1C=C[C@@H](O)C/C=C\CCC(=O)[O-]	KSUMVDZATHWLCP-ACQZJLAISA-M
7-hydroxymethyl-12-methylbenz[a]anthracene	Cc1c2ccccc2c(CO)c2ccc3ccccc3c12	JCBBZYDVQJQMMB-UHFFFAOYSA-N
7-hydroxymethyl-12-methylbenz[a]anthracene sulfate	Cc1c2ccccc2c(COS(=O)(=O)O)c2ccc3ccccc3c12	WYUDBEMLROEPHR-UHFFFAOYSA-N
7-palmitoleic acid	CCCCCCCCCC=CCCCCC(=O)O	NNNVXFKZMRGJPM-ZHACJKMWSA-N
7-peroxy-docosahexaenoate	CC/C=C/C/C=C/CC/C=C/C=C/C/C=C(/C/C=C/CCC(=O)[O-])OO	CMMXCXYELCIFAY-BTESRZPBSA-M
7alpha,12alpha-dihydroxy-5beta-cholestan-3-one	CC(C)CCC[C@@H](C)[C@H]1CC[C@H]2[C@H]3[C@H](C[C@H](O)[C@@]21C)[C@@]1(C)CCC(=O)C[C@H]1C[C@H]3O	HHVQPBXBALLUDF-QORHGLQKSA-N
7alpha,12alpha-dihydroxycholest-4-en-3-one	CC(C)CCC[C@@H](C)[C@H]1CC[C@H]2[C@H]3[C@H](C[C@H](O)[C@@]21C)[C@@]1(C)CCC(=O)C=C1C[C@H]3O	UQPYXHJTHPHOMM-NIBOIBLTSA-N
7alpha,25-dihydroxy-4-cholesten-3-one	C[C@H](CCCC(C)(C)O)[C@H]1CC[C@H]2[C@H]3[C@H](CC[C@@]21C)[C@@]1(C)CCC(=O)C=C1C[C@H]3O	POUKDTOWHPHYQU-HENOKILYSA-N
7alpha-hydroxy-3-oxo-4-cholestenoic acid	CC(CCC[C@@H](C)C1CCC2C3C(CC[C@@]21C)[C@@]1(C)CCC(=O)C=C1C[C@H]3O)C(=O)[O-]	SATGKQGFUDXGAX-KFNQEEOWSA-M
7alpha-hydroxy-5beta-cholestan-3-one	CC(C)CCC[C@@H](C)[C@H]1CC[C@H]2[C@H]3[C@H](CC[C@@]21C)[C@@]1(C)CCC(=O)C[C@H]1C[C@H]3O	HWOOALPDOJHOPO-YREUSXKVSA-N
7alpha-hydroxycholest-4-en-3-one	CC(C)CCC[C@@H](C)[C@H]1CC[C@H]2[C@H]3[C@H](CC[C@@]21C)[C@@]1(C)CCC(=O)C=C1C[C@H]3O	IOIZWEJGGCZDOL-RQDYSCIWSA-N
7alpha-hydroxycholesterol	CC(C)CCC[C@@H](C)[C@H]1CC[C@H]2[C@@H]3[C@H](O)C=C4C[C@@H](O)CC[C@]4(C)[C@H]3CC[C@@]21C	OYXZMSRRJOYLLO-RVOWOUOISA-N
7alpha-hydroxypregnenolone	CC(=O)[C@H]1CC[C@H]2[C@@H]3[C@H](O)C=C4C[C@@H](O)CC[C@]4(C)[C@H]3CC[C@]12C	UEWNVBNIVGLQPG-XXHSLLPRSA-N
8(S)-HETE	CCCCCC=CCC=CC=CC(CC=CCCCC(=O)O)O	NLUNAYAEIJYXRB-VYOQERLCSA-N
8(S)-HPETE	CCCCC/C=C\C/C=C\C=C\[C@H](C/C=C\CCCC(=O)[O-])OO	QQUFCXFFOZDXLA-VYOQERLCSA-M
8,11-eicosadienoic acid	CCCCCCCC/C=C\C/C=C\CCCCCCC(=O)O	XUJWOMMOEOHPFP-UTJQPWESSA-N
8,9-DHET	CCCCC/C=C\C/C=C\CC(O)C(O)C/C=C\CCCC(=O)[O-]	DCJBINATHQHPKO-TYAUOURKSA-M
8,9-EET	CCCCC/C=C\C/C=C\CC1OC1C/C=C\CCCC(=O)[O-]	DBWQSCSXHFNTMO-TYAUOURKSA-M
8-Dehydrocholesterol	CC(C)CCCC(C)C1CCC2C1(CCC3=C2CC=C4C3(CCC(C4)O)C)C	VUKORTMHZDZZFR-BXAZICILSA-N
8-HETE	CCCCC/C=C\C/C=C\C=C/C(O)C/C=C/CCCC(=O)O	NLUNAYAEIJYXRB-XXSSMXECSA-N
8-peroxy-docosahexaenoate	CC/C=C/C/C=C/CC/C=C/C=C/C/C(=C/C/C=C/CCC(=O)[O-])OO	JYWFAQGZPPWWNO-VCQSLHRMSA-M
8alpha-hydroxy-gamma-tocopherone	CC1=C(C)[C@]2(O)O[C@@](C)(CCC[C@@H](C)CCC[C@@H](C)CCCC(C)C)CCC2=CC1=O	CSHBKBJSGSRKLB-MPPVQRIUSA-N
8alpha-hydroxytocopherone	CC1=C(C)C2(O)O[C@](C)(CCC[C@@H](C)CCC[C@@H](C)CCCC(C)C)CCC2=C(C)C1=O	RGHRSULFYHBXJZ-CBKONRTBSA-N
9(10)-EpOME	CCCCCC=CCC1C(O1)CCCCCCCC(=O)O	FBUKMFOXMZRGRB-YFHOEESVSA-N
9(S)-HPODE	CCCCC/C=C\C=C\[C@H](CCCCCCCC(=O)O)OO	JGUNZIWGNMQSBM-UINYOVNOSA-N
9,10-12,13-diepoxy-octadecanoate	CCCCCC1OC1CC1OC1CCCCCCCC(=O)O	LAIUZQCFIABNDP-UHFFFAOYSA-N
9,10-hydroxyoctadec-12(Z)-enoate	CCCCCC=CCC(C(CCCCCCCC(=O)O)O)O	XEBKSQSGNGRGDW-YFHOEESVSA-N
9,13-cis-retinoate	CC1=C(C(CCC1)(C)C)C=CC(=CC=CC(=CC(=O)O)C)C	SHGAZHPCJJPHSC-CDMOMSTLSA-N
9-HETE	CCCCCC=CCC=CCC(C=CC=CCCCC(=O)O)O	KATOYYZUTNAWSA-OIZRIKEUSA-N
9-O-acetylated-GD3	CCCCCCCCCCCCC/C=C/[C@@H](O)[C@H](CO[C@@H]1O[C@H](CO)[C@@H](O[C@@H]2O[C@H](CO)[C@H](O)[C@H](O[C@]3(C(=O)O)C[C@H](O)[C@@H](NC(C)=O)[C@H]([C@H](O)[C@@H](CO)O[C@]4(C(=O)O)C[C@H](O)[C@@H](NC(C)=O)[C@H]([C@H](O)[C@H](O)COC(C)=O)O4)O3)[C@H]2O)[C@H](O)[C@H]1O)NC(C)=O	ODBNHBMRTCHJEH-RYXDBFSOSA-N
9-carboxy-alpha-chromanol	Cc1c(C)c2c(c(C)c1O)CC[C@](C)(CCC[C@@H](C)CCCC(C)C(=O)O)O2	CUGVBZDXUTZXJO-GCIQOJCMSA-N
9-carboxy-alpha-tocotrienol	C/C(=C\CC[C@]1(C)CCc2c(C)c(O)c(C)c(C)c2O1)CC/C=C(\C)C(=O)O	MEZYOZBFEXYIKB-ASKDMKCJSA-N
9-carboxy-gamma-chromanol	Cc1c(O)cc2c(c1C)O[C@](C)(CCC[C@H](C)CCC[C@H](C)C(=O)O)CC2	ODQOKHVJIYTOQE-VBURHUQHSA-N
9-carboxy-gamma-tocotrienol	C/C(=C\CC[C@]1(C)CCc2cc(O)c(C)c(C)c2O1)CC/C=C(\C)C(=O)O	QSRURDPJEKTSFH-ODPFLYRHSA-N
9-cis-4-oxo-13,14-dihydro-retinoate	CC1=C(/C=C/C(C)=C\C=C\C(C)CC(=O)[O-])C(C)(C)CCC1=O	XMIWQNUYRMSNDU-INKCALMPSA-M
9-cis-retinal	CC1=C(C(CCC1)(C)C)C=CC(=CC=CC(=CC=O)C)C	NCYCYZXNIZJOKI-MKOSUFFBSA-N
9-cis-retinoate	CC1=C(C(CCC1)(C)C)C=CC(=CC=CC(=CC(=O)[O-])C)C	SHGAZHPCJJPHSC-ZVCIMWCZSA-M
9-cis-retinol	CC1=C(C(CCC1)(C)C)C=CC(=CC=CC(=CCO)C)C	FPIPGXGPPPQFEQ-MKOSUFFBSA-N
9-cis-retinoyl-beta-D-glucuronide	CC1=C(C(CCC1)(C)C)C=CC(=CC=CC(=CC(=O)OC2C(C(C(C(O2)C(=O)O)O)O)O)C)C	MTGFYEHKPMOVNE-RDMMYANXSA-N
9-deoxy-delta12-PGD2	CCCCC[C@H](O)C/C=C1/C(=O)CC[C@@H]1C/C=C\CCCC(=O)O	JTEYGOLPGOYFJI-GJGHEGAFSA-N
9-eicosenoic acid	CCCCCCCCCC/C=C\CCCCCCCC(=O)O	LQJBNNIYVWPHFW-QXMHVHEDSA-N
9-heptadecylenic acid	CCCCCCC/C=C\CCCCCCCC(=O)O	QSBYPNXLFMSGKH-HJWRWDBZSA-N
9-hydroxybenzo[a]pyrene	Oc1ccc2cc3ccc4cccc5ccc(c2c1)c3c45	OBBBXCAFTKLFGZ-UHFFFAOYSA-N
9-hydroxybenzo[a]pyrene-4,5-oxide	Oc1ccc2cc3c4c(ccc5cccc(c54)C4OC34)c2c1	QMJJLPWCBGOGAF-UHFFFAOYSA-N
9-peroxy-(5Z,7E,11Z,14Z)-eicosatetraenoate	CCCCC/C=C\C/C=C\CC(/C=C/C=C\CCCC(=O)O)O[O]	LUNSZADIOHDKBX-OIZRIKEUSA-N
A2PE	CC1=C(/C=C/C(C)=C/C=C/C(C)=C/c2cc(/C=C/C=C(C)/C=C/C3=C(C)CCCC3(C)C)cc[n+]2CCO)C(C)(C)CCC1	WPWFMRDPTDEJJA-FAXVYDRBSA-N
A2PE-H2	CC1=C(/C=C/C(C)=C/C=C/C2=CC(/C=C(C)/C=C/C=C(C)/C=C/C3=C(C)CCCC3(C)C)N(CCOP(=O)(O)OCC(COC([*])=O)OC([*])=O)C=C2)C(C)(C)CCC1	
ADP	Nc1ncnc2c1ncn2[C@@H]1O[C@H](COP(=O)(O)OP(=O)(O)O)[C@@H](O)[C@H]1O	XTWYTFMLZFPYCI-KQYNXXCUSA-N
ADP-glucose	Nc1ncnc2c1ncn2[C@@H]1O[C@H](COP(=O)(O)OP(=O)(O)O[C@H]2O[C@H](CO)[C@@H](O)[C@H](O)[C@H]2O)[C@@H](O)[C@H]1O	WFPZSXYXPSUOPY-ROYWQJLOSA-N
ADP-mannose	Nc1ncnc2c1ncn2[C@@H]1O[C@H](COP(=O)(O)OP(=O)(O)O[C@H]2O[C@H](CO)[C@@H](O)[C@H](O)[C@@H]2O)[C@@H](O)[C@H]1O	WFPZSXYXPSUOPY-RYRBFGMPSA-N
ADP-ribose	Nc1ncnc2c1ncn2[C@@H]1O[C@H](COP(=O)(O)OP(=O)(O)OC[C@H]2OC(O)[C@H](O)[C@@H]2O)[C@@H](O)[C@H]1O	SRNWOUGRCWSEMX-TYASJMOZSA-N
ADP-ribose-2-phosphate	Nc1ncnc2c1ncn2[C@@H]1O[C@H](COP(=O)(O)OP(=O)(O)OC2O[C@H](CO)[C@@H](O)[C@H]2O)[C@@H](O)[C@H]1OP(=O)(O)O	OCOLIMYIUOUURJ-TYASJMOZSA-N
AICAR	[H][C@]1(COP(=O)(O)O)O[C@@]([H])(n2cnc(C(N)=O)c2N)[C@H](O)[C@@H]1O	NOTGFIUVDGNKRI-UUOKFMHZSA-N
AIR	Nc1cncn1C1O[C@H](COP(=O)(O)O)[C@@H](O)[C@H]1O	PDACUKOKVHBVHJ-ZRTZXPPTSA-N
AKG	O=C([O-])CCC(=O)C(=O)[O-]	KPGXRSRHYNQIFN-UHFFFAOYSA-L
AMP	Nc1ncnc2c1ncn2[C@@H]1O[C@H](COP(=O)(O)O)[C@@H](O)[C@H]1O	UDMBCSSLTHHNCD-KQYNXXCUSA-N
APE	CN1CCC=C(C1)C(=O)OCC#C.Br	LRPUAFALRBYLTA-UHFFFAOYSA-N
ATP	Nc1ncnc2c1ncn2[C@@H]1O[C@H](COP(=O)([O-])OP(=O)([O-])OP(=O)([O-])[O-])[C@@H](O)[C@H]1O	ZKHQWZAMYRWXGA-KQYNXXCUSA-J
Acetaminophen glucuronide	CC(=O)Nc1ccc(O[C@@H]2O[C@H](C(=O)O)[C@@H](O)[C@H](O)[C@H]2O)cc1	IPROLSVTVHAQLE-BYNIDDHOSA-N
Acetyl-Glycine	CC(=O)NCC(=O)O	OKJIRPAQVSHGFK-UHFFFAOYSA-N
Acetyl-L-Lysine	CC(=O)NC(CCCCN)C(=O)O	VEYYWZRYIYDQJM-ZETCQYMHSA-N
Acetylhomoserine	CC(=O)OCCC(C(=O)O)N	FCXZBWSIAGGPCB-UHFFFAOYSA-N
Acrylate	C=CC(=O)[O-]	NIXOWILDQLNWCW-UHFFFAOYSA-M
Adipic Acid	O=C(O)CCCCC(=O)O	WNLRTRBMVRJNCN-UHFFFAOYSA-N
Adipoyl Carnitine	C[N+](C)(C)CC(CC(=O)O)OC(=O)CCCCC=O	AVUIBUJHEKVMCG-UHFFFAOYSA-O
Alanyl-Arginyl-Cysteine	CC(C(=O)NC(CCCN=C(N)N)C(=O)NC(CS)C(=O)O)N	WRDANSJTFOHBPI-FXQIFTODSA-N
Alanyl-Arginyl-Glycine	CC(C(=O)NC(CCCN=C(N)N)C(=O)NCC(=O)O)N	JBGSZRYCXBPWGX-BQBZGAKWSA-N
Alanyl-Asparaginyl-Leucine	CC(C)CC(C(=O)O)NC(=O)C(CC(=O)N)NC(=O)C(C)N	NXSFUECZFORGOG-CIUDSAMLSA-N
Alanyl-Glycyl-Lysine	CC(C(=O)NCC(=O)NC(CCCCN)C(=O)O)N	BLIMFWGRQKRCGT-YUMQZZPRSA-N
Alanyl-Histidyl-Alanine	CC(C(=O)NC(CC1=CN=CN1)C(=O)NC(C)C(=O)O)N	JDIQCVUDDFENPU-ZKWXMUAHSA-N
All-Trans-3,4-Didehydroretinoate	CC1=C(/C=C/C(C)=C/C=C/C(C)=C/C(=O)[O-])C(C)(C)CC=C1	SYESMXTWOAQFET-YCNIQYBTSA-M
Alpha-Linolenyl Carnitine	CC/C=C\C/C=C\C/C=C\CCCCCCCC(=O)O[C@@H](CCC(=O)[O-])[N+](C)(C)C	DFVGGGHKDAHYIU-UHMZJXMFSA-N
Arginyl-Alanyl-Alanine	CC(C(=O)NC(C)C(=O)O)NC(=O)C(CCCN=C(N)N)N	OOBVTWHLKYJFJH-FXQIFTODSA-N
Arginyl-Alanyl-Threonine	CC(C(C(=O)O)NC(=O)C(C)NC(=O)C(CCCN=C(N)N)N)O	OTOXOKCIIQLMFH-KZVJFYERSA-N
Arginyl-Arginine	C(CC(C(=O)NC(CCCN=C(N)N)C(=O)O)N)CN=C(N)N	OMLWNBVRVJYMBQ-YUMQZZPRSA-N
Arginyl-Arginyl-Lysine	C(CCN)CC(C(=O)O)NC(=O)C(CCCN=C(N)N)NC(=O)C(CCCN=C(N)N)N	HJVGMOYJDDXLMI-AVGNSLFASA-N
Arginyl-Glutamyl-Proline	C1CC(N(C1)C(=O)C(CCC(=O)O)NC(=O)C(CCCN=C(N)N)N)C(=O)O	HPSVTWMFWCHKFN-GARJFASQSA-N
Arginyl-Glycyl-Glycine	C(CC(C(=O)NCC(=O)NCC(=O)O)N)CN=C(N)N	CYXCAHZVPFREJD-LURJTMIESA-N
Arginyl-Histidyl-Threonine	CC(C(C(=O)O)NC(=O)C(CC1=CN=CN1)NC(=O)C(CCCN=C(N)N)N)O	CVKOQHYVDVYJSI-QTKMDUPCSA-N
Arginyl-Leucyl-Phenylalanine	CC(C)CC(C(=O)NC(CC1=CC=CC=C1)C(=O)O)NC(=O)C(CCCN=C(N)N)N	IIAXFBUTKIDDIP-ULQDDVLXSA-N
Arginyl-Prolyl-Methionine	CSCCC(C(=O)O)NC(=O)C1CCCN1C(=O)C(CCCN=C(N)N)N	JJIBHAOBNIFUEL-SRVKXCTJSA-N
Arginyl-Prolyl-Threonine	CC(C(C(=O)O)NC(=O)C1CCCN1C(=O)C(CCCN=C(N)N)N)O	AWMAZIIEFPFHCP-RCWTZXSCSA-N
Arginyl-Seryl-Serine	C(CC(C(=O)NC(CO)C(=O)NC(CO)C(=O)O)N)CN=C(N)N	FRBAHXABMQXSJQ-FXQIFTODSA-N
Arginyl-Tyrosyl-Valine	CC(C)C(C(=O)O)NC(=O)C(CC1=CC=C(C=C1)O)NC(=O)C(CCCN=C(N)N)N	XMZZGVGKGXRIGJ-JYJNAYRXSA-N
Arginyl-Valyl-Cysteine	CC(C)C(C(=O)NC(CS)C(=O)O)NC(=O)C(CCCN=C(N)N)N	FTMRPIVPSDVGCC-GUBZILKMSA-N
Arginyl-Valyl-Tryptophan	CC(C)C(C(=O)NC(CC1=CNC2=CC=CC=C21)C(=O)O)NC(=O)C(CCCN=C(N)N)N	UTSMXMABBPFVJP-SZMVWBNQSA-N
Asparaginyl-Alanyl-Arginine	CC(C(=O)NC(CCCN=C(N)N)C(=O)O)NC(=O)C(CC(=O)N)N	PFOYSEIHFVKHNF-FXQIFTODSA-N
Asparaginyl-Asparaginyl-Arginine	C(CC(C(=O)O)NC(=O)C(CC(=O)N)NC(=O)C(CC(=O)N)N)CN=C(N)N	HAJWYALLJIATCX-FXQIFTODSA-N
Asparaginyl-Cysteinyl-Cysteine	C(C(C(=O)NC(CS)C(=O)NC(CS)C(=O)O)N)C(=O)N	RFLVTVBAESPKKR-ZLUOBGJFSA-N
Asparaginyl-Methionyl-Proline	CSCCC(C(=O)N1CCCC1C(=O)O)NC(=O)C(CC(=O)N)N	WCRQQIPFSXFIRN-LPEHRKFASA-N
Asparaginyl-Phenylalanyl-Cysteine	C1=CC=C(C=C1)CC(C(=O)NC(CS)C(=O)O)NC(=O)C(CC(=O)N)N	BSBNNPICFPXDNH-SRVKXCTJSA-N
Asparaginyl-Tyrosyl-Glycine	C1=CC(=CC=C1CC(C(=O)NCC(=O)O)NC(=O)C(CC(=O)N)N)O	YSYTWUMRHSFODC-QWRGUYRKSA-N
Asparaginyl-Tyrosyl-Phenylalanine	C1=CC=C(C=C1)CC(C(=O)O)NC(=O)C(CC2=CC=C(C=C2)O)NC(=O)C(CC(=O)N)N	QUCCLIXMVPIVOB-BZSNNMDCSA-N
Asparaginyl-Tyrosyl-Threonine	CC(C(C(=O)O)NC(=O)C(CC1=CC=C(C=C1)O)NC(=O)C(CC(=O)N)N)O	XEGZSHSPQNDNRH-JRQIVUDYSA-N
Aspartyl-Glutamate	C(CC(=O)O)C(C(=O)O)NC(=O)C(CC(=O)O)N	CKAJHWFHHFSCDT-UHFFFAOYSA-N
Aspartyl-Glutamyl-Proline	C1CC(N(C1)C(=O)C(CCC(=O)O)NC(=O)C(CC(=O)O)N)C(=O)O	ZEDBMCPXPIYJLW-XHNCKOQMSA-N
Aspartyl-Glutamyl-Tryptophan	C1=CC=C2C(=C1)C(=CN2)CC(C(=O)O)NC(=O)C(CCC(=O)O)NC(=O)C(CC(=O)O)N	GISFCCXBVJKGEO-QEJZJMRPSA-N
Aspartyl-Histidyl-Cysteine	C1=C(NC=N1)CC(C(=O)NC(CS)C(=O)O)NC(=O)C(CC(=O)O)N	CMCIMCAQIULNDJ-CIUDSAMLSA-N
Aspartyl-Histidyl-Proline	C1CC(N(C1)C(=O)C(CC2=CN=CN2)NC(=O)C(CC(=O)O)N)C(=O)O	UBPMOJLRVMGTOQ-GARJFASQSA-N
Aspartyl-Lysyl-Histidine	C1=C(NC=N1)CC(C(=O)O)NC(=O)C(CCCCN)NC(=O)C(CC(=O)O)N	AKKUDRZKFZWPBH-SRVKXCTJSA-N
Aspartyl-Prolyl-Lysine	C1CC(N(C1)C(=O)C(CC(=O)O)N)C(=O)NC(CCCCN)C(=O)O	UAXIKORUDGGIGA-DCAQKATOSA-N
Aspartyl-Valyl-Asparagine	CC(C)C(C(=O)NC(CC(=O)N)C(=O)O)NC(=O)C(CC(=O)O)N	PLOKOIJSGCISHE-BYULHYEWSA-N
Benzo[A]Pyrene-2,3-Oxide	C1=c2ccc3c4ccccc4cc4ccc(c2c43)C2OC12	HIWUMYIKMBIYMX-UHFFFAOYSA-N
Benzo[A]Pyrene-4,5-Diol	C1=CC=C2C3=C4C(=CC2=C1)C(=C(C5=CC=CC(=C54)C=C3)O)O	AFDHSXYOTGMEAP-UHFFFAOYSA-N
Benzo[A]Pyrene-9,10-Diol	C1=CC2=C3C(=C1)C=CC4=C3C(=CC5=C4C(=C(C=C5)O)O)C=C2	UMJIZEKULDXYAK-UHFFFAOYSA-N
Benzoyl Coenzyme A	CC(C)(COP(=O)(O)OP(=O)(O)OCC1C(C(C(O1)N2C=NC3=C(N=CN=C32)N)O)OP(=O)(O)O)C(C(=O)NCCC(=O)NCCSC(=O)C4=CC=CC=C4)O	VEVJTUNLALKRNO-TYHXJLICSA-N
Beta-Glucans	C(C1C(C(C(C(O1)OC2C(OC(C(C2O)O)OC3C(OC(C(C3O)O)O)CO)CO)O)O)O)O	FYGDTMLNYKFZSV-URKRLVJHSA-N
Beta-Tocopherol	Cc1cc(O)c(C)c2c1O[C@](C)(CCC[C@H](C)CCC[C@H](C)CCCC(C)C)CC2	WGVKWNUPNGFDFJ-DQCZWYHMSA-N
C12:0-Ethanolamide, Didecanoyl Ethanolamide	CCCCCCCCCCCC(=O)NCCO	QZXSMBBFBXPQHI-UHFFFAOYSA-N
C14:0-Ethanolamide, Tetradecanoyl Ethanolamide	CCCCCCCCCCCCCC(=O)NCCO	JHIXEZNTXMFXEK-UHFFFAOYSA-N
CDP	Nc1ccn([C@@H]2O[C@H](COP(=O)(O)OP(=O)(O)O)[C@@H](O)[C@H]2O)c(=O)n1	ZWIADYZPOWUWEW-XVFCMESISA-N
CDP-choline	C[N+](C)(C)CCOP(=O)([O-])OP(=O)(O)OC[C@H]1O[C@@H](n2ccc(N)nc2=O)[C@H](O)[C@@H]1O	RZZPDXZPRHQOCG-OJAKKHQRSA-N
CDP-ethanolamine	NCCOP(=O)(O)OP(=O)(O)OC[C@H]1O[C@@H](n2ccc(N)nc2=O)[C@H](O)[C@@H]1O	WVIMUEUQJFPNDK-PEBGCTIMSA-N
CDP-glycerol	Nc1ccn([C@@H]2O[C@H](COP(=O)([O-])OP(=O)([O-])OC(CO)CO)[C@@H](O)[C@H]2O)c(=O)n1	YPKWBIWRQWQACN-QCNRFFRDSA-L
CL pool	[*]C(=O)OC[C@H](COP(=O)(O)OCC(O)COP(=O)(O)OC[C@@H](COC([*])=O)OC([*])=O)OC([*])=O	
CMP	Nc1ccn([C@@H]2O[C@H](COP(=O)(O)O)[C@@H](O)[C@H]2O)c(=O)n1	IERHLVCPSMICTF-XVFCMESISA-N
CMP-2-aminoethylphosphonate	C1=CN(C(=O)N=C1N)C2C(C(C(O2)COP(=O)(O)OP(=O)(CCN)O)O)O	FBADRUOBFLBKJQ-PEBGCTIMSA-N
CMP-N-acetylneuraminate	[H][C@@]1([C@H](O)[C@H](O)CO)O[C@](OP(=O)(O)OC[C@H]2O[C@@H](n3ccc(N)nc3=O)[C@H](O)[C@@H]2O)(C(=O)O)C[C@H](O)[C@H]1NC(C)=O	TXCIAUNLDRJGJZ-BILDWYJOSA-N
CMP-N-trimethyl-2-aminoethylphosphonate	C[N+](C)(C)CCP(=O)(O)OP(=O)(O)OCC1C(C(C(O1)N2C=CC(=NC2=O)N)O)O	RNUGPSIGKYHQNQ-OJAKKHQRSA-O
CMP-neuNGc	[H][C@@]1([C@H](O)[C@H](O)CO)O[C@](OP(=O)(O)OC[C@H]2O[C@@H](n3ccc(N)nc3=O)[C@H](O)[C@@H]2O)(C(=O)O)C[C@H](O)[C@H]1NC(=O)CO	HOEWKBQADMRCLO-UIUGZIMDSA-N
CO	[C-]#[O+]	UGFAIRIUMAVXCW-UHFFFAOYSA-N
CO2	O=C=O	CURLTUGMZLYLDI-UHFFFAOYSA-N
CTP	Nc1ccn([C@@H]2O[C@H](COP(=O)(O)OP(=O)(O)OP(=O)(O)O)[C@@H](O)[C@H]2O)c(=O)n1	PCDQPRRSZKQHHS-XVFCMESISA-N
Ca2+	[Ca+2]	BHPQYMZQTOCNFJ-UHFFFAOYSA-N
Cholesterol Ester	CC(C)CCC[C@@H](C)C1CCC2C3CC=C4C[C@@H](OC([*])=O)CC[C@]4(C)C3CC[C@@]21C	
Cholic acid 3-sulfate	CC(CCC(=O)O)C1CCC2C1(C(CC3C2C(CC4C3(CCC(C4)OS(=O)(=O)O)C)O)O)C	AUVYDCOKXDDYKR-OELDTZBJSA-N
Cis,Cis-11,14-Eicosadienoic Acid	CCCCCC=CCC=CCCCCCCCCCC(=O)O	XSXIVVZCUAHUJO-HZJYTTRNSA-N
Cis-Hexadec-9-Enoyl-[Acyl-Carrier Protein] (N-C16:1)	CCCCCCC=CCCCCCCCC(=O)SCCNC(=O)CCNC(=O)C(O)C(C)(C)COP(=O)([O-])O[*]	
Cis-Octadec-11-Enoyl-[Acyl-Carrier Protein] (N-C18:1)	C=CCCCCCCCCCCCCCCCC(=O)SCCNC(=O)CCNC(=O)C(O)C(C)(C)COP(=O)([O-])O[*]	
Cis-Tetradec-7-Enoyl-[Acyl-Carrier Protein] (N-C14:1)	C=CCCCCCCCCCCCC(=O)SCCNC(=O)CCNC(=O)C(O)C(C)(C)COP(=O)([O-])O[*]	
Cis2Trans4Decadienoyl Coenzyme A	CCCCC/C=C\C=C\C(=O)SCCNC(=O)CCNC(=O)[C@H](O)C(C)(C)COP(=O)([O-])OP(=O)([O-])OC[C@H]1O[C@@H](n2cnc3c(N)ncnc32)[C@H](O)[C@@H]1OP(=O)([O-])[O-]	FASAKYLWSRDQOH-IMVFQKDNSA-J
CoA	CC(C)(COP(=O)(O)OP(=O)(O)OCC1C(C(C(O1)N2C=NC3=C(N=CN=C32)N)O)OP(=O)(O)O)C(C(=O)NCCC(=O)NCCS)O	RGJOEKWQDUBAIZ-IBOSZNHHSA-N
Coprostanol	CC(C)CCCC(C)C1CCC2C1(CCC3C2CCC4C3(CCC(C4)O)C)C	QYIXCDOBOSTCEI-NWKZBHTNSA-N
Cu2+	[Cu+2]	JPVYNHNXODAKFH-UHFFFAOYSA-N
Cyanate	C(=[N-])=O	IQPQWNKOIGAROB-UHFFFAOYSA-N
D-3-amino-isobutanoate	C[C@H](C[NH3+])C(=O)[O-]	QCHPKSFMDHPSNR-GSVOUGTGSA-N
D-3-hydroxydodecanoyl-[ACP]	CCCCCCCCCC(CC(=O)S)O	QQRNVRGOJRHYNH-LLVKDONJSA-N
D-3-hydroxyhexanoyl-[ACP]	CCCC(CC(=O)S)O	SQSDFFHXRYEMNS-RXMQYKEDSA-N
D-4-phosphopantothenate	CC(C)(COP(=O)(O)O)[C@@H](O)C(=O)NCCC(=O)O	XHFVGHPGDLDEQO-ZETCQYMHSA-N
D-Arabitol	OC[C@@H](O)C(O)[C@H](O)CO	HEBKCHPVOIAQTA-QWWZWVQMSA-N
D-Galactosamine	N[C@H]1C(O)O[C@H](COP(=O)(O)O)[C@H](O)[C@@H]1O	XHMJOUIAFHJHBW-GASJEMHNSA-N
D-Tagatose 1-Phosphate	O=C(COP(=O)(O)O)[C@@H](O)[C@@H](O)[C@H](O)CO	ZKLLSNQJRLJIGT-PQLUHFTBSA-N
D-alanine	C[C@@H](N)C(=O)O	QNAYBMKLOCPYGJ-UWTATZPHSA-N
D-alanyl-D-alanine	C[C@@H](N)C(=O)N[C@H](C)C(=O)O	DEFJQIDDEAULHB-QWWZWVQMSA-N
D-arginine	NC(=[NH2+])NCCC[C@@H]([NH3+])C(=O)[O-]	ODKSFYDXXFIFQN-SCSAIBSYSA-O
D-aspartate	[NH3+][C@H](CC(=O)[O-])C(=O)[O-]	CKLJMWTZIZZHCS-UWTATZPHSA-M
D-galactosyl-N-acylsphingosine	*C(=O)N[C@@H](CO[C@@H]1O[C@H](CO)[C@H](O)[C@H](O)[C@H]1O)[C@H](O)/C=C/CCCCCCCCCCCCC	DDOVBCWVTOHGCU-QMXMISKISA-N
D-glucarate	O=C(O)[C@@H](O)[C@@H](O)[C@H](O)[C@@H](O)C(=O)O	DSLZVSRJTYRBFB-LLEIAEIESA-N
D-glucitol	OC[C@H](O)[C@@H](O)[C@H](O)[C@H](O)CO	FBPFZTCFMRRESA-JGWLITMVSA-N
D-gluconic acid	O=C([O-])[C@H](O)[C@@H](O)[C@H](O)[C@H](O)CO	RGHNJXZEOKUKBD-SQOUGZDYSA-M
D-glucuronate 1-phosphate	O=C(O)[C@H]1OC(OP(=O)(O)O)[C@H](O)[C@@H](O)[C@@H]1O	AIQDYKMWENWVQJ-AQKNRBDQSA-N
D-glucurono-6,3-lactone	O=C[C@H](O)[C@H]1OC(=O)[C@@H](O)[C@H]1O	UYUXSRADSPPKRZ-SKNVOMKLSA-N
D-glyceraldehyde 3-phosphate	[H]C(=O)[C@H](O)COP(=O)(O)O	LXJXRIRHZLFYRP-VKHMYHEASA-N
D-lactaldehyde	C[C@@H](O)C=O	BSABBBMNWQWLLU-GSVOUGTGSA-N
D-lactate	C[C@@H](O)C(=O)O	JVTAAEKCZFNVCJ-UWTATZPHSA-N
D-myo-inositol-1,4,5-trisphosphate	O=P(O)(O)O[C@@H]1[C@H](O)[C@H](O)[C@@H](OP(=O)(O)O)[C@H](OP(=O)(O)O)[C@H]1O	MMWCIQZXVOZEGG-XJTPDSDZSA-N
D-ornithine	[NH3+]CCC[C@@H]([NH3+])C(=O)[O-]	AHLPHDHHMVZTML-SCSAIBSYSA-O
D-proline	O=C(O)[C@H]1CCCN1	ONIBWKKTOPOVIA-SCSAIBSYSA-N
D-ribulose	O=C(CO)[C@H](O)[C@H](O)CO	ZAQJHHRNXZUBTE-NQXXGFSBSA-N
D-serine	[NH3+][C@H](CO)C(=O)[O-]	MTCFGRXMJLQNBG-UWTATZPHSA-N
D-tagatose	O=C(CO)[C@@H](O)[C@@H](O)[C@H](O)CO	BJHIKXHVCXFQLS-PQLUHFTBSA-N
D-tagatose-6-phosphate	O=P(O)(O)OC[C@H]1OC(O)(CO)[C@@H](O)[C@H]1O	BGWGXPAPYGQALX-OEXCPVAWSA-N
D-xylonolactone	O=C1OC[C@@H](O)[C@H](O)[C@H]1O	XXBSUZSONOQQGK-FLRLBIABSA-N
D-xylose	O=C[C@H](O)[C@@H](O)[C@H](O)CO	PYMYPHUHKUWMLA-VPENINKCSA-N
D-xylulose	O=C(CO)[C@@H](O)[C@H](O)CO	ZAQJHHRNXZUBTE-WUJLRWPWSA-N
D-xylulose-1-phosphate	O=C(COP(=O)(O)O)[C@@H](O)[C@H](O)CO	NBOCCPQHBPGYCX-WUJLRWPWSA-N
D-xylulose-5-phosphate	O=C(CO)[C@@H](O)[C@H](O)COP(=O)([O-])[O-]	FNZLKVNUWIIPSJ-RFZPGFLSSA-L
DHA	CC/C=C\C/C=C\C/C=C\C/C=C\C/C=C\C/C=C\CCC(=O)[O-]	MBMBGCFOFBJSGT-KUBAVDMBSA-M
DHAP	O=C(CO)COP(=O)([O-])[O-]	GNGACRATGGDKBX-UHFFFAOYSA-L
DNA	[*][C@H]1C[C@H](O)[C@@H](COP(=O)(O)O[C@H]2C[C@H]([*])O[C@@H]2COP(=O)(O)O[C@H]2C[C@H]([*])O[C@@H]2CO)O1	
DPA	CC/C=C\C/C=C\C/C=C\C/C=C\C/C=C\CCCCCC(=O)O	YUFFSWGQGVEMMI-JLNKQSITSA-N
Decadienoyl Carnitine	CCCCCC=CC=CC(=O)C(CC(=O)[O-])(C[N+](C)(C)C)O	ZVKUZNMNNOULSY-UHFFFAOYSA-N
Deoxycholic acid 3-sulfate	CC(CCC(=O)O)C1CCC2C1(C(CC3C2CCC4C3(CCC(C4)OS(=O)(=O)O)C)O)C	ARGCPGOJOKCMSW-LLQZFEROSA-N
Diazepam	CN1C(=O)CN=C(c2ccccc2)c2cc(Cl)ccc21	AAOVKJBEBIDNHE-UHFFFAOYSA-N
Dibenzo[A,L]Pyrene	c1ccc2c(c1)cc1ccc3cccc4c5ccccc5c2c1c34	JNTHRSHGARDABO-UHFFFAOYSA-N
Dibenzo[A,L]Pyrene-11,12-Diol	O[C@@H]1C=Cc2c(cc3ccc4cccc5c6ccccc6c2c3c45)[C@H]1O	WRVXSEQFNZZEJV-HYBUGGRVSA-N
Dibenzo[A,L]Pyrene-11,12-Epoxide	C1=CC2OC2c2cc3ccc4cccc5c6ccccc6c(c21)c3c45	JQVOOYGHXVJTHM-UHFFFAOYSA-N
Dihomo-Gamma-Linolenoyl Ethanolamide	CCCCCC=CCC=CCC=CCCCCCCC(=O)NCCO	ULQWKETUACYZLI-QNEBEIHSSA-N
Docosahexaenoyl Ethanolamide	[*]C(=O)NCCO	GEEHOLRSGZPBSM-KUBAVDMBSA-N
Docosanedioicacid	O=C([O-])CCCCCCCCCCCCCCCCCCCCC(=O)[O-]	DGXRZJSPDXZJFG-UHFFFAOYSA-L
Docosatetraenoyl Ethanolamide (22:4, Delta 7, 10, 13, 16)	CCCCC/C=C\C/C=C\C/C=C\C/C=C\CCCCCC(=O)NCCO	FMVHVRYFQIXOAF-DOFZRALJSA-N
Dodecanedioic Acid	C(CCCCCC(=O)O)CCCCC(=O)O	TVIDDXQYHWJXFK-UHFFFAOYSA-N
Dodecanedioyl Coenzyme A	CC(C)(COP(=O)([O-])OP(=O)([O-])OC[C@H]1O[C@@H](n2cnc3c(N)ncnc32)[C@H](O)[C@@H]1OP(=O)([O-])[O-])[C@@H](O)C(=O)NCCC(=O)NCCSC(=O)CCCCCCCCCCC(=O)[O-]	AWMCEAXIMVYOKU-HTKIKNFPSA-I
Dopamine 4-O-Sulphate	C1=CC(=C(C=C1CCN)O)OS(=O)(=O)O	DEKNNWJXAQTLFA-UHFFFAOYSA-N
Dopamine-4-O-Glucuronide	C1=CC(=C(C=C1CCN)O)OC2C(C(C(C(O2)C(=O)O)O)O)O	CQASRCDNLNMIJY-BYNIDDHOSA-N
Dynorphin B	CC(C)C[C@@H](NC(=O)[C@@H](Cc1ccccc1)NC(=O)CNC(=O)CNC(=O)[C@H]([NH3+])Cc1ccc(O)cc1)C(=O)NC(CCC[NH+]=C(N)N)C(=O)N[C@H](CCC[NH+]=C(N)N)C(=O)N[C@@H](CCC(N)=O)C(=O)NC(Cc1ccccc1)C(=O)N[C@@H](CCCC[NH3+])C(=O)N[C@H](C(=O)N[C@H](C(=O)N[C@H](C(=O)[O-])[C@@H](C)O)C(C)C)C(C)C	AGTSSZRZBSNTGQ-QHDWWRMQSA-Q
Dynorphin B (10-13)	CC(C)[C@H](NC(=O)[C@H](N)CCCCN)C(=O)N[C@@H](C(=O)N[C@H](C(=O)O)[C@H](C)O)C(C)C	VSLCIGXQLCYQTD-NPJQDHAYSA-N
Dynorphin B (6-9)	C1=CC=C(C=C1)CC(C(=O)O)NC(=O)C(CCC(=O)N)NC(=O)C(CCCN=C(N)N)NC(=O)C(CCCN=C(N)N)N	YTMBNLHIDIKJIU-HCXYKTFWSA-N
EPA	CC/C=C\C/C=C\C/C=C\C/C=C\C/C=C\CCCC(=O)O	JAZBEHYOTPTENJ-JLNKQSITSA-N
Ethylmalonic Acid	CCC(C(=O)O)C(=O)O	UKFXDFUAPNAMPJ-UHFFFAOYSA-N
Ethylmalonyl Coenzyme A	CCC(C(=O)O)C(=O)SCCNC(=O)CCNC(=O)C(C(C)(C)COP(=O)(O)OP(=O)(O)OCC1C(C(C(O1)N2C=NC3=C(N=CN=C32)N)O)OP(=O)(O)O)O	VUGZQVCBBBEZQE-MIZDRFBCSA-N
F1alpha	CC(=O)NC1C(C(C(OC1OCC(C(=O)O)N)COC2C(C(C(C(O2)CO)OC3C(C(C(C(O3)CO)O)O)O)O)NC(=O)C)O)O	JPQYDUJDUQNSHE-UHFFFAOYSA-N
FAD	Cc1cc2nc3c(=O)[nH]c(=O)nc-3n(C[C@H](O)[C@H](O)[C@H](O)COP(=O)(O)OP(=O)(O)OC[C@H]3O[C@@H](n4cnc5c(N)ncnc54)[C@H](O)[C@@H]3O)c2cc1C	VWWQXMAJTJZDQX-UYBVJOGSSA-N
FADH2	Cc1cc2c(cc1C)N(C[C@H](O)[C@H](O)[C@H](O)COP(=O)(O)OP(=O)(O)OC[C@H]1O[C@@H](n3cnc4c(N)ncnc43)[C@H](O)[C@@H]1O)c1nc(=O)nc(=O)c1N2	YPZRHBJKEMOYQH-UYBVJOGSSA-N
FAICAR	[H]C(=O)Nc1c(C(N)=O)ncn1[C@@H]1O[C@H](COP(=O)(O)O)[C@@H](O)[C@H]1O	ABCOOORLYAOBOZ-KQYNXXCUSA-N
FMN	Cc1cc2nc3c(=O)[nH]c(=O)nc-3n(C[C@H](O)[C@H](O)[C@H](O)COP(=O)(O)O)c2cc1C	FVTCRASFADXXNN-SCRDCRAPSA-N
FMNH2	Cc1cc2c(cc1C)N(C[C@H](O)[C@H](O)[C@H](O)COP(=O)([O-])[O-])c1[nH]c(=O)[nH]c(=O)c1N2	YTNIXZGTHTVJBW-SCRDCRAPSA-L
Fe(II)-heme o	C=CC1=C(C)C2=[N+]3C1=Cc1c(C)c(CCC(=O)[O-])c4n1[Fe-2]31n3c(c(C)c([C@@H](O)CC/C=C(\C)CC/C=C(\C)CCC=C(C)C)c3=C2)=CC2=[N+]1C(=C4)C(CCC(=O)[O-])=C2C	FISPASSVCDRERW-ARQJTVBPSA-J
Fe2+	[Fe+2]	CWYNVVGOOAEACU-UHFFFAOYSA-N
Fe3+	[Fe+3]	VTLYFUHAOXGGBS-UHFFFAOYSA-N
G(5)pppR-RNA	[*][C@@H]1O[C@H](COP(=O)(O)O[C@@H]2[C@@H](COP(=O)(O)O[C@@H]3[C@@H](COP(=O)(O)OP(=O)(O)OP(=O)(O)OC[C@H]4O[C@@H](n5cnc6c(=O)[nH]c(N)nc65)[C@H](O)[C@@H]4O)O[C@@H]([*])[C@@H]3O)O[C@@H]([*])[C@@H]2O)[C@@H](O)[C@H]1O	
G00006	CC(=O)N[C@H]1[C@H](O[C@@H]2[C@@H](CO)O[C@H](OP(=O)(O)OP(=O)(O)OCCC(C)CC/C=C(\C)CC/C=C(\C)CC/C=C(\C)CCC=C(C)C)[C@H](NC(C)=O)[C@H]2O)O[C@H](CO)[C@@H](O[C@@H]2O[C@H](CO[C@H]3O[C@H](CO)[C@@H](O)[C@H](O)[C@@H]3O)[C@@H](O)[C@H](O[C@H]3O[C@H](CO)[C@@H](O)[C@H](O)[C@@H]3O[C@H]3O[C@H](CO)[C@@H](O)[C@H](O)[C@@H]3O[C@H]3O[C@H](CO)[C@@H](O)[C@H](O)[C@@H]3O)[C@@H]2O)[C@@H]1O	HYYPTQKNNHAOBO-ANCZOWNESA-N
G00040	CCCCCCCCCCCCC/C=C/[C@@H](O)[C@H](CO[C@@H]1O[C@H](CO)[C@@H](O[C@@H]2O[C@H](CO)[C@H](O)[C@H](O[C@@H]3O[C@H](CO)[C@@H](O[C@@H]4O[C@@H](C)[C@@H](O)[C@@H](O)[C@@H]4O)[C@H](O[C@@H]4O[C@H](CO)[C@H](O)[C@H](O[C@H]5O[C@H](CO)[C@H](O)[C@H](O)[C@H]5O)[C@H]4O[C@@H]4O[C@@H](C)[C@@H](O)[C@@H](O)[C@@H]4O)[C@H]3NC(C)=O)[C@H]2O)[C@H](O)[C@H]1O)NC([*])=O	
G00081	CCCCCCCCCCCCC/C=C/[C@@H](O)[C@H](CO[C@@H]1O[C@H](CO)[C@@H](O[C@@H]2O[C@H](CO)[C@H](O)[C@H](O[C@@H]3O[C@H](CO)[C@@H](O[C@@H]4O[C@@H](C)[C@@H](O)[C@@H](O)[C@@H]4O)[C@H](O[C@@H]4O[C@H](CO)[C@H](O)[C@H](O[C@H]5O[C@H](CO)[C@H](O)[C@H](O)[C@H]5O)[C@H]4O[C@@H]4O[C@@H](C)[C@@H](O)[C@@H](O)[C@@H]4O)[C@H]3NC(C)=O)[C@H]2O)[C@H](O)[C@H]1O)NC([*])=O	
G10526	COC(=O)C1=C(C2=C(S1)C=C(C=N2)Br)N	ICWOLCSNJJNKMP-UHFFFAOYSA-N
G10595	CC1=CC(=C(C=C1Cl)[N+](=O)[O-])Cl	PEQYJEJKUTUIFJ-UHFFFAOYSA-N
G10596	C1=CN2C(=NC=C2Br)C=C1F	JIWHAZGZFYOGCD-UHFFFAOYSA-N
G10597	C1=C(C=C(C2=C1C=NN2)Cl)[N+](=O)[O-]	YMEJTHJTNCGFPD-UHFFFAOYSA-N
G10598	COC(=O)C1=CN2C=C(N=C2C=C1)C(F)(F)F	RYRYWRGTTHIMLM-UHFFFAOYSA-N
G10599	COC1=CC(=C(C=C1C#N)[N+](=O)[O-])Cl	NXGOJSOVJVXGIU-UHFFFAOYSA-N
GA1	CC12C(CCC3(C1C(C45C3CCC(C4)(C(=C)C5)O)C(=O)O)OC2=O)O	JLJLRLWOEMWYQK-OBDJNFEBSA-N
GA2	CCCCCCCCCCCCC/C=C/[C@@H](O)[C@H](CO[C@@H]1O[C@H](CO)[C@@H](O[C@@H]2O[C@H](CO)[C@H](O[C@@H]3O[C@H](CO)[C@H](O)[C@H](O)[C@H]3NC(C)=O)[C@H](O)[C@H]2O)[C@H](O)[C@H]1O)NC([*])=O	
GAR	NCC(=O)NC1O[C@H](COP(=O)(O)O)[C@@H](O)[C@H]1O	OBQMLSFOUZUIOB-HJZCUYRDSA-N
GD1a	CCCCCCCCCCCCC/C=C/[C@@H](O)[C@H](CO[C@@H]1O[C@H](CO)[C@@H](O[C@@H]2O[C@H](CO)[C@H](O[C@@H]3O[C@H](CO)[C@H](O)[C@H](O[C@@H]4O[C@H](CO)[C@H](O)[C@H](O[C@]5(C(=O)[O-])C[C@H](O)[C@@H](NC(C)=O)[C@H]([C@H](O)[C@H](O)CO)O5)[C@H]4O)[C@H]3NC(C)=O)[C@H](O[C@]3(C(=O)[O-])C[C@H](O)[C@@H](NC(C)=O)[C@H]([C@H](O)[C@H](O)CO)O3)[C@H]2O)[C@H](O)[C@H]1O)NC([*])=O	
GD1b	*C(=O)N[C@@H](CO[C@@H]1O[C@H](CO)[C@@H](O[C@@H]2O[C@H](CO)[C@H](O[C@@H]3O[C@H](CO)[C@H](O)[C@H](O[C@@H]4O[C@H](CO)[C@H](O)[C@H](O)[C@H]4O)[C@H]3NC(C)=O)[C@H](O[C@]3(C(=O)O)C[C@H](O)[C@@H](NC(C)=O)[C@]([H])([C@H](O)[C@@H](CO)O[C@]4(C(=O)O)C[C@H](O)[C@@H](NC(C)=O)[C@]([H])([C@H](O)[C@H](O)CO)O4)O3)[C@H]2O)[C@H](O)[C@H]1O)[C@H](O)/C=C/CCCCCCCCCCCCC	
GD2	CCCCCCCCCCCCC/C=C/[C@@H](O)[C@H](CO[C@@H]1O[C@H](CO)[C@@H](O[C@@H]2O[C@H](CO)[C@H](O[C@@H]3O[C@H](CO)[C@H](O)[C@H](O)[C@H]3NC(C)=O)[C@H](O[C@]3(C(=O)[O-])C[C@H](O)[C@@H](NC(C)=O)C([C@H](O)[C@@H](CO)O[C@]4(C(=O)[O-])C[C@H](O)[C@@H](NC(C)=O)C([C@H](O)[C@H](O)CO)O4)O3)[C@H]2O)[C@H](O)[C@H]1O)NC([*])=O	
GD3	CCCCCCCCCCCCC/C=C/[C@@H](O)[C@H](CO[C@@H]1O[C@H](CO)[C@@H](O[C@@H]2O[C@H](CO)[C@H](O)[C@H](O[C@]3(C(=O)[O-])C[C@H](O)[C@@H](NC(C)=O)C([C@H](O)[C@@H](CO)O[C@]4(C(=O)[O-])C[C@H](O)[C@@H](NC(C)=O)C([C@H](O)[C@H](O)CO)O4)O3)[C@H]2O)[C@H](O)[C@H]1O)NC([*])=O	UIWYJDYFSGRHKR-UHFFFAOYSA-N
GDP	Nc1nc(=O)c2ncn([C@@H]3O[C@H](COP(=O)(O)OP(=O)(O)O)[C@@H](O)[C@H]3O)c2n1	QGWNDRXFNXRZMB-UUOKFMHZSA-N
GDP-4-dehydro-6-deoxy-D-mannose	C[C@H]1O[C@H](OP(=O)(O)OP(=O)(O)OC[C@H]2O[C@@H](n3cnc4c(=O)nc(N)nc43)[C@H](O)[C@@H]2O)[C@@H](O)[C@@H](O)C1=O	PNHLMHWWFOPQLK-BKUUWRAGSA-N
GDP-L-fucose	C[C@@H]1OC(OP(=O)(O)OP(=O)(O)OC[C@H]2O[C@@H](n3cnc4c(=O)nc(N)nc43)[C@H](O)[C@@H]2O)[C@@H](O)[C@H](O)[C@@H]1O	LQEBEXMHBLQMDB-QIXZNPMTSA-N
GDP-mannose	Nc1nc(=O)c2ncn([C@@H]3O[C@H](COP(=O)(O)OP(=O)(O)O[C@H]4O[C@H](CO)[C@@H](O)[C@H](O)[C@@H]4O)[C@@H](O)[C@H]3O)c2n1	MVMSCBBUIHUTGJ-GDJBGNAASA-N
GM1	CCCCCCCCCCCCC/C=C/[C@@H](O)[C@H](CO[C@@H]1O[C@H](CO)[C@@H](O[C@@H]2O[C@H](CO)[C@H](O[C@@H]3O[C@H](CO)[C@H](O)[C@H](O[C@@H]4O[C@H](CO)[C@H](O)[C@H](O)[C@H]4O)[C@H]3NC(C)=O)[C@H](O[C@]3(C(=O)O)C[C@H](O)[C@@H](NC(C)=O)[C@H]([C@H](O)[C@H](O)CO)O3)[C@H]2O)[C@H](O)[C@H]1O)NC([*])=O	
GM1alpha	CCCCCCCCCCCCCC=CC(C(COC1C(C(C(C(O1)CO)OC2C(C(C(C(O2)CO)OC3C(C(C(C(O3)COC4(CC(C(C(O4)C(C(CO)O)O)NC(=O)C)O)C(=O)O)O)OC5C(C(C(C(O5)CO)O)O)O)NC(=O)C)O)O)O)O)NC(=O)C)O	BQJYFNSVHQOGTA-REMMJKAZSA-N
GM2	CCCCCCCCCCCCC/C=C/[C@@H](O)[C@H](CO[C@@H]1O[C@H](CO)[C@@H](O[C@@H]2O[C@H](CO)[C@H](O[C@@H]3O[C@H](CO)[C@H](O)[C@H](O)[C@H]3NC(C)=O)[C@H](O[C@]3(C(=O)O)C[C@H](O)[C@@H](NC(C)=O)[C@H]([C@H](O)[C@H](O)CO)O3)[C@H]2O)[C@H](O)[C@H]1O)NC([*])=O	
GM2alpha	CC(=O)NC1C(CC(OC1C(C(CO)O)O)(C(=O)[O-])OCC2C(C(C(C(O2)OC3C(OC(C(C3O)O)OC4C(OC(C(C4O)O)OCC(CO)NC=O)CO)CO)NC(=O)C)O)O)O	BLQPPNAIDYQYMW-CBYJIYHVSA-M
GM3	CCCCCCCCCCCCC/C=C/[C@@H](O)[C@H](CO[C@@H]1O[C@H](CO)[C@@H](O[C@@H]2O[C@H](CO)[C@H](O)[C@H](O[C@]3(C(=O)[O-])C[C@H](O)[C@@H](NC(C)=O)C([C@H](O)[C@H](O)CO)O3)[C@H]2O)[C@H](O)[C@H]1O)NC([*])=O	
GM4	*C(=O)N[C@@H](CO[C@@H]1O[C@H](CO)[C@H](O)[C@H](O[C@]2(C(=O)O)C[C@H](O)[C@@H](NC(C)=O)[C@]([H])([C@H](O)[C@H](O)CO)O2)[C@H]1O)[C@H](O)/C=C/CCCCCCCCCCCCC	
GMP	Nc1nc(=O)c2ncn([C@@H]3O[C@H](COP(=O)(O)O)[C@@H](O)[C@H]3O)c2n1	RQFCJASXJCIDSX-UUOKFMHZSA-N
GQ1b	CCCCCCCCCCCCC/C=C/[C@@H](O)[C@H](CO[C@@H]1O[C@H](CO)[C@@H](O[C@@H]2O[C@H](CO)[C@H](O[C@@H]3O[C@H](CO)[C@H](O)[C@H](O[C@@H]4O[C@H](CO)[C@H](O)[C@H](O[C@]5(C(=O)[O-])C[C@H](O)[C@@H](NC(C)=O)C([C@H](O)[C@@H](CO)O[C@]6(C(=O)[O-])C[C@H](O)[C@@H](NC(C)=O)C([C@H](O)[C@H](O)CO)O6)O5)[C@H]4O)[C@H]3NC(C)=O)[C@H](O[C@]3(C(=O)[O-])C[C@H](O)[C@@H](NC(C)=O)C([C@H](O)[C@@H](CO)O[C@]4(C(=O)[O-])C[C@H](O)[C@@H](NC(C)=O)C([C@H](O)[C@H](O)CO)O4)O3)[C@H]2O)[C@H](O)[C@H]1O)NC([*])=O	MGPWUUWTEQFLAF-PTBKMRFJSA-J
GQ1balpha	CCCCCCCCCCCCC/C=C/[C@@H](O)[C@H](CO[C@@H]1O[C@H](CO)[C@@H](O[C@@H]2O[C@H](CO)[C@H](O[C@@H]3O[C@H](CO[C@]4(C(=O)[O-])C[C@H](O)[C@@H](NC(C)=O)C([C@H](O)[C@H](O)CO)O4)[C@H](O)[C@H](O[C@@H]4O[C@H](CO)[C@H](O)[C@H](O[C@]5(C(=O)[O-])C[C@H](O)[C@@H](NC(C)=O)C([C@H](O)[C@H](O)CO)O5)[C@H]4O)[C@H]3NC(C)=O)[C@H](O[C@]3(C(=O)[O-])C[C@H](O)[C@@H](NC(C)=O)C([C@H](O)[C@@H](CO)O[C@]4(C(=O)[O-])C[C@H](O)[C@@H](NC(C)=O)C([C@H](O)[C@H](O)CO)O4)O3)[C@H]2O)[C@H](O)[C@H]1O)NC([*])=O	
GQ1c	CCCCCCCCCCCCCCCCCCCCCCCCC(=O)NC(COC1C(C(C(C(O1)CO)OC2C(C(C(C(O2)CO)OC3C(C(C(C(O3)CO)O)OC4C(C(C(C(O4)CO)O)OC5(CC(C(C(O5)C(C(CO)O)O)NC(=O)C)O)C(=O)O)O)CC(=O)C)OC6(CC(C(C(O6)C(C(CO)OC7(CC(C(C(O7)C(C(CO)OC8(CC(C(C(O8)C(C(CO)O)O)NC(=O)C)O)C(=O)O)O)NC(=O)C)O)C(=O)O)O)NC(=O)C)O)C(=O)O)O)O)O)C(C=CCCCCCCCCCCCCC)O	IIPPHUMDVWEWJA-UHFFFAOYSA-N
GSH	N[C@@H](CCC(=O)N[C@@H](CS)C(=O)NCC(=O)O)C(=O)O	RWSXRVCMGQZWBV-WDSKDSINSA-N
GSSG	N[C@@H](CCC(=O)N[C@@H](CSSC[C@H](NC(=O)CC[C@H](N)C(=O)O)C(=O)NCC(=O)O)C(=O)NCC(=O)O)C(=O)O	YPZRWBKMTBYPTK-BJDJZHNGSA-N
GT1a	CCCCCCCCCCCCC/C=C/[C@@H](O)[C@H](CO[C@@H]1O[C@H](CO)[C@@H](O[C@@H]2O[C@H](CO)[C@H](O[C@@H]3O[C@H](CO)[C@H](O)[C@H](O[C@@H]4O[C@H](CO)[C@H](O)[C@H](O[C@]5(C(=O)[O-])C[C@H](O)[C@@H](NC(C)=O)C([C@H](O)[C@@H](CO)O[C@]6(C(=O)[O-])C[C@H](O)[C@@H](NC(C)=O)C([C@H](O)[C@H](O)CO)O6)O5)[C@H]4O)[C@H]3NC(C)=O)[C@H](O[C@]3(C(=O)[O-])C[C@H](O)[C@@H](NC(C)=O)C([C@H](O)[C@H](O)CO)O3)[C@H]2O)[C@H](O)[C@H]1O)NC([*])=O	XKUWRFPNNLVTLQ-UHFFFAOYSA-N
GT1aalpha	CCCCCCCCCCCCC/C=C/[C@@H](O)[C@H](CO[C@@H]1O[C@H](CO)[C@@H](O[C@@H]2O[C@H](CO)[C@H](O[C@@H]3O[C@H](CO[C@]4(C(=O)[O-])C[C@H](O)[C@@H](NC(C)=O)C([C@H](O)[C@H](O)CO)O4)[C@H](O)[C@H](O[C@@H]4O[C@H](CO)[C@H](O)[C@H](O[C@]5(C(=O)[O-])C[C@H](O)[C@@H](NC(C)=O)C([C@H](O)[C@H](O)CO)O5)[C@H]4O)[C@H]3NC(C)=O)[C@H](O[C@]3(C(=O)[O-])C[C@H](O)[C@@H](NC(C)=O)C([C@H](O)[C@H](O)CO)O3)[C@H]2O)[C@H](O)[C@H]1O)NC([*])=O	
GT1b	CCCCCCCCCCCCC/C=C/[C@@H](O)[C@H](CO[C@@H]1O[C@H](CO)[C@@H](O[C@@H]2O[C@H](CO)[C@H](O[C@@H]3O[C@H](CO)[C@H](O)[C@H](O[C@@H]4O[C@H](CO)[C@H](O)[C@H](O[C@]5(C(=O)[O-])C[C@H](O)[C@@H](NC(C)=O)C([C@H](O)[C@H](O)CO)O5)[C@H]4O)[C@H]3NC(C)=O)[C@H](O[C@]3(C(=O)[O-])C[C@H](O)[C@@H](NC(C)=O)C([C@H](O)[C@@H](CO)O[C@]4(C(=O)[O-])C[C@H](O)[C@@H](NC(C)=O)C([C@H](O)[C@H](O)CO)O4)O3)[C@H]2O)[C@H](O)[C@H]1O)NC([*])=O	BHXHJVBFTBYQCL-VSXHBQJTSA-K
GT2	CCCCCCCCCCCCC/C=C/[C@@H](O)[C@H](CO[C@@H]1O[C@H](CO)[C@@H](O[C@@H]2O[C@H](CO)[C@H](O[C@@H]3O[C@H](CO)[C@H](O)[C@H](O)[C@H]3NC(C)=O)[C@H](O[C@]3(C(=O)[O-])C[C@H](O)[C@@H](NC(C)=O)C([C@H](O)[C@@H](CO)O[C@]4(C(=O)[O-])C[C@H](O)[C@@H](NC(C)=O)C([C@H](O)[C@@H](CO)O[C@]5(C(=O)[O-])C[C@H](O)[C@@H](NC(C)=O)C([C@H](O)[C@H](O)CO)O5)O4)O3)[C@H]2O)[C@H](O)[C@H]1O)NC([*])=O	UYUPOQDZJBPUTQ-UHFFFAOYSA-N
GT3	CCCCCCCCCCCCC/C=C/[C@@H](O)[C@H](CO[C@@H]1O[C@H](CO)[C@@H](O[C@@H]2O[C@H](CO)[C@H](O)[C@H](O[C@]3(C(=O)[O-])C[C@H](O)[C@@H](NC(C)=O)C([C@H](O)[C@@H](CO)O[C@]4(C(=O)[O-])C[C@H](O)[C@@H](NC(C)=O)C([C@H](O)[C@@H](CO)O[C@]5(C(=O)[O-])C[C@H](O)[C@@H](NC(C)=O)C([C@H](O)[C@H](O)CO)O5)O4)O3)[C@H]2O)[C@H](O)[C@H]1O)NC([*])=O	
GTP	Nc1nc(=O)c2ncn([C@@H]3O[C@H](COP(=O)(O)OP(=O)(O)OP(=O)(O)O)[C@@H](O)[C@H]3O)c2n1	XKMLYUALXHKNFT-UUOKFMHZSA-N
Ganglioside Gm1	CCCCCCCCCCCCC/C=C/[C@@H](O)[C@H](CO[C@@H]1O[C@H](CO)[C@@H](O[C@@H]2O[C@H](CO)[C@H](O[C@@H]3O[C@H](CO)[C@H](O)[C@H](O[C@@H]4O[C@H](CO)[C@H](O)[C@H](O)[C@H]4O)[C@H]3NC(C)=O)[C@H](O[C@]3(C(=O)O)C[C@H](O)[C@@H](NC(C)=O)[C@H]([C@H](O)[C@H](O)CO)O3)[C@H]2O)[C@H](O)[C@H]1O)NC([*])=O	QPJBWNIQKHGLAU-IQZHVAEDSA-N
Gliclazide	CC1=CC=C(C=C1)S(=O)(=O)NC(=O)NN2CC3CCCC3C2	BOVGTQGAOIONJV-UHFFFAOYSA-N
Glucose-1,3-Mannose Oligosaccharide	C(C1C(C(C(C(O1)O)O)OC2C(C(C(C(O2)CO)O)O)O)O)O	QIGJYVCQYDKYDW-WPMDEUETSA-N
Glutaconate	C(C=CC(=O)O)C(=O)O	XVOUMQNXTGKGMA-OWOJBTEDSA-N
Glutaconyl Coenzyme A	CC(C)(COP(=O)(O)OP(=O)(O)OCC1C(C(C(O1)N2C=NC3=C(N=CN=C32)N)O)OP(=O)(O)O)C(C(=O)NCCC(=O)NCCSC(=O)C=CCC(=O)O)O	URTLOTISFJPPOU-DEGQQWIJSA-N
Glutaminyl-Arginyl-Leucine	CC(C)CC(C(=O)O)NC(=O)C(CCCN=C(N)N)NC(=O)C(CCC(=O)N)N	PRBLYKYHAJEABA-SRVKXCTJSA-N
Glutaminyl-Asparaginyl-Glutamine	C(CC(=O)N)C(C(=O)NC(CC(=O)N)C(=O)NC(CCC(=O)N)C(=O)O)N	TWHDOEYLXXQYOZ-FXQIFTODSA-N
Glutaminyl-Asparaginyl-Leucine	CC(C)CC(C(=O)O)NC(=O)C(CC(=O)N)NC(=O)C(CCC(=O)N)N	AAOBFSKXAVIORT-GUBZILKMSA-N
Glutaminyl-Histidyl-Histidine	C1=C(NC=N1)CC(C(=O)NC(CC2=CN=CN2)C(=O)O)NC(=O)C(CCC(=O)N)N	GFLNKSQHOBOMNM-AVGNSLFASA-N
Glutaminyl-Histidyl-Lysine	C1=C(NC=N1)CC(C(=O)NC(CCCCN)C(=O)O)NC(=O)C(CCC(=O)N)N	NNXIQPMZGZUFJJ-AVGNSLFASA-N
Glutaminyl-Lysyl-Lysine	C(CCN)CC(C(=O)NC(CCCCN)C(=O)O)NC(=O)C(CCC(=O)N)N	JRHPEMVLTRADLJ-AVGNSLFASA-N
Glutaminyl-Lysyl-Tryptophan	C1=CC=C2C(=C1)C(=CN2)CC(C(=O)O)NC(=O)C(CCCCN)NC(=O)C(CCC(=O)N)N	AMHIFFIUJOJEKJ-SZMVWBNQSA-N
Glutaminyl-Tyrosyl-Leucine	CC(C)CC(C(=O)O)NC(=O)C(CC1=CC=C(C=C1)O)NC(=O)C(CCC(=O)N)N	JKDBRTNMYXYLHO-JYJNAYRXSA-N
Glutamyl-Glutamate	C(CC(=O)O)C(C(=O)NC(CCC(=O)O)C(=O)O)N	KOSRFJWDECSPRO-WDSKDSINSA-N
Glutamyl-Isoleucyl-Lysine	CCC(C)C(C(=O)NC(CCCCN)C(=O)O)NC(=O)C(CCC(=O)O)N	XTZDZAXYPDISRR-MNXVOIDGSA-N
Glutamyl-Leucine	CC(C)CC(C(=O)O)NC(=O)C(CCC(=O)O)N	YBAFDPFAUTYYRW-YUMQZZPRSA-N
Glutamyl-Methionine	CSCCC(C(=O)O)NC(=O)C(CCC(=O)O)N	SXGAGTVDWKQYCX-BQBZGAKWSA-N
Glutamyl-Threonine	CC(C(C(=O)O)NC(=O)C(CCC(=O)O)N)O	JSIQVRIXMINMTA-VPLCAKHXSA-N
Glutamyl-Threonyl-Lysine	CC(C(C(=O)NC(CCCCN)C(=O)O)NC(=O)C(CCC(=O)O)N)O	DTLLNDVORUEOTM-WDCWCFNPSA-N
Glutamyl-Tryptophanyl-Alanine	CC(C(=O)O)NC(=O)C(CC1=CNC2=CC=CC=C21)NC(=O)C(CCC(=O)O)N	ZQNCUVODKOBSSO-XEGUGMAKSA-N
Glutarate	O=C([O-])CCCC(=O)[O-]	JFCQEDHGNNZCLN-UHFFFAOYSA-L
Glycerol 2-Phosphate	O=P([O-])([O-])OC(CO)CO	DHCLVCXQIBBOPH-UHFFFAOYSA-L
Glycochenodeoxycholic acid 3-sulfate	CC(CCC(=O)NCC(=O)O)C1CCC2C1(CCC3C2C(CC4C3(CCC(C4)OS(=O)(=O)O)C)O)C	DKXXSIJHWWVNMO-GYPHWSFCSA-N
Glycocholic acid 3-sulfate	CC(CCC(=O)NCC(=O)O)C1CCC2C1(C(CC3C2C(CC4C3(CCC(C4)OS(=O)(=O)O)C)O)O)C	ZXUWKFXQTSOVDY-UHFFFAOYSA-N
Glycodeoxycholic acid 3-sulfate	CC(CCC(=O)NCC(=O)O)C1CCC2C1(C(CC3C2CCC4C3(CCC(C4)OS(=O)(=O)O)C)O)C	QJZCNFGUZPMYAX-BUXLTGKBSA-N
Glycoursodeoxycholic acid 3-sulfate	CC(CCC(=O)NCC(=O)O)C1CCC2C1(CCC3C2C(CC4C3(CCC(C4)OS(=O)(=O)O)C)O)C	DKXXSIJHWWVNMO-XROMFQGDSA-N
Glycyl-Glycine	C(C(=O)NCC(=O)O)N	YMAWOPBAYDPSLA-UHFFFAOYSA-N
Glycyl-Histidyl-Asparagine	C1=C(NC=N1)CC(C(=O)NC(CC(=O)N)C(=O)O)NC(=O)CN	AYBKPDHHVADEDA-YUMQZZPRSA-N
Glycyl-Histidyl-Lysine	C1=C(NC=N1)CC(C(=O)NC(CCCCN)C(=O)O)NC(=O)CN	MVORZMQFXBLMHM-QWRGUYRKSA-N
Glycyl-Lysyl-Cysteine	C(CCN)CC(C(=O)NC(CS)C(=O)O)NC(=O)CN	VLIJYPMATZSOLL-YUMQZZPRSA-N
Glycyl-Lysyl-Phenylalanine	C1=CC=C(C=C1)CC(C(=O)O)NC(=O)C(CCCCN)NC(=O)CN	MHZXESQPPXOING-KBPBESRZSA-N
Glycyl-Phenylalanine	C1=CC=C(C=C1)CC(C(=O)O)NC(=O)CN	JBCLFWXMTIKCCB-VIFPVBQESA-N
Glycyl-Tyrosyl-Lysine	C1=CC(=CC=C1CC(C(=O)NC(CCCCN)C(=O)O)NC(=O)CN)O	PNUFMLXHOLFRLD-KBPBESRZSA-N
Glycyl-Valyl-Histidine	CC(C)C(C(=O)NC(CC1=CN=CN1)C(=O)O)NC(=O)CN	FULZDMOZUZKGQU-ONGXEEELSA-N
Glycylleucine	CC(C)C[C@H](NC(=O)CN)C(=O)O	DKEXFJVMVGETOO-LURJTMIESA-N
Glycylproline	C1CC(N(C1)C(=O)CN)C(=O)O	KZNQNBZMBZJQJO-YFKPBYRVSA-N
Glycylsarcosine	CN(CC(=O)[O-])C(=O)C[NH3+]	VYAMLSCELQQRAE-UHFFFAOYSA-N
H+	[H+]	GPRLSGONYQIRFK-UHFFFAOYSA-N
H2O	[H]O[H]	XLYOFNOQVPJJNP-UHFFFAOYSA-N
H2O2	OO	MHAJPDPJQMAIIY-UHFFFAOYSA-N
H2S	[H]S[H]	RWSOTUBLDIXVET-UHFFFAOYSA-N
H2S2O3	[H]OS(=O)(=O)S[H]	DHCDFWKWKRSZHF-UHFFFAOYSA-N
HCO3-	O=C([O-])O	BVKZGUZCCUSVTD-UHFFFAOYSA-M
HDL	C(C(C(=O)NO)O)(C(C(=O)O)O)O	DMGBHBFPSRKPBV-LAMMAJBHSA-N
HMA	C1CCCN(CC1)C2=NC(=C(N=C2Cl)C(=O)N=C(N)N)N	RQQJJXVETXFINY-UHFFFAOYSA-N
HMG-CoA	CC(C)(COP(=O)(O)OP(=O)(O)OC[C@H]1O[C@@H](n2cnc3c(N)ncnc32)[C@H](O)[C@@H]1OP(=O)(O)O)[C@@H](O)C(=O)NCCC(=O)NCCSC(=O)C[C@@](C)(O)CC(=O)O	CABVTRNMFUVUDM-VRHQGPGLSA-N
Heptadecanoyl Thanolamide (C17:0)	CCCCCCCCCCCCCCCCC(=O)NCCO	GCCFMSAXQJECNH-UHFFFAOYSA-N
Hexadecanediocacid	O=C([O-])CCCCCCCCCCCCCCC(=O)[O-]	QQHJDPROMQRDLA-UHFFFAOYSA-L
Hexadecanedioic Acid Mono-L-Carnitine Ester	C[N+](C)(C)CC(CC(=O)[O-])OC(=O)CCCCCCCCCCCCCCC(=O)O	UNHCPLSWMNPZTD-HXUWFJFHSA-N
Hexadecanedioyl Coenzyme A	CC(C)(COP(=O)([O-])OP(=O)([O-])OC[C@H]1O[C@@H](n2cnc3c(N)ncnc32)[C@H](O)[C@@H]1OP(=O)([O-])[O-])[C@@H](O)C(=O)NCCC(=O)NCCSC(=O)CCCCCCCCCCCCCCC(=O)[O-]	GTCSHNMTNCXODY-CCAJQFMUSA-I
Hexadecenoyl Ethanolamide, C16:1-Ethanolamide (Delta 9)	CCCCCCCCCCCCCCCC(=O)NCCO	HXYVTAGFYLMHSO-UHFFFAOYSA-N
Hexanoyl Carnitine	CCCCCC(=O)OC(CC(=O)[O-])C[N+](C)(C)C	VVPRQWTYSNDTEA-UHFFFAOYSA-N
Histidyl-Arginyl-Cysteine	C1=C(NC=N1)CC(C(=O)NC(CCCN=C(N)N)C(=O)NC(CS)C(=O)O)N	JHVCZQFWRLHUQR-DCAQKATOSA-N
Histidyl-Arginyl-Serine	C1=C(NC=N1)CC(C(=O)NC(CCCN=C(N)N)C(=O)NC(CO)C(=O)O)N	ZPVJJPAIUZLSNE-DCAQKATOSA-N
Histidyl-Aspartate	C1=C(NC=N1)CC(C(=O)NC(CC(=O)O)C(=O)O)N	MDCTVRUPVLZSPG-BQBZGAKWSA-N
Histidyl-Glutaminyl-Alanine	CC(C(=O)O)NC(=O)C(CCC(=O)N)NC(=O)C(CC1=CN=CN1)N	UPGJWSUYENXOPV-HGNGGELXSA-N
Histidyl-Glutamyl-Glutamine	C1=C(NC=N1)CC(C(=O)NC(CCC(=O)O)C(=O)NC(CCC(=O)N)C(=O)O)N	BQFGKVYHKCNEMF-DCAQKATOSA-N
Histidyl-Histidyl-Lysine	C1=C(NC=N1)CC(C(=O)NC(CC2=CN=CN2)C(=O)NC(CCCCN)C(=O)O)N	AKAPKBNIVNPIPO-KKUMJFAQSA-N
Histidyl-Lysyl-Alanine	CC(C(=O)O)NC(=O)C(CCCCN)NC(=O)C(CC1=CN=CN1)N	PGRPSOUCWRBWKZ-DLOVCJGASA-N
Histidyl-Lysyl-Isoleucine	CCC(C)C(C(=O)O)NC(=O)C(CCCCN)NC(=O)C(CC1=CN=CN1)N	LDFWDDVELNOGII-MXAVVETBSA-N
Histidyl-Lysyl-Lysine	C1=C(NC=N1)CC(C(=O)NC(CCCCN)C(=O)NC(CCCCN)C(=O)O)N	UMBKDWGQESDCTO-KKUMJFAQSA-N
Histidyl-Lysyl-Threonine	CC(C(C(=O)O)NC(=O)C(CCCCN)NC(=O)C(CC1=CN=CN1)N)O	BKOVCRUIXDIWFV-IXOXFDKPSA-N
Histidyl-Lysyl-Valine	CC(C)C(C(=O)O)NC(=O)C(CCCCN)NC(=O)C(CC1=CN=CN1)N	TVMNTHXFRSXZGR-IHRRRGAJSA-N
Histidyl-Methionine	CSCCC(C(=O)O)NC(=O)C(CC1=CN=CN1)N	AYIZHKDZYOSOGY-IUCAKERBSA-N
Histidyl-Methionyl-Glutamine	CSCCC(C(=O)NC(CCC(=O)N)C(=O)O)NC(=O)C(CC1=CN=CN1)N	NKRWVZQTPXPNRZ-SRVKXCTJSA-N
Histidyl-Phenylalanyl-Arginine	C1=CC=C(C=C1)CC(C(=O)NC(CCCN=C(N)N)C(=O)O)NC(=O)C(CC2=CN=CN2)N	AYUOWUNWZGTNKB-ULQDDVLXSA-N
Histidyl-Prolyl-Lysine	C1CC(N(C1)C(=O)C(CC2=CN=CN2)N)C(=O)NC(CCCCN)C(=O)O	PGXZHYYGOPKYKM-IHRRRGAJSA-N
Histidyl-Tryptophanyl-Histidine	C1=CC=C2C(=C1)C(=CN2)CC(C(=O)NC(CC3=CN=CN3)C(=O)O)NC(=O)C(CC4=CN=CN4)N	XSEAJSPAOTZXJE-IHPCNDPISA-N
Homocitrulline	C(CCNC(=O)N)CC(C(=O)O)N	XIGSAGMEBXLVJJ-YFKPBYRVSA-N
Hyocholic acid; gamma-Muricholate	[H][C@@]12CC[C@]([H])([C@H](C)CCC(=O)O)[C@@]1(C)CC[C@]1([H])[C@@]3(C)CC[C@@H](O)C[C@@]3([H])[C@@H](O)[C@@H](O)[C@@]21[H]	DKPMWHFRUGMUKF-KWXDGCAGSA-N
I-Antigen	CCCCCCCCCCCCC/C=C/[C@@H](O)[C@H](CO[C@@H]1O[C@H](CO)[C@@H](O[C@@H]2O[C@H](CO)[C@H](O)[C@H](O[C@@H]3O[C@H](CO)[C@@H](O[C@@H]4O[C@H](CO[C@@H]5O[C@H](CO)[C@@H](O[C@@H]6O[C@H](CO)[C@H](O)[C@H](O)[C@H]6O)[C@H](O)[C@H]5NC(C)=O)[C@H](O)[C@H](O[C@@H]5O[C@H](CO)[C@@H](O[C@@H]6O[C@H](CO)[C@H](O)[C@H](O)[C@H]6O)[C@H](O)[C@H]5NC(C)=O)[C@H]4O)[C@H](O)[C@H]3NC(C)=O)[C@H]2O)[C@H](O)[C@H]1O)NC([*])=O	VSLUUOTXHBNIGP-UIOYYAOESA-N
IDP	O=c1ncnc2c1ncn2[C@@H]1O[C@H](COP(=O)(O)OP(=O)(O)O)[C@@H](O)[C@H]1O	JPXZQMKKFWMMGK-KQYNXXCUSA-N
III3,IV2Fuc-nLc4Cer	CCCCCCCCCCCCCC=CC(C(COC1C(C(C(C(O1)CO)OC2C(C(C(C(O2)CO)O)OC3C(C(C(C(O3)CO)OC4C(C(C(C(O4)CO)O)O)OC5C(C(C(C(O5)C)O)O)O)OC6C(C(C(C(O6)C)O)O)O)NC(=O)C)O)O)O)NC=O)O	JWNWWTQCACWVJH-LHZJNKMXSA-N
III3Fuc-nLc4Cer	CC(=O)N[C@H]1[C@H](O[C@H]2[C@@H](O)[C@@H](CO)O[C@@H](O[C@@H]3[C@@H](CO)O[C@@H](OC[C@H](NC([*])=O)[C@@H]([*])O)[C@H](O)[C@H]3O)[C@@H]2O)O[C@H](CO)[C@@H](O[C@@H]2O[C@H](CO)[C@H](O)[C@H](O)[C@H]2O)[C@@H]1O[C@@H]1O[C@@H](C)[C@@H](O)[C@@H](O)[C@@H]1O	KSVHKVBLMGDTOG-DQMKXLFVSA-N
IMP	O=c1ncnc2c1ncn2[C@@H]1O[C@H](COP(=O)(O)O)[C@@H](O)[C@H]1O	GRSZFWQUAKGDAV-KQYNXXCUSA-N
ITP	O=c1ncnc2c1ncn2[C@@H]1O[C@H](COP(=O)(O)OP(=O)(O)OP(=O)(O)O)[C@@H](O)[C@H]1O	HAEJPQIATWHALX-KQYNXXCUSA-N
IV2Fuc,III4Fuc-Lc4Cer	CCCCCCCCCCCCCC=CC(C(COC1C(C(C(C(O1)CO)OC2C(C(C(C(O2)CO)O)OC3C(C(C(C(O3)CO)OC4C(C(C(C(O4)C)O)O)O)OC5C(C(C(C(O5)CO)O)O)OC6C(C(C(C(O6)C)O)O)O)NC(=O)C)O)O)O)NC=O)O	JRHKAOWZMBOKKJ-LHZJNKMXSA-N
IV2Fuc-Lc4Cer	CCCCCCCCCCCCC/C=C/[C@@H](O)[C@H](CO[C@@H]1O[C@H](CO)[C@@H](O[C@@H]2O[C@H](CO)[C@H](O)[C@H](O[C@@H]3O[C@H](CO)[C@@H](O)[C@H](O[C@@H]4O[C@H](CO)[C@H](O)[C@H](O)[C@H]4O[C@@H]4O[C@@H](C)[C@@H](O)[C@@H](O)[C@@H]4O)[C@H]3NC(C)=O)[C@H]2O)[C@H](O)[C@H]1O)NC([*])=O	
IV2Fuc-nLc4Cer	CCCCCCCCCCCCCC=CC(C(COC1C(C(C(C(O1)CO)OC2C(C(C(C(O2)CO)O)OC3C(C(C(C(O3)CO)OC4C(C(C(C(O4)CO)O)O)OC5C(C(C(C(O5)C)O)O)O)O)NC(=O)C)O)O)O)NC(=O)C)O	NEEVJWBFLIJSEA-UUADYBQESA-N
IV3NeuAc,III3Fuc-nLc4Cer	CCCCCCCCCCCCC/C=C/[C@@H](O)[C@H](CO[C@@H]1O[C@H](CO)[C@@H](O[C@@H]2O[C@H](CO)[C@H](O)[C@H](O[C@@H]3O[C@H](CO)[C@@H](O[C@@H]4O[C@H](CO)[C@H](O)[C@H](O[C@]5(C(=O)[O-])C[C@H](O)[C@@H](NC(C)=O)[C@H]([C@H](O)[C@H](O)CO)O5)[C@H]4O)[C@H](O[C@@H]4O[C@@H](C)[C@@H](O)[C@@H](O)[C@@H]4O)[C@H]3NC(C)=O)[C@H]2O)[C@H](O)[C@H]1O)NC=O	FYESHYJKKINHMB-WHOXPQKFSA-M
Indole	C1=CC=C2C(=C1)C=CN2	SIKJAQJRHWYJAI-UHFFFAOYSA-N
Indoxyl	C1=CC=C2C(=C1)C(=CN2)O	PCKPVGOLPKLUHR-UHFFFAOYSA-N
Indoxyl Sulfate	C1=CC=C2C(=C1)C(=CN2)OS(=O)(=O)O	BXFFHSIDQOFMLE-UHFFFAOYSA-N
Isoleucyl-Arginyl-Isoleucine	CCC(C)C(C(=O)NC(CCCN=C(N)N)C(=O)NC(C(C)CC)C(=O)O)N	ATXGFMOBVKSOMK-PEDHHIEDSA-N
Isoleucyl-Asparaginyl-Histidine	CCC(C)C(C(=O)NC(CC(=O)N)C(=O)NC(CC1=CN=CN1)C(=O)O)N	IIXDMJNYALIKGP-DJFWLOJKSA-N
K+	[K+]	NPYPAHLBTDXSSS-UHFFFAOYSA-N
L-1-pyrroline-3-hydroxy-5-carboxylate	[H][C@@]1(C(=O)O)C[C@@H](O)C=N1	WFOFKRKDDKGRIK-DMTCNVIQSA-N
L-2-amino-3-oxobutanoic acid	CC(=O)[C@H]([NH3+])C(=O)[O-]	SAUCHDKDCUROAO-VKHMYHEASA-N
L-2-aminoadipate	[NH3+][C@@H](CCCC(=O)[O-])C(=O)[O-]	OYIFNHCXNCRBQI-BYPYZUCNSA-M
L-3-amino-isobutanoate	C[C@@H](CN)C(=O)O	QCHPKSFMDHPSNR-VKHMYHEASA-N
L-3-cyanoalanine	N#CC[C@H](N)C(=O)O	BXRLWGXPSRYJDZ-VKHMYHEASA-N
L-4-hydroxyglutamate semialdehyde	[NH3+][C@@H](C[C@@H](O)C=O)C(=O)[O-]	XCXUZPXOFFRGGP-DMTCNVIQSA-N
L-Alanyl-L-Leucine	CC(C)CC(C(=O)O)NC(=O)C(C)N	RDIKFPRVLJLMER-BQBZGAKWSA-N
L-Homocystine	C(CSSCCC(C(=O)O)N)C(C(=O)O)N	ZTVZLYBCZNMWCF-WDSKDSINSA-N
L-Leucyl-L-Serine	CC(C)CC(C(=O)NC(CO)C(=O)O)N	XGDCYUQSFDQISZ-BQBZGAKWSA-N
L-arabinose	OC1OC[C@H](O)[C@H](O)[C@H]1O	SRBFZHDQGSBBOR-HWQSCIPKSA-N
L-arabitol	OC[C@H](O)C(O)[C@@H](O)CO	HEBKCHPVOIAQTA-IMJSIDKUSA-N
L-arginyl-protein	[*][C@H](NC(=O)[C@H]([*])NC(=O)[C@@H](N)CCCNC(=N)N)C(=O)O	
L-carnitine	C[N+](C)(C)C[C@@H](O)CC(=O)[O-]	PHIQHXFUZVPYII-LURJTMIESA-N
L-cystathionine	[NH3+][C@@H](CCSC[C@H]([NH3+])C(=O)[O-])C(=O)[O-]	ILRYLPWNYFXEMH-WHFBIAKZSA-N
L-cysteate	[NH3+][C@@H](CS(=O)(=O)[O-])C(=O)[O-]	XVOYSCVBGLVSOL-REOHCLBHSA-M
L-dopa	[NH3+][C@@H](Cc1ccc(O)c(O)c1)C(=O)[O-]	WTDRDQBEARUVNC-LURJTMIESA-N
L-dopachrome	[H][C@@]1(C(=O)O)CC2=CC(=O)C(=O)C=C2N1	VJNCICVKUHKIIV-LURJTMIESA-N
L-dopaquinone	N[C@@H](CC1=CC(=O)C(=O)C=C1)C(=O)O	AHMIDUVKSGCHAU-LURJTMIESA-N
L-erythro-4-hydroxyglutamate	C(C(C(=O)O)N)C(C(=O)O)O	HBDWQSHEVMSFGY-STHAYSLISA-N
L-erythrulose	O=C(CO)[C@@H](O)CO	UQPHVQVXLPRNCX-VKHMYHEASA-N
L-formylkynurenine	[H]C(=O)Nc1ccccc1C(=O)C[C@H](N)C(=O)O	BYHJHXPTQMMKCA-QMMMGPOBSA-N
L-fucose-1-phosphate	C[C@@H]1OC(OP(=O)(O)O)[C@@H](O)[C@H](O)[C@@H]1O	PTVXQARCLQPGIR-DHVFOXMCSA-N
L-fuculose	C[C@H](O)[C@@H](O)[C@@H](O)C(=O)CO	QZNPNKJXABGCRC-LFRDXLMFSA-N
L-glutamate 5-semialdehyde	[H]C(=O)CC[C@H](N)C(=O)O	KABXUUFDPUOJMW-BYPYZUCNSA-N
L-gulonate	O=C([O-])[C@@H](O)[C@@H](O)[C@H](O)[C@@H](O)CO	RGHNJXZEOKUKBD-QTBDOELSSA-M
L-gulono-1,4-lactone	O=C1O[C@H]([C@@H](O)CO)[C@H](O)[C@@H]1O	SXZYCXMUPBBULW-SKNVOMKLSA-N
L-hydroxylysine	NC[C@H](O)CC[C@H](N)C(=O)O	YSMODUONRAFBET-UHNVWZDZSA-N
L-iditol	OC[C@H](O)[C@@H](O)[C@H](O)[C@@H](O)CO	FBPFZTCFMRRESA-UNTFVMJOSA-N
L-iduronic acid	O=C(O)[C@@H]1OC(O)[C@H](O)[C@@H](O)[C@@H]1O	AEMOLEFTQBMNLQ-HNFCZKTMSA-N
L-lactate	C[C@H](O)C(=O)O	JVTAAEKCZFNVCJ-REOHCLBHSA-N
L-lyxonate	C(C(C(C(C(=O)[O-])O)O)O)O	QXKAIJAYHKCRRA-PZGQECOJSA-M
L-metanephrine	NC(=O)CC[C@H](NC(=O)CCCc1cnc2ccccc12)C(=O)O	DGZSVIAYDFRXQW-AWEZNQCLSA-N
L-octanoylcarnitine	CCCCCCCC(=O)O[C@H](CC(=O)[O-])C[N+](C)(C)C	CXTATJFJDMJMIY-CYBMUJFWSA-N
L-oleoylcarnitine	CCCCCCCCC=CCCCCCCCC(=O)OC(CC(=O)[O-])C[N+](C)(C)C	IPOLTUVFXFHAHI-WHIOSMTNSA-N
L-palmitoylcarnitine	CCCCCCCCCCCCCCCC(=O)O[C@H](CC(=O)[O-])C[N+](C)(C)C	XOMRRQXKHMYMOC-OAQYLSRUSA-N
L-pipecolate	O=C([O-])[C@@H]1CCCC[NH2+]1	HXEACLLIILLPRG-YFKPBYRVSA-N
L-sorbose	O=C(CO)[C@@H](O)[C@H](O)[C@@H](O)CO	BJHIKXHVCXFQLS-OTWZMJIISA-N
L-xylonate	O=C([O-])[C@@H](O)[C@H](O)[C@@H](O)CO	QXKAIJAYHKCRRA-NUNKFHFFSA-M
L-xylulose	O=C(CO)[C@H](O)[C@@H](O)CO	ZAQJHHRNXZUBTE-WVZVXSGGSA-N
LTD4	CCCCC/C=C\C/C=C\C=C\C=C\[C@@H](SC[C@H]([NH3+])C(=O)NCC(=O)[O-])[C@@H](O)CCCC(=O)[O-]	YEESKJGWJFYOOK-IJHYULJSSA-M
LacCer pool	CCCCCCCCCCCCC/C=C/[C@@H](O)[C@H](CO[C@@H]1O[C@H](CO)[C@@H](O[C@@H]2O[C@H](CO)[C@H](O)[C@H](O)[C@H]2O)[C@H](O)[C@H]1O)NC([*])=O	
Leb Glycolipid	CCCCCCCCCCCCCC=CC(C(COC1C(C(C(C(O1)CO)OC2C(C(C(C(O2)CO)O)OC3C(C(C(C(O3)CO)OC4C(C(C(C(O4)C)O)O)O)OC5C(C(C(C(O5)CO)O)O)OC6C(C(C(C(O6)C)O)O)O)NC(=O)C)O)O)O)NC=O)O	JRHKAOWZMBOKKJ-LHZJNKMXSA-N
Leucyl-Alanyl-Arginine	CC(C)CC(C(=O)NC(C)C(=O)NC(CCCN=C(N)N)C(=O)O)N	LJHGALIOHLRRQN-DCAQKATOSA-N
Leucyl-Aspartyl-Lysine	CC(C)CC(C(=O)NC(CC(=O)O)C(=O)NC(CCCCN)C(=O)O)N	MYGQXVYRZMKRDB-SRVKXCTJSA-N
Leucyl-Glycine	CC(C)CC(C(=O)NCC(=O)O)N	LESXFEZIFXFIQR-LURJTMIESA-N
Leucyl-Leucyl-Tryptophan	CC(C)CC(C(=O)NC(CC(C)C)C(=O)NC(CC1=CNC2=CC=CC=C21)C(=O)O)N	FOBUGKUBUJOWAD-IHPCNDPISA-N
Leucyl-Proline	CC(C)CC(C(=O)N1CCCC1C(=O)O)N	VTJUNIYRYIAIHF-IUCAKERBSA-N
Leucyl-Prolyl-Arginine	CC(C)CC(C(=O)N1CCCC1C(=O)NC(CCCN=C(N)N)C(=O)O)N	QMKFDEUJGYNFMC-AVGNSLFASA-N
Leucyl-Seryl-Tryptophan	CC(C)CC(C(=O)NC(CO)C(=O)NC(CC1=CNC2=CC=CC=C21)C(=O)O)N	HWMQRQIFVGEAPH-XIRDDKMYSA-N
Leucyl-Tryptophan	CC(C)CC(C(=O)NC(CC1=CNC2=CC=CC=C21)C(=O)O)N	BQVUABVGYYSDCJ-UHFFFAOYSA-N
Leucyl-Tryptophanyl-Arginine	CC(C)CC(C(=O)NC(CC1=CNC2=CC=CC=C21)C(=O)NC(CCCN=C(N)N)C(=O)O)N	IDGRADDMTTWOQC-WDSOQIARSA-N
Leucyl-Tyrosyl-Tyrosine	CC(C)CC(C(=O)NC(CC1=CC=C(C=C1)O)C(=O)NC(CC2=CC=C(C=C2)O)C(=O)O)N	YIRIDPUGZKHMHT-ACRUOGEOSA-N
Leucyl-Valine	CC(C)CC(C(=O)NC(C(C)C)C(=O)O)N	MDSUKZSLOATHMH-UHFFFAOYSA-N
Leucylleucine	CC(C)CC(C(=O)NC(CC(C)C)C(=O)O)N	LCPYQJIKPJDLLB-UHFFFAOYSA-N
Ley Glycolipid	CCCCCCCCCCCCCC=CC(C(COC1C(C(C(C(O1)CO)OC2C(C(C(C(O2)CO)O)OC3C(C(C(C(O3)CO)OC4C(C(C(C(O4)CO)O)O)OC5C(C(C(C(O5)C)O)O)O)OC6C(C(C(C(O6)C)O)O)O)NC(=O)C)O)O)O)NC=O)O	JWNWWTQCACWVJH-LHZJNKMXSA-N
Li+	[Li+]	HBBGRARXTFLTSG-UHFFFAOYSA-N
Linoleic Acid ACP (All Cis)	CCCCC/C=C\C/C=C\CCCCCCCC(=O)S[*]	
Linoleoyl Ethanolamide	CCCCCC=CCC=CCCCCCCCC(=O)NCCO	KQXDGUVSAAQARU-HZJYTTRNSA-N
Lithocholic acid 3-sulfate	CC(CCC(=O)O)C1CCC2C1(CCC3C2CCC4C3(CCC(C4)OS(=O)(=O)O)C)C	AXDXVEYHEODSPN-HVATVPOCSA-N
Losartan	CCCCC1=NC(=C(N1CC2=CC=C(C=C2)C3=CC=CC=C3C4=NNN=N4)CO)Cl	PSIFNNKUMBGKDQ-UHFFFAOYSA-N
Losartan-N1-glucuronide	CCCCC1=NC(=C(N1CC2=CC=C(C=C2)C3=CC=CC=C3C4=NN=NN4C5C(C(C(C(O5)C(=O)O)O)O)O)CO)Cl	OVOPSQNVVWGEQG-RTCYWULBSA-N
Lysophosphatidic Acid	CCCCCCCCC=CCCCCCCCC(=O)OCC(COP(=O)(O)O)O	WRGQSWVCFNIUNZ-KTKRTIGZSA-N
Menaquinone-7	CC(C)=CCC/C(C)=C/CC/C(C)=C/CC/C(C)=C/CC/C(C)=C/CC/C(C)=C/CC/C(C)=C/CC1=C(C)C(=O)c2ccccc2C1=O	RAKQPZMEYJZGPI-LJWNYQGCSA-N
Menaquinone-8	CC(C)=CCC/C(C)=C/CC/C(C)=C/CC/C(C)=C/CC/C(C)=C/CC/C(C)=C/CC/C(C)=C/CC/C(C)=C/CC1=C(C)C(=O)c2ccccc2C1=O	LXKDFTDVRVLXFY-WQWYCSGDSA-N
Methanethiol	CS	LSDPWZHWYPCBBB-UHFFFAOYSA-N
Methylcobalamin	[CH3-].CC1=CC2=C(C=C1C)N(C=N2)C3C(C(C(O3)CO)OP(=O)([O-])OC(C)CNC(=O)CCC4(C(C5C6(C(C(C(=C(C7=NC(=CC8=NC(=C(C4=N5)C)C(C8(C)C)CCC(=O)N)C(C7(C)CC(=O)N)CCC(=O)N)C)[N-]6)CCC(=O)N)(C)CC(=O)N)C)CC(=O)N)C)O.[Co+3]	ZFLASALABLFSNM-WYVZQNDMSA-L
Mg2+	[Mg+2]	JLVVSXFLKOJNIY-UHFFFAOYSA-N
N(omega)-(ADP-D-ribosyl)-L-arginine	Nc1ncnc2c1ncn2[C@@H]1O[C@H](COP(=O)([O-])OP(=O)([O-])OC[C@H]2O[C@H](NC(=[NH2+])NCCC[C@H]([NH3+])C(=O)[O-])[C@H](O)[C@@H]2O)[C@@H](O)[C@H]1O	IWVSYNGKNZFSSA-PTDVUUCPSA-M
N,N-dimethyldopaminequinone	C[NH+](C)CCC1=CC(=O)C(=O)C=C1	CAXSHNNFXNMBRA-UHFFFAOYSA-O
N,N-dimethylindoliumolate	C[N+]1(C)C=Cc2cc(O)c([O-])cc21	AVORYUIJMLOMPW-UHFFFAOYSA-N
N-(11Z-eicosenoyl)-(4R)-hydroxysphinganine	CCCCCCCC/C=C\CCCCCCCCCC(=O)N[C@@H](CO)[C@H](O)[C@H](O)CCCCCCCCCCCCCC	UEUNBXJMEZPARB-AFKJKPLPSA-N
N-(11Z-eicosenoyl)-sphing-4-enine	CCCCCCCC/C=C\CCCCCCCCCC(=O)N[C@@H](CO)[C@H](O)/C=C/CCCCCCCCCCCCC	VJSANVIMIYPTLW-XXGFTFAKSA-N
N-(11Z-eicosenoyl)-sphinganine	CCCCCCCC/C=C\CCCCCCCCCC(=O)N[C@@H](CO)[C@H](O)CCCCCCCCCCCCCCC	PULBITQLTXYVQX-FMECKOKGSA-N
N-(5Z,8Z,11Z,14Z-eicosatetraenoyl)-(4R)-hydroxysphinganine	CCCCC/C=C\C/C=C\C/C=C\C/C=C\CCCC(=O)N[C@@H](CO)[C@H](O)[C@H](O)CCCCCCCCCCCCCC	MYFWOINCQDEQRM-RGSGCEEESA-N
N-(5Z,8Z,11Z,14Z-eicosatetraenoyl)-sphinganine	CCCCC/C=C\C/C=C\C/C=C\C/C=C\CCCC(=O)N[C@@H](CO)[C@H](O)CCCCCCCCCCCCCCC	NXKPWQUXGKASPM-AJIQFNDCSA-N
N-(9Z-octadecenoyl)-(4R)-hydroxysphinganine	CCCCCCCC/C=C\CCCCCCCC(=O)N[C@@H](CO)[C@H](O)[C@H](O)CCCCCCCCCCCCCC	ATGQXSBKTQANOH-UWVGARPKSA-N
N-(9Z-octadecenoyl)-sphing-4-enine	CCCCCCCC/C=C\CCCCCCCC(=O)N[C@@H](CO)[C@H](O)/C=C/CCCCCCCCCCCCC	OBFSLMQLPNKVRW-RHPAUOISSA-N
N-(9Z-octadecenoyl)-sphinganine	CCCCCCCC/C=C\CCCCCCCC(=O)N[C@@H](CO)[C@H](O)CCCCCCCCCCCCCCC	MJQIARGPQMNBGT-WWUCIAQXSA-N
N-(omega)-hydroxyarginine	N/C(=N/O)NCCCC(N)C(=O)O	FQWRAVYMZULPNK-UHFFFAOYSA-N
N-Acetyl-Tyrosine	CC(=O)NC(CC1=CC=C(C=C1)O)C(=O)O	CAHKINHBCWCHCF-JTQLQIEISA-N
N-Acetylleucine	CC(C)CC(C(=O)O)NC(=O)C	WXNXCEHXYPACJF-ZETCQYMHSA-N
N-acetyl-5-methoxykynuramine	COc1ccc(N)c(C(=O)CCNC(C)=O)c1	RJQIZOKNUKRKTP-UHFFFAOYSA-N
N-acetyl-D-glucosaminyldiphosphodolichol	CC(CCC=C(C)CCC=C(C)CCC=C(C)CCC=C(C)C)CCOP(=O)(O)OP(=O)(O)OC1C(C(C(C(O1)CO)O)O)NC(=O)C	NSVKTXNITHYTDN-QQFUYBAXSA-N
N-acetyl-D-glucosaminylphosphatidylinositol	CC(=O)N[C@H]1[C@@H](O[C@@H]2[C@@H](O)[C@H](O)[C@@H](O)[C@@H](O)[C@H]2OP(=O)(O)OC[C@@H](COC([*])=O)OC([*])=O)O[C@H](CO)[C@@H](O)[C@@H]1O	PURMXIZHPMUYNW-DDSODLQFSA-N
N-acetyl-D-mannosamine	CC(=O)N[C@H](C=O)[C@@H](O)[C@H](O)[C@H](O)CO	MBLBDJOUHNCFQT-WCTZXXKLSA-N
N-acetyl-L-alanine	CC(C(=O)O)NC(=O)C	KTHDTJVBEPMMGL-VKHMYHEASA-N
N-acetyl-L-asparagine	CC(=O)NC(CC(=O)N)C(=O)O	HXFOXFJUNFFYMO-BYPYZUCNSA-N
N-acetyl-L-aspartate	CC(=O)N[C@@H](CC(=O)O)C(=O)O	OTCCIMWXFLJLIA-BYPYZUCNSA-N
N-acetyl-L-cystathionine	CC(=O)NC(CSCCC([NH3+])C(=O)[O-])C(=O)[O-]	QWACVTVBTRSCRL-UHFFFAOYSA-M
N-acetyl-L-cysteine	CC(=O)N[C@@H](CS)C(=O)[O-]	PWKSKIMOESPYIA-BYPYZUCNSA-M
N-acetyl-L-glutamate	CC(=O)N[C@@H](CCC(=O)[O-])C(=O)[O-]	RFMMMVDNIPUKGG-YFKPBYRVSA-L
N-acetyl-L-glutamate 5-semialdehyde	CC(=O)N[C@@H](CCC=O)C(=O)[O-]	BCPSFKBPHHBDAI-LURJTMIESA-M
N-acetyl-L-glutamate-5-phosphate	CC(=O)N[C@@H](CCC(=O)OP(=O)([O-])[O-])C(=O)[O-]	FCVIHFVSXHOPSW-YFKPBYRVSA-K
N-acetyl-LTE4	CCCCCC=CCC=CC=CC=CC(C(CCCC(=O)O)O)SCC(C(=O)O)NC(=O)C	BGGYAYMMFYBWEX-HXDOPMNESA-N
N-acetyl-O-acetylneuraminate	CC(=O)NC1C(CC(OC1C(C(COC(=O)C)O)O)(C(=O)O)O)O	NYWZBRWKDRMPAS-CQYNJFSHSA-N
N-acetyl-S-[2-carboxy-1-(1H-imidazol-4-yl)ethyl]-L-cysteine	CC([O-])=N[C@H](CSC(CC(=O)[O-])c1cnc[nH]1)C(=O)O	ODJTWSKDMRCRTN-VEDVMXKPSA-L
N-acetyl-beta-D-glucosaminylamine	CC(=O)N[C@H]1[C@H](N)O[C@H](CO)[C@@H](O)[C@@H]1O	MCGXOCXFFNKASF-FMDGEEDCSA-N
N-acetyl-serotonin	CC(=O)NCCc1c[nH]c2ccc(O)cc12	MVAWJSIDNICKHF-UHFFFAOYSA-N
N-acetyl-seryl-aspartyl-lysyl-proline	CC(=O)N[C@@H](CO)C(=O)N[C@H](CC(=O)[O-])C(=O)N[C@@H](CCCC[NH3+])C(=O)N1CCC[C@H]1C(=O)[O-]	HJDRXEQUFWLOGJ-XGUBFFRZSA-M
N-acetylgalactosamine		OVRNDRQMDRJTHS-CBQIKETKSA-N
N-acetylgalactosamine-1-phosphate	CC(=O)N[C@H]1C(OP(=O)(O)O)O[C@H](CO)[C@H](O)[C@@H]1O	FZLJPEPAYPUMMR-KEWYIRBNSA-N
N-acetylglucosamine	CC(=O)N[C@H]1C(O)O[C@H](CO)[C@@H](O)[C@@H]1O	OVRNDRQMDRJTHS-RTRLPJTCSA-N
N-acetylglucosamine-1-phosphate	CC(=O)N[C@H]1C(OP(=O)(O)O)O[C@H](CO)[C@@H](O)[C@@H]1O	FZLJPEPAYPUMMR-RTRLPJTCSA-N
N-acetylglucosamine-6-phosphate	CC(=O)N[C@H]1C(O)O[C@H](COP(=O)(O)O)[C@@H](O)[C@@H]1O	BRGMHAYQAZFZDJ-RTRLPJTCSA-N
N-acetylmannosamine-6-phosphate	CC(=O)N[C@H](C=O)[C@@H](O)[C@H](O)[C@H](O)COP(=O)(O)O	QDSLHWJDSQGPEE-WCTZXXKLSA-N
N-acetylmethionine	CSCC[C@H](NC(=O)[C@H](Cc1ccccc1)NC(=O)[C@@H](N)Cc1ccc(O)cc1)C(=O)O	WPRVVBVWIUWLOH-UFYCRDLUSA-N
N-acetylmuramate	CC(=O)N[C@H]1C(O)O[C@H](CO)[C@@H](O)[C@@H]1O[C@H](C)C(=O)O	MNLRQHMNZILYPY-MKFCKLDKSA-N
N-acetylmuramoyl-ala	CC(=O)N[C@H]1[C@@H](O)O[C@H](CO)[C@@H](O)[C@@H]1O[C@H](C)C(=O)N[C@H](C)C(=O)O	ICMUIFDBEVJCQA-GQQBCVOHSA-N
N-acetylneuraminate	[H][C@@]1([C@H](O)[C@H](O)CO)O[C@](O)(C(=O)O)C[C@H](O)[C@H]1NC(C)=O	SQVRNKJHWKZAKO-PFQGKNLYSA-N
N-acetylneuraminate-9-phosphate	[H][C@@]1([C@H](O)[C@H](O)COP(=O)(O)O)OC(O)(C(=O)O)C[C@H](O)[C@H]1NC(C)=O	SQMNIXJSBCSNCI-LUWBGTNYSA-N
N-acetylornithine	CC(=O)N[C@@H](CCC[NH3+])C(=O)[O-]	JRLGPAXAGHMNOL-LURJTMIESA-N
N-acetylputrescine	CC(=O)NCCCC[NH3+]	KLZGKIDSEJWEDW-UHFFFAOYSA-O
N-arachidonoylglycine	CCCCCC=CCC=CCC=CCC=CCCCC(=O)NCC(=O)O	YLEARPUNMCCKMP-DOFZRALJSA-N
N-carbamoyl-L-aspartate	NC(=O)N[C@@H](CC(=O)[O-])C(=O)[O-]	HLKXYZVTANABHZ-REOHCLBHSA-L
N-dodecanoylsphing-4-enine	CCCCCCCCCCCCC/C=C/[C@@H](O)[C@H](CO)NC(=O)CCCCCCCCCCC	HXFPPRPLRSPNIB-VARSQMIESA-N
N-formimino-L-glutamate	[NH2+]=CN[C@@H](CCC(=O)[O-])C(=O)[O-]	NRXIKWMTVXPVEF-BYPYZUCNSA-M
N-formyl-GAR	O=CNCC(=O)NC1O[C@H](COP(=O)(O)O)[C@@H](O)[C@H]1O	VDXLUNDMVKSKHO-ZRTZXPPTSA-N
N-formyl-L-glutamate	O=CN[C@@H](CCC(=O)[O-])C(=O)[O-]	ADZLWSMFHHHOBV-BYPYZUCNSA-L
N-hexadecanoylsphing-4-enine	CCCCCCCCCCCCC/C=C/[C@@H](O)[C@H](CO)NC(=O)CCCCCCCCCCCCCCC	YDNKGFDKKRUKPY-TURZORIXSA-N
N-hydroxy-1-aminonaphthalene	ONc1cccc2ccccc12	CWFINLADSFPMHF-UHFFFAOYSA-N
N-methyl-4,6,7-trihydroxy-1,2,3,4-tetrahydroisoquinoline	CN1Cc2cc(O)c(O)cc2C(O)C1	PIJDIPDQQMXWEM-UHFFFAOYSA-N
N-methylethanolamine-phosphate	C[NH2+]CCOP(=O)([O-])[O-]	HZDCAHRLLXEQFY-UHFFFAOYSA-M
N-methylhistamine	Cn1cnc(CCN)c1	FHQDWPCFSJMNCT-UHFFFAOYSA-N
N-methylputrescine	C[NH2+]CCCC[NH3+]	RMIVMBYMDISYFZ-UHFFFAOYSA-P
N-methylsalsolinol	C[C@H]1c2cc(O)c(O)cc2CCN1C	RKMGOUZXGHZLBJ-ZETCQYMHSA-N
N-methylserotonin	CNCCc1c[nH]c2ccc(O)cc12	ASUSBMNYRHGZIG-UHFFFAOYSA-N
N-methyltryptamine	CNCCc1c[nH]c2ccccc12	NCIKQJBVUNUXLW-UHFFFAOYSA-N
N-methyltyramine	C[NH2+]CCc1ccc(O)cc1	AXVZFRBSCNEKPQ-UHFFFAOYSA-O
N-nitrosomethanamine	CNN=O	CIJBKNZDKBKMFU-UHFFFAOYSA-N
N-pantothenoylcysteine	CC(C)(CO)[C@@H](O)C(=O)NCCC(=O)N[C@@H](CS)C(=O)[O-]	QSYCTARXWYLMOF-CBAPKCEASA-M
N-retinylidene-N-retinylethanolamine	CC1=C(/C=C/C(C)=C/C=C/C(C)=C/c2cc(/C=C/C=C(C)/C=C/C3=C(C)CCCC3(C)C)cc[n+]2CCO)C(C)(C)CCC1	WPWFMRDPTDEJJA-FAXVYDRBSA-N
N-tetradecanoylglycylpeptide	CCCCCCCCCCCCCC(=O)NCC(=O)NC([*])C(=O)O	
N-trimethyl-2-aminoethylphosphonate	C[N+](C)(C)CCP(=O)(O)O	VCANKBLUHKRQLL-UHFFFAOYSA-O
N1,N12-diacetylspermine	CC(=O)NCCC[NH2+]CCCC[NH2+]CCCNC(C)=O	NPDTUDWGJMBVEP-UHFFFAOYSA-P
N1,N8-diacetylspermidine	CC(=O)NCCCCNCCCNC(C)=O	BKCVMAZDKFQPHB-UHFFFAOYSA-N
N1-acetylspermidine	CC(=O)NCCC[NH2+]CCCC[NH3+]	MQTAVJHICJWXBR-UHFFFAOYSA-P
N1-acetylspermine	CC(=O)NCCC[NH2+]CCCC[NH2+]CCC[NH3+]	GUNURVWAJRRUAV-UHFFFAOYSA-Q
N1-methyl-2-pyridone-5-carboxamide	Cn1cc(C(N)=O)ccc1=O	JLQSXXWTCJPCBC-UHFFFAOYSA-N
N1-methyl-4-pyridone-5-carboxamide	Cn1ccc(=O)c(C(N)=O)c1	KTLRWTOPTKGYQY-UHFFFAOYSA-N
N4-(acetyl-beta-D-glucosaminyl)asparagine	CC(=O)N[C@H]1[C@H](NC(=O)C[C@H]([NH3+])C(=O)[O-])O[C@H](CO)[C@@H](O)[C@@H]1O	YTTRPBWEMMPYSW-HRRFRDKFSA-N
N4-acetylaminobutanal	CC(=O)NCCCC=O	DDSLGZOYEPKPSJ-UHFFFAOYSA-N
N6,N6,N6-trimethyl-L-lysine	C[N+](C)(C)CCCC[C@H]([NH3+])C(=O)[O-]	MXNRLFUSFKVQSK-QMMMGPOBSA-O
N8-acetylspermidine	CC(=O)NCCCC[NH2+]CCC[NH3+]	FONIWJIDLJEJTL-UHFFFAOYSA-P
NAD+	NC(=O)c1ccc[n+]([C@@H]2O[C@H](COP(=O)([O-])OP(=O)([O-])OC[C@H]3O[C@@H](n4cnc5c(N)ncnc54)[C@H](O)[C@@H]3O)[C@@H](O)[C@H]2O)c1	BAWFJGJZGIEFAR-NNYOXOHSSA-M
NADH	NC(=O)C1=CN([C@@H]2O[C@H](COP(=O)([O-])OP(=O)([O-])OC[C@H]3O[C@@H](n4cnc5c(N)ncnc54)[C@H](O)[C@@H]3O)[C@@H](O)[C@H]2O)C=CC1	BOPGDPNILDQYTO-NNYOXOHSSA-L
NADP+	NC(=O)c1ccc[n+]([C@@H]2O[C@H](COP(=O)([O-])OP(=O)([O-])OC[C@H]3O[C@@H](n4cnc5c(N)ncnc54)[C@H](OP(=O)([O-])[O-])[C@@H]3O)[C@@H](O)[C@H]2O)c1	XJLXINKUBYWONI-NNYOXOHSSA-K
NADPH	NC(=O)C1=CN([C@@H]2O[C@H](COP(=O)(O)OP(=O)(O)OC[C@H]3O[C@@H](n4cnc5c(N)ncnc54)[C@H](OP(=O)(O)O)[C@@H]3O)[C@@H](O)[C@H]2O)C=CC1	ACFIXJIJDZMPPO-NNYOXOHSSA-N
NG,NG-dimethyl-L-arginine	CN(C)C(=[NH2+])NCCC[C@H]([NH3+])C(=O)[O-]	YDGMGEXADBMOMJ-LURJTMIESA-O
NH3	[H]N([H])[H]	QGZKDVFQNNGYKY-UHFFFAOYSA-N
NH4+	[NH4+]	QGZKDVFQNNGYKY-UHFFFAOYSA-O
NNAL-N-glucuronide	CN(CCCC(O)c1ccc[n+]([C@@H]2O[C@H](C(=O)[O-])[C@@H](O)[C@H](O)[C@H]2O)c1)N=O	VSVYJUYJFLYYSI-UKOUFMKDSA-N
NO	[N]=O	MWUXSHHQAYIFBG-UHFFFAOYSA-N
Na+	[Na+]	FKNQFGJONOIPTF-UHFFFAOYSA-N
Nordazepam	O=C1CN=C(c2ccccc2)c2cc(Cl)ccc2N1	AKPLHCDWDRPJGD-UHFFFAOYSA-N
O-1-alk-1-enyl-2-acyl-sn-glycero-3-phosphoethanolamine	[*]C=COC[C@H](COP(=O)(O)OCCN)OC([*])=O	
O-Arachidonoyl Ethanolamine	CCCCCC=CCC=CCC=CCC=CCCCC(=O)OCCN	DLHLOYYQQGSXCC-DOFZRALJSA-N
O-D-mannosylprotein	[*]NC(=O)[C@H](CO[C@H]1O[C@H](CO)[C@@H](O)[C@H](O)[C@@H]1O)NC([*])=O	
O-acetylcarnitine	CC(=O)O[C@H](CC(=O)O)C[N+](C)(C)C	RDHQFKQIGNGIED-MRVPVSSYSA-O
O-butanoylcarnitine	CCCC(=O)O[C@H](CC(=O)[O-])C[N+](C)(C)C	QWYFHHGCZUCMBN-SECBINFHSA-N
O-methylhippurate	Cc1ccccc1C(=O)NCC(=O)O	YOEBAVRJHRCKRE-UHFFFAOYSA-N
O-phospho-L-homoserine	[NH3+][C@@H](CCOP(=O)([O-])[O-])C(=O)[O-]	FXDNYOANAXWZHG-VKHMYHEASA-L
O-propanoylcarnitine	CCC(=O)OC(CC(=O)[O-])C[N+](C)(C)C	UFAHZIUFPNSHSL-UHFFFAOYSA-N
O2	O=O	MYMOFIZGZYHOMD-UHFFFAOYSA-N
O2-	[O][O-]	MXDZWXWHPVATGF-UHFFFAOYSA-N
O2-4a-cyclic-tetrahydrobiopterin	C[C@H]1OC23NC(CN=C2N=C(N)NC3=O)[C@H]1O	JZTDUNXDDUJXRZ-UPYOWCHBSA-N
OAA	O=C([O-])CC(=O)C(=O)[O-]	KHPXUQMNIQBQEV-UHFFFAOYSA-L
Octadecanoyl-ACP (N-C18:0ACP)	CCCCCCCCCCCCCCCCCC(=O)SCCNC(=O)CCNC(=O)C(O)C(C)(C)COP(=O)([O-])O[*]	
P-Cresol	Cc1ccc(O)cc1	IWDCLRJOBJJRNH-UHFFFAOYSA-N
P1,P4-bis(5-adenosyl)-tetraphosphate	Nc1ncnc2c1ncn2[C@@H]1O[C@H](COP(=O)(O)OP(=O)(O)OP(=O)(O)OP(=O)(O)OC[C@H]2O[C@@H](n3cnc4c(N)ncnc43)[C@H](O)[C@@H]2O)[C@@H](O)[C@H]1O	YOAHKNVSNCMZGQ-XPWFQUROSA-N
P1,P4-bis(5-guanosyl)-tetraphosphate	Nc1nc(=O)c2ncn([C@@H]3O[C@H](COP(=O)(O)OP(=O)(O)OP(=O)(O)OP(=O)(O)OC[C@H]4O[C@@H](n5cnc6c(=O)nc(N)nc65)[C@H](O)[C@@H]4O)[C@@H](O)[C@H]3O)c2n1	OLGWXCQXRSSQPO-MHARETSRSA-N
PA6	CCCCC(=O)OCC(COP(=O)(O)O)OC=O	JDTMNMAQWVSSOO-MRVPVSSYSA-N
PAP	Nc1ncnc2c1ncn2[C@@H]1O[C@H](COP(=O)(O)O)[C@@H](OP(=O)(O)O)[C@H]1O	WHTCPDAXWFLDIH-KQYNXXCUSA-N
PAPS	Nc1ncnc2c1ncn2[C@@H]1O[C@H](COP(=O)(O)OS(=O)(=O)O)[C@@H](OP(=O)(O)O)[C@H]1O	GACDQMDRPRGCTN-KQYNXXCUSA-N
PC-LD pool	C[N+](C)(C)CCOP(=O)(O)OC[C@@H](COC([*])=O)OC([*])=O	
PE-LD pool	[*]C(=O)OCC(COP(=O)(O)OCCN)OC([*])=O	
PE-NME-LD pool	CNCCOP(=O)(O)OCC(COC([*])=O)OC([*])=O	
PEP	C=C(OP(=O)([O-])[O-])C(=O)[O-]	DTBNBXWJWCWCIK-UHFFFAOYSA-K
PGH3	CCC=CCC(C=CC1C2CC(C1CC=CCCCC(=O)O)OO2)O	PVTQTOGPOPGQGE-SAMSIYEGSA-N
PI pool	[*]C(=O)OC[C@H](COP(=O)(O)O[C@H]1[C@H](O)[C@@H](O)[C@H](O)[C@@H](O)[C@H]1O)OC([*])=O	
PNP	O=[N+]([O-])c1ccc(O)cc1	BTJIUGUIPKRLHP-UHFFFAOYSA-N
PPi	O=P([O-])([O-])OP(=O)([O-])O	XPPKVPWEQAFLFU-UHFFFAOYSA-K
PRPP	O=P(O)(O)OC[C@H]1O[C@H](OP(=O)(O)OP(=O)(O)O)[C@H](O)[C@@H]1O	PQGCEDQWHSBAJP-TXICZTDVSA-N
PS-LD pool	[*]C(=O)OCC(COP(=O)(O)OC[C@H](N)C(=O)O)OC([*])=O	
Pectin	[*]O[C@H]1[C@@H](C(=O)O)O[C@H]([*])[C@H](O)[C@H]1O	AEMOLEFTQBMNLQ-DTEWXJGMSA-N
Phenyllactate	O=C([O-])C(O)Cc1ccccc1	VOXXWSYKYCBWHO-UHFFFAOYSA-M
Phosphatidyl-N-Dimethylethanolamine	CN(C)CCO	UEEJHVSXFDXPFK-UHFFFAOYSA-N
Phosphatidyl-N-Methylethanolamine	CNCCOP(=O)(O)OCC(COC([*])=O)OC([*])=O	
Pi	O=P([O-])([O-])O	NBIIXXVUZAFLBC-UHFFFAOYSA-L
Pristanoyl Coenzyme A	CC(C)CCCC(C)CCCC(C)CCC[C@H](C)C(=O)SCCNC(=O)CCNC(=O)[C@H](O)C(C)(C)COP(=O)(O)OP(=O)(O)OC[C@H]1O[C@@H](n2cnc3c(N)ncnc32)[C@H](O)[C@@H]1OP(=O)(O)O	XYJPSQPVCBNZHT-DHBXAFLLSA-N
RNA	[*][C@@H]1O[C@H](COP(=O)(O)O[C@@H]2[C@@H](COP(=O)(O)O[C@@H]3[C@@H](COP(=O)(O)O)O[C@@H]([*])[C@@H]3O)O[C@@H]([*])[C@@H]2O)[C@@H](O)[C@H]1O	
RNA-3-terminal-phosphate	[*][C@@H]1O[C@H](COP(=O)(O)O[C@@H]2[C@@H](COP(=O)(O)O[C@@H]3[C@@H](CO)O[C@@H]([*])[C@@H]3O)O[C@@H]([*])[C@@H]2O)[C@@H](OP(=O)(O)O)[C@H]1O	
S-(1,2-dichlorovinyl)glutathione	C(CC(=O)NC(CSC(=CCl)Cl)C(=O)NCC(=O)O)C(C(=O)O)N	IXARYIJEQUJTIZ-KWRIXSAHSA-N
S-(11-OH-9-deoxy-delta9,12-PGD2)-glutathione	CCCCC[C@H](O)C/C=C1/C(O)CC(SC[C@H](NC(=O)CC[C@@H]([NH3+])C(=O)[O-])C(=O)NCC(=O)[O-])[C@H]1C/C=C\CCCC(=O)[O-]	QZWLKAYYUQXKSI-KBQILROESA-L
S-(11-hydroxy-9-deoxy-delta12-PGD2)-glutathione	CCCCCC(CC(C1C(CCC1O)CC=CCCCC(=O)O)SCC(C(=O)NCC(=O)O)NC(=O)CCC(C(=O)O)N)O	BVYNXGKKWADCHD-RXULBTIMSA-N
S-(2,2-dichloro-1-hydroxy)ethyl glutathione	C(CC(=O)NC(CSC(C(Cl)Cl)O)C(=O)NCC(=O)O)C(C(=O)O)N	RULDRNMMLPUXQI-LBHDVABESA-N
S-(2-chloroacetyl)glutathione	C(CC(=O)NC(CSC(=O)CCl)C(=O)NCC(=O)O)C(C(=O)O)N	QJDRMMRBPVHMAD-BQBZGAKWSA-N
S-(2-hydroxyethyl)glutathione	N[C@@H](CCC(=O)N[C@@H](CSCCO)C(=O)NCC(=O)O)C(=O)O	UUZCUSQQEJSIHR-YUMQZZPRSA-N
S-(2-methylbutanoyl)-dihydrolipoamide	CCC(C)C(=O)SCCC(S)CCCCC(N)=O	UFNCWFSSEGPJNL-UHFFFAOYSA-N
S-(2-methylpropanoyl)-dihydrolipoamide	CC(C)C(=O)SCCC(S)CCCCC(N)=O	UEFURMXXHJCLJP-UHFFFAOYSA-N
S-(3-methylbutanoyl)-dihydrolipoamide	CC(C)CC(=O)SCCC(S)CCCCC(N)=O	KMUSXGCRMMQDBP-UHFFFAOYSA-N
S-(9-deoxy-delta12-PGD2)-glutathione	CCCCCC(CC(C1C(CCC1=O)CC=CCCCC(=O)O)SCC(C(=O)NCC(=O)O)NC(=O)CCC(C(=O)O)N)O	FRARAXHWXSZZOK-JXVDKITNSA-N
S-(9-deoxy-delta9,12-PGD2)-glutathione	CCCCC[C@H](O)C/C=C1/C(=O)CC(SC[C@H](NC(=O)CC[C@@H]([NH3+])C(=O)[O-])C(=O)NCC(=O)[O-])[C@H]1C/C=C\CCCC(=O)[O-]	RPHLHZIDWIFTII-RJQMMLODSA-L
S-(PGA1)-glutathione	CCCCCC(C=CC1C(CC(=O)C1CCCCCCC(=O)O)SCC(C(=O)NCC(=O)O)NC(=O)CCC(C(=O)O)N)O	HXBAELAEMDXAJM-OTMUHFDOSA-N
S-(PGA2)-glutathione	CCCCCC(O)/C=C/[C@@H]1C(SC[C@@H](NC(=O)CC[C@@H]([NH3+])C(=O)[O-])C(=O)NCC(=O)[O-])CC(=O)[C@@H]1C/C=C\CCCC(=O)[O-]	XUKIKVBUXFVHNV-MFAQWRDPSA-L
S-(PGJ2)-glutathione	CCCCCC(C=CC1C(C(CC1=O)SCC(C(=O)NCC(=O)O)NC(=O)CCC(C(=O)O)N)CC=CCCCC(=O)O)O	RJCPXHXLCWWGHO-APFRPCTBSA-N
S-(formylmethyl)glutathione	C(CC(=O)NC(CSCC=O)C(=O)NCC(=O)O)C(C(=O)O)N	VKLQBAQSSOPXGF-YUMQZZPRSA-N
S-Sulfo-L-Cysteine	N[C@@H](CSS(=O)(=O)O)C(=O)O	NOKPBJYHPHHWAN-REOHCLBHSA-N
S-[(2E,6E)-farnesyl]-L-cysteine methyl ester	COC(=O)[C@@H](N)CSC/C=C(\C)CC/C=C(\C)CCC=C(C)C	SIEHZFPZQUNSAS-GCVUPTOQSA-N
S-[2-carboxy-1-(1H-imidazol-4-yl)ethyl]-3-thiolactate	O=C([O-])CC(SCC(O)C(=O)[O-])c1cnc[nH]1	SRMWPLGMMNSTOE-UHFFFAOYSA-L
S-[2-carboxy-1-(1H-imidazol-4-yl)ethyl]-L-cysteine	N[C@H](CSC(CC(=O)[O-])c1cnc[nH]1)C(=O)O	ABJUPPXFQYZWTK-FOUAAFFMSA-M
S-[2-carboxy-1-(1H-imidazol-4-yl)ethyl]glutathione	N[C@H](CCC([O-])=N[C@H](CSC(CC(=O)[O-])c1cnc[nH]1)C(O)=NCC(=O)O)C(=O)O	GAVRWBMQPWMOGY-TZIJJQLOSA-L
S-acetyldihydrolipoamide	CC(=O)SC(CCS)CCCCC(N)=O	ARGXEXVCHMNAQU-UHFFFAOYSA-N
S-adenosylmethioninamine	C[S+](CCCN)C[C@H]1O[C@@H](n2cnc3c(N)ncnc32)[C@H](O)[C@@H]1O	ZUNBITIXDCPNSD-LSRJEVITSA-N
S-aminomethyldihydrolipoamide	NCSCCC(S)CCCCC(N)=O	KALYVIJGKPJBQV-UHFFFAOYSA-N
S-glutaryldihydrolipoamide	NC(=O)CCCCC(S)CCSC(=O)CCCC(=O)O	PWTIHZUSTBSVGF-UHFFFAOYSA-N
S-glutathionyl-ethacrynic acid	C=C(CC)C(=O)c1ccc(OCC(=O)SC[C@H](NC(=O)CC[C@H](N)C(=O)O)C(=O)NCC(=O)O)c(Cl)c1Cl	BIJQYNCUDQBFTN-KBPBESRZSA-N
S-methyl-5-thio-D-ribulose-1-phosphate	CSC[C@@H](O)[C@@H](O)C(=O)COP(=O)(O)O	CNSJRYUMVMWNMC-RITPCOANSA-N
S-palmitoylprotein	CCCCCCCCCCCCCCCC(=O)SC[C@H](NC([*])=O)C(=O)N[*]	
S-propanoyldihydrolipoamide	CCC(=O)SCC[C@H](S)CCCCC(=O)N[*]	
S-succinyldihydrolipoamide	NC(=O)CCCCC(S)CCSC(=O)CCC(=O)O	KWKBJWYJJBQOAE-UHFFFAOYSA-N
SAH	Nc1ncnc2c1ncn2[C@@H]1O[C@H](CSCC[C@H](N)C(=O)O)[C@@H](O)[C@H]1O	ZJUKTBDSGOFHSH-WFMPWKQPSA-N
SAICAR	[H][C@]1(COP(=O)(O)O)O[C@@]([H])(n2cnc(C(=O)N[C@@H](CC(=O)O)C(=O)O)c2N)[C@H](O)[C@@H]1O	NAQGHJTUZRHGAC-ZZZDFHIKSA-N
SAM	C[S+](CC[C@H](N)C(=O)O)C[C@H]1O[C@@H](n2cnc3c(N)ncnc32)[C@H](O)[C@@H]1O	MEFKEPWMEQBLKI-AIRLBKTGSA-O
SM pool	CCCCCCCCCCCCC/C=C/[C@@H](O)[C@H](COP(=O)(O)OCC[N+](C)(C)C)NC(=O)C[N+](C)(C)C	CSURBFNJGNBURS-AHHYHCMUSA-P
STAR	[O-][Si](=O)[O-].[Na+].[Na+]	NTHWMYGWWRZVTN-UHFFFAOYSA-N
Sebacicacid	O=C(O)CCCCCCCCC(=O)O	CXMXRPHRNRROMY-UHFFFAOYSA-N
Sebacoyl Coenzyme A	CC(C)(COP(=O)([O-])OP(=O)([O-])OC[C@H]1O[C@@H](n2cnc3c(N)ncnc32)[C@H](O)[C@@H]1OP(=O)([O-])[O-])[C@@H](O)C(=O)NCCC(=O)NCCSC(=O)CCCCCCCCC(=O)[O-]	JZXNELIZHJCEFA-PVMJKYSESA-I
Stearoyl-ACP	CCCCCCCCCCCCCCCCCC(=O)SCCNC(=O)CCNC(=O)[C@H](O)C(C)(C)COP(=O)([O-])OC[C@H](N[*])C([*])=O	
Suberic Acid	O=C([O-])CCCCCCC(=O)[O-]	TYFQFVWCELRYAO-UHFFFAOYSA-L
Suberyl Coenzyme A	CC(C)(COP(=O)([O-])OP(=O)([O-])OC[C@H]1O[C@@H](n2cnc3c(N)ncnc32)[C@H](O)[C@@H]1OP(=O)([O-])[O-])[C@@H](O)C(=O)NCCC(=O)NCCSC(=O)CCCCCCC(=O)[O-]	DBCRIBJPCBKAME-NOQDIWQESA-I
T-antigen	CC(=O)N[C@H]1[C@@H]([*])O[C@H](CO)[C@H](O)[C@@H]1O[C@@H]1O[C@H](CO)[C@H](O)[C@H](O)[C@H]1O	
TAG epoxide	ClC1OC1(Cl)Cl	CMMXCVYESRODNH-UHFFFAOYSA-N
TAG-LD pool	[*]C(=O)OCC(COC([*])=O)OC([*])=O	
TAG-VLDL pool	[*]C(=O)OCC(COC([*])=O)OC([*])=O	
TAG-chylomicron pool	[*]C(=O)OCC(COC([*])=O)OC([*])=O	
TAG-extraction	[*]C(=O)OCC(COC([*])=O)OC([*])=O	
THF	Nc1nc2c(c(=O)n1)NC(CNc1ccc(C(=O)N[C@@H](CCC(=O)O)C(=O)O)cc1)CN2	MSTNYGQPCMXVAQ-KIYNQFGBSA-N
TRH	NC(=O)[C@@H]1CCCN1C(=O)[C@H](Cc1cnc[nH]1)NC(=O)[C@@H]1CCC(=O)N1	XNSAINXGIQZQOO-SRVKXCTJSA-N
Taurohyocholic acid; N-(3alpha,6alpha,7alpha-Trihydroxy-5beta-cholan-24-oyl)taurine	[H][C@@]12CC[C@]([H])([C@H](C)CCC(=O)NCCS(=O)(=O)O)[C@@]1(C)CC[C@]1([H])[C@@]3(C)CC[C@@H](O)C[C@@]3([H])[C@@H](O)[C@@H](O)[C@@]21[H]	XSOLDPYUICCHJX-QZEPYOAJSA-N
Tetracosa-9,12,15,18,21-All-Cis-Pentaenoyl Coenzyme A	CC/C=C\C/C=C\C/C=C\C/C=C\C/C=C\CCCCCCCC(=O)SCCNC(=O)CCNC(=O)[C@H](O)C(C)(C)COP(=O)(O)OP(=O)(O)OC[C@H]1O[C@@H](n2cnc3c(N)ncnc32)[C@H](O)[C@@H]1OP(=O)(O)O	BNAMTMVBOVNNSH-AFQBPCMKSA-N
Tiglyl Carnitine	CC=C(C)C(=O)OC(CC(=O)[O-])C[N+](C)(C)C	WURBQCVBQNMUQT-OLKPEBQYSA-N
Tn-antigen	CC(=O)N[C@H]1[C@@H](O[*])O[C@H](CO)[C@H](O)[C@@H]1O	
Trans,Cis-2,9-Octadecadienoyl Coenzyme A	CCCCCCCC/C=C\CCCCC/C=C/C(=O)SCCNC(=O)CCNC(=O)C(O)C(C)(C)COP(=O)([O-])OP(=O)([O-])OCC1O[C@H](n2cnc3c(N)ncnc32)C(O)C1OP(=O)([O-])[O-]	REOYMONHGHULEY-QPXATSSCSA-J
UDP	O=c1ccn([C@@H]2O[C@H](COP(=O)(O)OP(=O)(O)O)[C@@H](O)[C@H]2O)c(=O)n1	XCCTYIAWTASOJW-XVFCMESISA-N
UDP-N-acetyl-D-galactosamine	CC(=O)N[C@H]1C(OP(=O)(O)OP(=O)(O)OC[C@H]2O[C@@H](n3ccc(=O)nc3=O)[C@H](O)[C@@H]2O)O[C@H](CO)[C@H](O)[C@@H]1O	LFTYTUAZOPRMMI-LDDHHVEYSA-N
UDP-N-acetylglucosamine	CC(=O)N[C@H]1[C@@H](OP(=O)(O)OP(=O)(O)OC[C@H]2O[C@@H](n3ccc(=O)nc3=O)[C@H](O)[C@@H]2O)O[C@H](CO)[C@@H](O)[C@@H]1O	LFTYTUAZOPRMMI-CFRASDGPSA-N
UDP-galactose	O=c1ccn([C@@H]2O[C@H](COP(=O)(O)OP(=O)(O)O[C@H]3O[C@H](CO)[C@H](O)[C@H](O)[C@H]3O)[C@@H](O)[C@H]2O)c(=O)n1	HSCJRCZFDFQWRP-ABVWGUQPSA-N
UDP-glucose	O=c1ccn([C@@H]2O[C@H](COP(=O)(O)OP(=O)(O)OC3O[C@H](CO)[C@@H](O)[C@H](O)[C@H]3O)[C@@H](O)[C@H]2O)c(=O)n1	HSCJRCZFDFQWRP-RDKQLNKOSA-N
UDP-glucuronate	O=C(O)[C@H]1O[C@H](OP(=O)(O)OP(=O)(O)OC[C@H]2O[C@@H](n3ccc(=O)nc3=O)[C@H](O)[C@@H]2O)[C@H](O)[C@@H](O)[C@@H]1O	HDYANYHVCAPMJV-LXQIFKJMSA-N
UDP-xylose	O=c1ccn([C@@H]2O[C@H](COP(=O)(O)OP(=O)(O)O[C@H]3OC[C@@H](O)[C@H](O)[C@H]3O)[C@@H](O)[C@H]2O)c(=O)n1	DQQDLYVHOTZLOR-OCIMBMBZSA-N
UMP	O=c1ccn([C@@H]2O[C@H](COP(=O)(O)O)[C@@H](O)[C@H]2O)c(=O)n1	DJJCXFVJDGTHFX-XVFCMESISA-N
UTP	O=c1ccn([C@@H]2O[C@H](COP(=O)(O)OP(=O)(O)OP(=O)(O)O)[C@@H](O)[C@H]2O)c(=O)n1	PGAVKCOVUIYSFO-XVFCMESISA-N
VI2Fuc-nLc6	CCCCCCCCCCCCCC=CC(C(COC1C(C(C(C(O1)CO)OC2C(C(C(C(O2)CO)O)OC3C(C(C(C(O3)CO)OC4C(C(C(C(O4)CO)O)OC5C(C(C(C(O5)CO)OC6C(C(C(C(O6)CO)O)O)OC7C(C(C(C(O7)C)O)O)O)O)NC(=O)C)O)O)NC(=O)C)O)O)O)NC(=O)C)O	BDMQXHLLYKIDGP-JWQUWGBTSA-N
VI3NeuAc-nLc6Cer	CCCCCCCCCCCCC/C=C/[C@@H](O)[C@H](CO[C@@H]1O[C@H](CO)[C@@H](O[C@@H]2O[C@H](CO)[C@H](O)[C@H](O[C@@H]3O[C@H](CO)[C@@H](O[C@@H]4O[C@H](CO)[C@H](O)[C@H](O[C@@H]5O[C@H](CO)[C@@H](O[C@@H]6O[C@H](CO)[C@H](O)[C@H](O[C@]7(C(=O)O)C[C@H](O)[C@@H](NC(C)=O)[C@H]([C@H](O)[C@H](O)CO)O7)[C@H]6O)[C@H](O)[C@H]5NC(C)=O)[C@H]4O)[C@H](O)[C@H]3NC(C)=O)[C@H]2O)[C@H](O)[C@H]1O)NC(C)=O	DKFPAZPUUSLXBX-RFNWSYJBSA-N
Vitamin A2	CC1=C(C(CC=C1)(C)C)C=CC(=CC=CC(=CCO)C)C	XWCYDHJOKKGVHC-OVSJKPMPSA-N
W-Hydroxydocosanoicacid	O=C(O)CCCCCCCCCCCCCCCCCCCCCO	IBPVZXPSTLXWCG-UHFFFAOYSA-N
XTP	O=c1nc(=O)c2ncn([C@@H]3O[C@H](COP(=O)(O)OP(=O)(O)OP(=O)(O)O)[C@@H](O)[C@H]3O)c2n1	CAEFEWVYEZABLA-UUOKFMHZSA-N
[beta-adrenergic-receptor]	[*]NC(=O)[C@H](CO)NC([*])=O	
[myosin light chain]	[*]NC(=O)[C@H](CO)NC([*])=O	
[myosin light chain]-phosphate	[*]NC(=O)[C@H](COP(=O)(O)O)NC([*])=O	
[protein]-L-arginine	[*]NC(=O)[C@H](CCCNC(=N)N)NC([*])=O	
[protein]-L-asparagine	[*]NC(=O)[C@H](CC(N)=O)NC([*])=O	
[protein]-L-cysteine	[*]NC(=O)[C@H](CS)NC([*])=O	
[protein]-L-glutamine	[*]NC(=O)[C@H](CCC(N)=O)NC([*])=O	
[protein]-L-isoaspartate	[*]NC(=O)C[C@H](NC([*])=O)C(=O)O	
[protein]-L-isoaspartate-methyl ester	COC(=O)[C@H](CC(=O)N[*])NC([*])=O	
[protein]-L-tyrosine	[*]NC(=O)[C@H](Cc1ccc(O)cc1)NC([*])=O	
[protein]-N-ubiquityllysine	[*]NCC(=O)NCCCC[C@H](N[*])C([*])=O	
[protein]-N6,N6-dimethyl-L-lysine	CN(C)CCCC[C@H](NC([*])=O)C(=O)N[*]	
[protein]-N6-(octanoyl)lysine	CCCCCCCC(=O)N[*]	
[protein]-tyrosine-O-sulfate	[*]NC(=O)[C@H](Cc1ccc(OS(=O)(=O)O)cc1)NC([*])=O	
[pyruvate dehydrogenase (acetyl transferring)]	[*]NC(=O)[C@H](CO)NC([*])=O	
[pyruvate dehydrogenase (acetyl transferring)]-phosphate	[*]NC(=O)[C@H](COP(=O)(O)O)NC([*])=O	
acetaldehyde	CC=O	IKHGUXGNUITLKF-UHFFFAOYSA-N
acetamidopropanal	CC(=O)NCCC=O	ARJPPNFIEQKVBB-UHFFFAOYSA-N
acetaminophen-glutathione-conjugate	CC(=O)Nc1ccc(O)c(SC[C@H](NC(=O)CC[C@H](N)C(=O)O)C(=O)NCC(=O)O)c1	VFNAXGMNFCUWCI-RYUDHWBXSA-N
acetaminophen/paracetamol	CC(=O)Nc1ccc(O)cc1	RZVAJINKPMORJF-UHFFFAOYSA-N
acetanilide	NC(=O)Cc1ccccc1	LSBDFXRDZJMBSC-UHFFFAOYSA-N
acetate	CC(=O)[O-]	QTBSBXVTEAMEQO-UHFFFAOYSA-M
acetoacetate	CC(=O)CC(=O)O	WDJHALXBUFZDSR-UHFFFAOYSA-N
acetoacetyl-CoA	CC(=O)CC(=O)SCCNC(=O)CCNC(=O)[C@H](O)C(C)(C)COP(=O)(O)OP(=O)(O)OC[C@H]1O[C@@H](n2cnc3c(N)ncnc32)[C@H](O)[C@@H]1OP(=O)(O)O	OJFDKHTZOUZBOS-CITAKDKDSA-N
acetone	CC(C)=O	CSCPPACGZOOCGX-UHFFFAOYSA-N
acetyl adenylate	CC(=O)OP(=O)(O)OC[C@H]1O[C@@H](n2cnc3c(N)ncnc32)[C@H](O)[C@@H]1O	UBPVOHPZRZIJHM-WOUKDFQISA-N
acetyl-CoA	CC(=O)SCCNC(=O)CCNC(=O)[C@H](O)C(C)(C)COP(=O)(O)OP(=O)(O)OC[C@H]1O[C@@H](n2cnc3c(N)ncnc32)[C@H](O)[C@@H]1OP(=O)(O)O	ZSLZBFCDCINBPY-ZSJPKINUSA-N
acetyl-[ACP]	CC(=O)S	DUYAAUVXQSMXQP-UHFFFAOYSA-N
acetylcarnosine	CC(=O)NCCC(=O)N[C@H](Cc1cnc[nH]1)C(=O)O	BKAYIFDRRZZKNF-SECBINFHSA-N
acetylcholine	CC(=O)OCC[N+](C)(C)C	OIPILFWXSMYKGL-UHFFFAOYSA-N
acgalfuc12gal14acglcgalgluside heparan sulfate	CCCCCCCCCCCCC/C=C/[C@@H](O)[C@H](CO[C@@H]1O[C@H](CO)[C@@H](O[C@@H]2O[C@H](CO)[C@H](O)[C@H](O[C@@H]3O[C@H](CO)[C@@H](O)[C@H](O[C@@H]4O[C@H](CO)[C@H](O)[C@H](O[C@H]5O[C@H](CO)[C@H](O)[C@H](O)[C@H]5NC(C)=O)[C@H]4O[C@@H]4O[C@@H](C)[C@@H](O)[C@@H](O)[C@@H]4O)[C@H]3NC(C)=O)[C@H]2O)[C@H](O)[C@H]1O)NC([*])=O	
acrylyl-CoA	C=CC(=O)SCCNC(=O)CCNC(=O)[C@H](O)C(C)(C)COP(=O)(O)OP(=O)(O)OC[C@H]1O[C@@H](n2cnc3c(N)ncnc32)[C@H](O)[C@@H]1OP(=O)(O)O	POODSGUMUCVRTR-IEXPHMLFSA-N
acyl-CoA pool	CC(C)(COP(=O)([O-])OP(=O)([O-])OC[C@H]1O[C@@H](n2cnc3c(N)ncnc32)[C@H](O)[C@@H]1OP(=O)([O-])[O-])[C@@H](O)C(=O)NCCC(=O)NCCSC([*])=O	
acylglycerone-phosphate	*C(=O)OCC(=O)COP(=O)(O)O	
adenine	Nc1ncnc2[nH]cnc12	GFFGJBXGBJISGV-UHFFFAOYSA-N
adenosine	Nc1ncnc2c1ncn2[C@@H]1O[C@H](CO)[C@@H](O)[C@H]1O	OIRDTQYFTABQOQ-KQYNXXCUSA-N
adenylated molybdopterin	Nc1nc2c(c(=O)[nH]1)N[C@H]1C(S)=C([S-])[C@@H](COP(=O)([O-])OP(=O)([O-])OC[C@H]3O[C@@H](n4cnc5c(N)ncnc54)[C@H](O)[C@@H]3O)O[C@H]1N2	XJXFAXLUOKQPAQ-YPRLVJTJSA-K
adenylosuccinate	O=C(O)CC(Nc1ncnc2c1ncn2[C@@H]1O[C@H](COP(=O)(O)O)[C@@H](O)[C@H]1O)C(=O)O	OFBHPPMPBOJXRT-DPXQIYNJSA-N
adenylyl sulfate	Nc1ncnc2c1ncn2[C@@H]1O[C@H](COP(=O)(O)OS(=O)(=O)O)[C@@H](O)[C@H]1O	IRLPACMLTUPBCL-KQYNXXCUSA-N
adenylylselenate	C1=NC(=C2C(=N1)N(C=N2)C3C(C(C(O3)COP(=O)(O)O[Se](=O)(=O)O)O)O)N	XCADVMZZFPIERR-KQYNXXCUSA-N
adrenaline	C[NH2+]C[C@H](O)c1ccc(O)c(O)c1	UCTWMZQNUQWSLP-VIFPVBQESA-O
adrenic acid	CCCCC/C=C\C/C=C\C/C=C\C/C=C\CCCCCC(=O)O	TWSWSIQAPQLDBP-DOFZRALJSA-N
adrenochrome	CN1CC(O)C2=CC(=O)C(=O)C=C21	RPHLQSHHTJORHI-UHFFFAOYSA-N
adrenochrome-O-semiquinone	CN1CC(C2=CC(=C(C=C21)O)O)O	ADHYBIYGSXQYDM-UHFFFAOYSA-N
aflatoxin B1	COc1cc2c(c3oc(=O)c4c(c13)CCC4=O)[C@@H]1C=CO[C@@H]1O2	OQIQSTLJSLGHID-WNWIJWBNSA-N
aflatoxin B1 dialdehyde	COC1=C2C3=C(C(=O)OC3)C(=O)OC2=C(C(=C1)O)C(C=O)C(C=O)O	MTRNKJQPSSVUEH-UHFFFAOYSA-N
aflatoxin B1 diol	COc1cc2c(c3oc(=O)c4c(c13)CCC4=O)[C@H]1[C@@H](O2)O[C@@H](O)[C@@H]1O	JRZBEIPOZPNWID-KFZJALRRSA-N
aflatoxin B1-endo-8,9-epoxide	COc1cc2c(c3oc(=O)c4c(c13)CCC4=O)[C@H]1[C@@H](O2)O[C@H]2O[C@H]21	KHBXRZGALJGBPA-NQZOLGFYSA-N
aflatoxin B1-exo-8,9-epoxide	COc1cc2c(c3oc(=O)c4c(c13)CCC4=O)[C@H]1[C@@H](O2)O[C@@H]2O[C@@H]21	KHBXRZGALJGBPA-IRWJRLHMSA-N
aflatoxin B1-exo-8,9-epoxide-GSH	COc1cc2c(c3oc(=O)c4c(c13)CCC4=O)[C@H]1[C@@H](O2)O[C@@H](SC[C@H](NC(=O)CC[C@H](N)C(=O)O)C(=O)NCC(=O)O)[C@@H]1O	LYDBAPNRLUDIAS-GPQHGYBDSA-N
aflatoxin M1	COc1cc2c(c3oc(=O)c4c(c13)CCC4=O)[C@]1(O)C=CO[C@@H]1O2	MJBWDEQAUQTVKK-IAGOWNOFSA-N
aflatoxin M1-8,9-epoxide	COc1cc2c(c3oc(=O)c4c(c13)CCC4=O)[C@@]1(O)[C@@H](O2)O[C@@H]2O[C@@H]21	XRWIIRKFSUFIPZ-HJWJTTGWSA-N
aflatoxin Q1	COc1cc2c(c3oc(=O)c4c(c13)[C@@H](O)CC4=O)[C@@H]1C=CO[C@@H]1O2	GYNOTJLCULOEIM-XKRJZGAWSA-N
agmatine	NC(=[NH2+])NCCCC[NH3+]	QYPPJABKJHAVHS-UHFFFAOYSA-P
alanine	C[C@H](N)C(=O)O	QNAYBMKLOCPYGJ-REOHCLBHSA-N
albumin	C1=CC=C(C=C1)COC(=O)CCCCCCCCCCCC(=O)O	KQINCEXNMZLESQ-UHFFFAOYSA-N
aldosterone	C[C@]12CCC(=O)C=C1CC[C@@H]1[C@@H]2[C@@H](O)C[C@]2(C=O)[C@@H](C(=O)CO)CC[C@@H]12	PQSUYGKTWSAVDQ-ZVIOFETBSA-N
alkyl-glycerone-3-phosphate	*OCC(=O)COP(=O)(O)O	
all-trans-4-hydroxyretinal	CC1=C(/C=C/C(C)=C/C=C/C(C)=C/C=O)C(C)(C)CCC1O	CYVVUYORRQQAQE-RMWYGNQTSA-N
all-trans-4-hydroxyretinol	CC1=C(/C=C/C(C)=C/C=C/C(C)=C/CO)C(C)(C)CCC1O	IOELQUUUYMBPSA-RMWYGNQTSA-N
all-trans-4-oxoretinal	CC1=C(/C=C/C(C)=C/C=C/C(C)=C/C=O)C(C)(C)CCC1=O	PLILDISEFZJECC-RMWYGNQTSA-N
all-trans-decaprenyl-diphosphate	CC(=CCCC(=CCCC(=CCCC(=CCCC(=CCCC(=CCCC(=CCCC(=CCCC(=CCCC(=CCOP(=O)(O)OP(=O)(O)O)C)C)C)C)C)C)C)C)C)C	FSCYHDCTHRVSKN-CMVHWAPMSA-N
allantoate	NC(=O)NC(NC(N)=O)C(=O)[O-]	NUCLJNSWZCHRKL-UHFFFAOYSA-M
allantoin	NC(=O)NC1NC(=O)NC1=O	POJWUDADGALRAB-UHFFFAOYSA-N
allopregnanolone	CC(=O)[C@H]1CC[C@H]2[C@@H]3CC[C@H]4C[C@H](O)CC[C@]4(C)[C@H]3CC[C@]12C	AURFZBICLPNKBZ-SYBPFIFISA-N
allopurinol	C1=NNC2=C1C(=O)NC=N2	OFCNXPDARWKPPY-UHFFFAOYSA-N
alloxan	O=C1NC(=O)C(=O)C(=O)N1	HIMXGTXNXJYFGB-UHFFFAOYSA-N
alpha-(1,2-dihydroxyethyl)-1,2,3,4-tetrahydro-7-hydroxy-9-methoxy-3,4-dioxocyclopenta[c][1]benzopyran-6-acetaldehyde	COc1cc(O)c(C(C=O)C(O)CO)c2oc(=O)c3c(c12)CCC3=O	PRZJYJAOZVCBCB-UHFFFAOYSA-N
alpha-CEHC-glucuronide	CC1=C(C(=C(C2=C1OC(CC2)(C)CCC(=O)O)C)OC3C(C(C(C(O3)C(=O)O)O)O)O)C	MWDYOFPRWKTECC-XOIOWARXSA-N
alpha-D-galactose-1-phosphate	O=P(O)(O)O[C@H]1O[C@H](CO)[C@H](O)[C@H](O)[C@H]1O	HXXFSFRBOHSIMQ-FPRJBGLDSA-N
alpha-D-glucose	OC[C@H]1O[C@H](O)[C@H](O)[C@@H](O)[C@@H]1O	WQZGKKKJIJFFOK-DVKNGEFBSA-N
alpha-D-mannosyl-beta-D-mannosyl-diacetylchitobiosyldiphosphodolichol	CC(=O)N[C@H]1[C@H](O[C@@H]2[C@@H](CO)O[C@H](OP(=O)(O)OP(=O)(O)OCCC(C)CC/C=C(\C)CC/C=C(\C)CC/C=C(\C)CCC=C(C)C)[C@H](NC(C)=O)[C@H]2O)O[C@H](CO)[C@@H](O[C@@H]2O[C@H](CO)[C@@H](O)[C@H](O[C@H]3O[C@H](CO)[C@@H](O)[C@H](O)[C@@H]3O)[C@@H]2O)[C@@H]1O	LXNPFZYOWOXRQK-WPFSCCOBSA-N
alpha-NAD(+)	NC(=O)c1ccc[n+]([C@H]2O[C@H](COP(=O)([O-])OP(=O)([O-])OC[C@H]3O[C@@H](n4cnc5c(N)ncnc54)[C@H](O)[C@@H]3O)[C@@H](O)[C@H]2O)c1	BAWFJGJZGIEFAR-OPDHFMQKSA-M
alpha-[3-(nitrosoamino)propyl]-3-pyridinemethanol	O/N=N/CCCC(O)c1cccnc1	QCCXEQGBFPINIY-UHFFFAOYSA-N
alpha-[3-[(hydroxymethyl)nitrosoamino]propyl]-3-pyridinemethanol	O=NN(CO)CCCC(O)c1cccnc1	UNFLQLWCJOTOPA-UHFFFAOYSA-N
alpha-hydroxyisocaproic acid	CC(C)CC(C(=O)O)O	LVRFTAZAXQPQHI-UHFFFAOYSA-N
alpha-muricholic acid	C[C@H](CCC(=O)[O-])[C@H]1CC[C@H]2[C@@H]3[C@H](O)[C@@H](O)[C@@H]4C[C@H](O)CC[C@]4(C)[C@H]3CC[C@@]21C	DKPMWHFRUGMUKF-GDYCBZMLSA-M
alpha-muricholoyl-CoA	[H][C@]1([C@]([H])(C)CCC(=O)SCCNC(=O)CCNC(=O)[C@H](O)C(C)(C)COP(=O)(O)OP(=O)(O)OC[C@H]2O[C@@H](n3cnc4c(N)ncnc43)[C@H](O)[C@@H]2OP(=O)(O)O)CC[C@]2([H])[C@]1(C)CC[C@]1([H])[C@@]3(C)CC[C@@H](O)C[C@@]3([H])[C@H](O)[C@H](O)[C@@]21[H]	GGOBJYLDOQWHDT-TWQBTYDKSA-N
alpha-pinene-oxide	CC1(C)C2CC3OC3(C)C1C2	NQFUSWIGRKFAHK-UHFFFAOYSA-N
alpha-tocopherol	Cc1c(C)c2c(c(C)c1O)CC[C@@](C)(CCC[C@H](C)CCC[C@H](C)CCCC(C)C)O2	GVJHHUAWPYXKBD-IEOSBIPESA-N
alpha-tocopheryl hydroquinone	Cc1c(C)c(O)c(CC[C@](C)(O)CCCC(C)CCCC(C)CCCC(C)C)c(C)c1O	JOURHZSBLWSODQ-UQIPPQJZSA-N
alpha-tocopheryl quinone	CC1=C(C(=O)C(=C(C1=O)C)CCC(C)(CCCC(C)CCCC(C)CCCC(C)C)O)C	LTVDFSLWFKLJDQ-IEOSBIPESA-N
alpha-tocotrienol	CC(C)=CCC/C(C)=C/CC/C(C)=C/CC[C@]1(C)CCc2c(C)c(O)c(C)c(C)c2O1	RZFHLOLGZPDCHJ-XZXLULOTSA-N
alpha-tocotrienoxyl radical	CC(C)=CCC/C(C)=C/CC/C(C)=C/CCC1(C)CCC2=C(C)C(=O)C(C)=C(C)[C]2O1	LALWPXWRMGORIU-KTWAZNHYSA-N
aminoacetone	CC(=O)C[NH3+]	BCDGQXUMWHRQCB-UHFFFAOYSA-O
aminochrome-O-semiquinone	[O]c1cc2c(cc1O)NCC2	SUOKBNMHVMNQDG-UHFFFAOYSA-N
anandamide	CCCCC/C=C\C/C=C\C/C=C\C/C=C\CCCC(=O)NCCO	LGEQQWMQCRIYKG-DOFZRALJSA-N
androstenediol	C[C@]12CC[C@H]3[C@@H](CC=C4C[C@@H](O)CC[C@@]43C)[C@@H]1CC[C@@H]2O	QADHLRWLCPCEKT-LOVVWNRFSA-N
androsterone	C[C@]12CC[C@H]3[C@@H](CC[C@H]4C[C@H](O)CC[C@@]43C)[C@@H]1CCC2=O	QGXBDMJGAMFCBF-HLUDHZFRSA-N
androsterone sulfate	C[C@]12CC[C@H]3[C@@H](CC[C@H]4C[C@H](OS(=O)(=O)[O-])CC[C@@]43C)[C@@H]1CCC2=O	ZMITXKRGXGRMKS-HLUDHZFRSA-M
androsterone-glucuronide	C[C@]12CC[C@H]3[C@@H](CC[C@H]4C[C@H](O[C@@H]5O[C@H](C(=O)O)[C@@H](O)[C@H](O)[C@H]5O)CC[C@@]43C)[C@@H]1CCC2=O	VFUIRAVTUVCQTF-BSOWLZGZSA-N
anhydroretinol	C=C/C(C)=C/C=C/C(C)=C/C=C1/C(C)=CCCC1(C)C	FWNRILWHNGFAIN-OYUWDNMLSA-N
aniline	Nc1ccccc1	PAYRUJLWNCNPSJ-UHFFFAOYSA-N
anthranilate	Nc1ccccc1C(=O)[O-]	RWZYAGGXGHYGMB-UHFFFAOYSA-M
antipyrine	Cc1cc(=O)n(-c2ccccc2)n1C	VEQOALNAAJBPNY-UHFFFAOYSA-N
antitrypsin	CCC(C)C1C(=O)NC(C(=O)NC(C(=O)NC(C(=O)NC(C(=O)NC(C(=O)NC(C(=O)NC(C(=O)NC(C(=O)NC(C(=O)NCC(=O)NC(C(=O)NC2CSSCC3C(=O)NC(C(=O)NC(C(=O)NC(C(=O)NC(CSSCC(C(=O)NC(C(=O)NC(C(=O)N4CCCC4C(=O)N5CCCC5C(=O)NC(C(=O)NC(C(=O)NCC(=O)N6CCCC6C(=O)NC(CSSCC(C(=O)NC(C(=O)NC(C(=O)NC(C(=O)NC(C(=O)NC(C(=O)NC(C(=O)NC(C(=O)NC(C(=O)NC(C(=O)NC(C(=O)NC(C(=O)NC(C(=O)N3)CC(=O)O)CCC(=O)O)C)CO)CCCCN)CC7=CC=CC=C7)CC(=O)N)CC(=O)N)CCCNC(=N)N)CCCCN)C)CCCNC(=N)N)NC(=O)CNC(=O)CNC(=O)C(NC(=O)C(NC(=O)C(NC(=O)C(NC(=O)C(NC2=O)CCC(=O)N)C(C)O)CC8=CC=CC=C8)C(C)C)CC9=CC=C(C=C9)O)C(=O)NC(C(=O)NC(C(=O)NC(C(=O)N1)CCCNC(=N)N)C)CCCCN)C(C)O)CC1=CC=C(C=C1)O)CCC(=O)O)CC(C)C)NC(=O)C(CC1=CC=CC=C1)NC(=O)C(CC(=O)O)NC(=O)C1CCCN1C(=O)C(CCCNC(=N)N)N)C(=O)NCC(=O)NCC(=O)NC(C)C(=O)O)C(C)O)CCCNC(=N)N)CCSC)CC(C)C)C)CCCCN)C)CC(=O)N)CC1=CC=C(C=C1)O)CC1=CC=CC=C1)CC1=CC=C(C=C1)O)CCCNC(=N)N)C(C)CC	ZPNFWUPYTFPOJU-ZRPLRCOFSA-N
apelin-13	CC(C)CC(C(=O)NC(CO)C(=O)NC(CC1=CN=CN1)C(=O)NC(CCCCN)C(=O)NCC(=O)N2CCCC2C(=O)NC(CCSC)C(=O)N3CCCC3C(=O)NC(CC4=CC=CC=C4)C(=O)O)NC(=O)C(CCCN=C(N)N)NC(=O)C5CCCN5C(=O)C(CCCN=C(N)N)NC(=O)C(CCC(=O)N)N	XXCCRHIAIBQDPX-PEWBXTNBSA-N
apo-[ACP]	[*][NH2+][C@@H](CO)C([*])=O	
apoC-lys	[*]NC(=O)[C@H](CCCCN)NC([*])=O	
apocytochrome-C	[*]NC(=O)[C@H](CS)NC([*])=O.[*]NC(=O)[C@H](CS)NC([*])=O	
apppA	Nc1ncnc2c1ncn2[C@@H]1O[C@H](COP(=O)([O-])OP(=O)([O-])OP(=O)([O-])OC[C@H]2O[C@@H](n3cnc4c(N)ncnc43)[C@H](O)[C@@H]2O)[C@@H](O)[C@H]1O	QCICUPZZLIQAPA-XPWFQUROSA-K
aquacob(III)alamin	CC1=C2[N+]3=C(C=C4[N+]5=C(C(C)=C6N7[C@@H]8[C@H](CC(N)=O)[C@@]6(C)CCC(=O)NC[C@@H](C)OP(=O)([O-])O[C@@H]6[C@@H](CO)O[C@@H]([C@@H]6O)n6c[n+](c9cc(C)c(C)cc96)[Co-3]753([OH2+])[N+]3=C1[C@@H](CCC(N)=O)[C@](C)(CC(N)=O)[C@]83C)[C@@H](CCC(N)=O)C4(C)C)[C@@H](CCC(N)=O)[C@]2(C)CC(N)=O	YOZNUFWCRFCGIH-WZHZPDAFSA-L
arachidonate	CCCCC/C=C\C/C=C\C/C=C\C/C=C\CCCC(=O)O	YZXBAPSDXZZRGB-DOFZRALJSA-N
arachidonyl-CoA	CCCCC/C=C\C/C=C\C/C=C\C/C=C\CCCC(=O)SCCNC(=O)CCNC(=O)[C@H](O)C(C)(C)COP(=O)(O)OP(=O)(O)OC[C@H]1O[C@@H](n2cnc3c(N)ncnc32)[C@H](O)[C@@H]1OP(=O)(O)O	JDEPVTUUCBFJIW-YQVDHACTSA-N
arachidonyl-carnitine	CCCCC/C=C\C/C=C\C/C=C\C/C=C\CCCC(=O)O[C@H](CC(=O)[O-])C[N+](C)(C)C	RBFQHRALHSUPIA-JTPUQHSZSA-N
arginine	N=C(N)NCCC[C@H](N)C(=O)O	ODKSFYDXXFIFQN-BYPYZUCNSA-N
argininosuccinate	N=C(NCCC[C@H](N)C(=O)O)NC(CC(=O)O)C(=O)O	KDZOASGQNOPSCU-ZBHICJROSA-N
arsenite	[O-][As]([O-])[O-]	OWTFKEBRIAXSMO-UHFFFAOYSA-N
ascorbate	[H][C@]1([C@@H](O)CO)OC(=O)C(O)=C1O	CIWBSHSKHKDKBQ-JLAZNSOCSA-N
asparagine	NC(=O)C[C@H](N)C(=O)O	DCXYFEDJOCDNAF-REOHCLBHSA-N
aspartate	N[C@@H](CC(=O)O)C(=O)O	CKLJMWTZIZZHCS-REOHCLBHSA-N
atorvastatin-acid	CC(C)C1=C(C(=C(N1CCC(CC(CC(=O)O)O)O)C2=CC=C(C=C2)F)C3=CC=CC=C3)C(=O)NC4=CC=CC=C4.CC(C)C1=C(C(=C(N1CCC(CC(CC(=O)O)O)O)C2=CC=C(C=C2)F)C3=CC=CC=C3)C(=O)NC4=CC=CC=C4	BJGBAZAEWKCPHZ-MQSFZEHASA-N
atorvastatin-lactone	CC(C)C1=C(C(=C(N1CCC2CC(CC(=O)O2)O)C3=CC=C(C=C3)F)C4=CC=CC=C4)C(=O)NC5=CC=CC=C5	OUCSEDFVYPBLLF-KAYWLYCHSA-N
azelaic acid	O=C(O)CCCCCCCC(=O)O	BDJRBEYXGGNYIS-UHFFFAOYSA-N
behenic acid	CCCCCCCCCCCCCCCCCCCCCC(=O)[O-]	UKMSUNONTOPOIO-UHFFFAOYSA-M
benzaldehyde	O=Cc1ccccc1	HUMNYLRZRPPJDN-UHFFFAOYSA-N
benzo[a]pyrene	c1ccc2c(c1)cc1ccc3cccc4ccc2c1c34	FMMWHPNWAFZXNH-UHFFFAOYSA-N
benzo[a]pyrene-4,5-oxide	c1ccc2c(c1)cc1c3c2ccc2cccc(c23)C2OC12	XGZQLNASOQVQTD-UHFFFAOYSA-N
benzo[a]pyrene-7,8-dihydrodiol-9,10-oxide	OC1c2cc3ccc4cccc5ccc(c2C2OC2C1O)c3c45	DQEPMTIXHXSFOR-UHFFFAOYSA-N
benzo[a]pyrene-7,8-diol	O[C@H]1C=Cc2c(cc3ccc4cccc5ccc2c3c45)[C@H]1O	YDXRLMMGARHIIC-FXAWDEMLSA-N
benzo[a]pyrene-7,8-oxide	C1=CC2OC2c2cc3ccc4cccc5ccc(c21)c3c45	OLLMQFHYRYHKTD-UHFFFAOYSA-N
benzo[a]pyrene-9,10-oxide	C1=CC2OC2c2c1cc1ccc3cccc4ccc2c1c34	GOEJUYABKOTLJA-UHFFFAOYSA-N
benzoate	O=C([O-])c1ccccc1	WPYMKLBDIGXBTP-UHFFFAOYSA-M
benzothiazine	C1=CC=C2C(=C1)C=CNS2	UJVBZCCNLAAMOV-UHFFFAOYSA-N
beta-1,4-mannose-N-acetylglucosamine	CC(=O)NC1C(C(C(OC1O)CO)OC2C(C(C(C(O2)CO)O)O)O)O	KFEUJDWYNGMDBV-MMOUBBDDSA-N
beta-D-galactose	OC[C@H]1O[C@@H](O)[C@H](O)[C@@H](O)[C@H]1O	WQZGKKKJIJFFOK-FPRJBGLDSA-N
beta-D-glucose	OC[C@H]1O[C@@H](O)[C@H](O)[C@@H](O)[C@@H]1O	WQZGKKKJIJFFOK-VFUOTHLCSA-N
beta-D-mannosyldiacetylchitobiosyldiphosphodolichol	CC(=O)N[C@H]1[C@H](O[C@@H]2[C@@H](CO)O[C@H](OP(=O)(O)OP(=O)(O)OCCC(C)CC/C=C(\C)CC/C=C(\C)CC/C=C(\C)CCC=C(C)C)[C@H](NC(C)=O)[C@H]2O)O[C@H](CO)[C@@H](O[C@@H]2O[C@H](CO)[C@@H](O)[C@H](O)[C@@H]2O)[C@@H]1O	CMBCFQGXXHOGEH-LSMBNOQWSA-N
beta-alanine	[NH3+]CCC(=O)[O-]	UCMIRNVEIXFBKS-UHFFFAOYSA-N
beta-carboline	c1ccc2c(c1)[nH]c1cnccc12	AIFRHYZBTHREPW-UHFFFAOYSA-N
beta-carotene	CC1=C(C(CCC1)(C)C)C=CC(=CC=CC(=CC=CC=C(C)C=CC=C(C)C=CC2=C(CCCC2(C)C)C)C)C	OENHQHLEOONYIE-JLTXGRSLSA-N
beta-casomorphin	C1CC(N(C1)C(=O)C(CC2=CC=C(C=C2)O)N)C(=O)NC(CC3=CC=CC=C3)C(=O)N4CCCC4C(=O)N	LSQXZIUREIDSHZ-UHFFFAOYSA-N
beta-casomorphin (1-6)	CC(C)[C@@H](NC(=O)[C@H](Cc1ccccc1)NC(=O)[C@H]1CCCN1C(=O)[C@H](N)Cc1ccc(O)cc1)C(=O)N[C@@H](CCC(=O)O)C(=O)N1CCC[C@H]1C(=O)O	WUHXJZCLFYNVBB-QNLYJVETSA-N
beta-hydroxy-beta-methylbutyrate	CC(C)(O)CC(=O)O	AXFYFNCPONWUHW-UHFFFAOYSA-N
beta-muricholic acid	C[C@H](CCC(=O)[O-])[C@H]1CC[C@H]2[C@H]3[C@H](CC[C@@]21C)[C@@]1(C)CC[C@@H](O)C[C@H]1[C@H](O)[C@@H]3O	DKPMWHFRUGMUKF-CRKPLTDNSA-M
beta-muricholoyl-CoA	[H][C@]1([C@]([H])(C)CCC(=O)SCCNC(=O)CCNC(=O)[C@H](O)C(C)(C)COP(=O)(O)OP(=O)(O)OC[C@H]2O[C@@H](n3cnc4c(N)ncnc43)[C@H](O)[C@@H]2OP(=O)(O)O)CC[C@]2([H])[C@]1(C)CC[C@]1([H])[C@@]3(C)CC[C@@H](O)C[C@@]3([H])[C@H](O)[C@H](O)[C@@]21[H]	GGOBJYLDOQWHDT-TWQBTYDKSA-N
betaine	C[N+](C)(C)CC(=O)[O-]	KWIUHFFTVRNATP-UHFFFAOYSA-N
betaine_aldehyde	C[N+](C)(C)CC=O	SXKNCCSPZDCRFD-UHFFFAOYSA-N
bilirubin	C=CC1=C(C)/C(=C/c2nc(Cc3nc(/C=C4\NC(=O)C(C)=C4C=C)c(C)c3CCC(=O)O)c(CCC(=O)O)c2C)NC1=O	BPYKTIZUTYGOLE-IFADSCNNSA-N
bilirubin-bisglucuronoside	C=CC1=C(C)/C(=C\c2nc(Cc3nc(/C=C4/NC(=O)C(C)=C4C=C)c(C)c3CCC(=O)O[C@@H]3O[C@H](C(=O)O)[C@@H](O)[C@H](O)[C@H]3O)c(CCC(=O)O[C@@H]3O[C@H](C(=O)O)[C@@H](O)[C@H](O)[C@H]3O)c2C)NC1=O	SCJLWMXOOYZBTH-SDXZDYKGSA-N
bilirubin-monoglucuronoside	C=CC1=C(C)/C(=C\c2nc(Cc3nc(/C=C4/NC(=O)C(C)=C4C=C)c(C)c3CCC(=O)O[C@@H]3O[C@H](C(=O)O)[C@@H](O)[C@H](O)[C@H]3O)c(CCC(=O)O)c2C)NC1=O	ARBDURHEPGRPSR-GEADQAOESA-N
biliverdin	C=CC1=C(C)/C(=C/C2=N/C(=C\c3[nH]c(/C=C4\NC(=O)C(C)=C4C=C)c(C)c3CCC(=O)[O-])C(CCC(=O)[O-])=C2C)NC1=O	QBUVFDKTZJNUPP-BBROENKCSA-L
biocytin	N[C@@H](CCCCNC(=O)CCCC[C@@H]1SC[C@@H]2NC(=O)N[C@H]12)C(=O)O	BAQMYDQNMFBZNA-MNXVOIDGSA-N
biotin	O=C([O-])CCCC[C@@H]1SC[C@@H]2NC(=O)N[C@H]12	YBJHBAHKTGYVGT-ZKWXMUAHSA-M
biotinyl-5-AMP	[H][C@]12CS[C@@H](CCCCC(=O)OP(=O)(O)OC[C@H]3O[C@@H](n4cnc5c(N)ncnc54)[C@H](O)[C@@H]3O)[C@@]1([H])NC(=O)N2	UTQCSTJVMLODHM-RHCAYAJFSA-N
bromobenzene	Brc1ccccc1	QARVLSVVCXYDNA-UHFFFAOYSA-N
bromobenzene-2,3-dihydrodiol	OC1C=CC=C(Br)C1O	KLPGXZKAVBGFGF-UHFFFAOYSA-N
bromobenzene-2,3-oxide	BrC1=CC=CC2OC12	RLBVUCNBWFGERE-UHFFFAOYSA-N
bromobenzene-3,4-dihydrodiol	OC1C=CC(Br)=CC1O	MWJZOLXUCNEWFL-UHFFFAOYSA-N
bromobenzene-3,4-oxide	BrC1=CC2OC2C=C1	FVTNDWDQRAAPCD-UHFFFAOYSA-N
bufotenine	CN(C)CCc1c[nH]c2ccc(O)cc12	VTTONGPRPXSUTJ-UHFFFAOYSA-N
butyrate	CCCC(=O)[O-]	FERIUCNNQQJTOY-UHFFFAOYSA-M
butyryl-CoA	CCCC(=O)SCCNC(=O)CCNC(=O)[C@H](O)C(C)(C)COP(=O)([O-])OP(=O)([O-])OC[C@H]1O[C@@H](n2cnc3c(N)ncnc32)[C@H](O)[C@@H]1OP(=O)([O-])[O-]	CRFNGMNYKDXRTN-CITAKDKDSA-J
cAMP	Nc1ncnc2c1ncn2[C@@H]1O[C@@H]2COP(=O)([O-])O[C@H]2[C@H]1O	IVOMOUWHDPKRLL-KQYNXXCUSA-M
cGMP	Nc1nc(=O)c2ncn([C@@H]3O[C@@H]4COP(=O)(O)O[C@H]4[C@H]3O)c2n1	ZOOGRGPOEVQQDX-UUOKFMHZSA-N
cPMP	Nc1nc2c(c(=O)[nH]1)N[C@@H]1[C@H](N2)O[C@@H]2COP(=O)(O)O[C@@H]2C1(O)O	CZAKJJUNKNPTTO-AJFJRRQVSA-N
caffeate	O=C(O)/C=C/c1ccc(O)c(O)c1	QAIPRVGONGVQAS-DUXPYHPUSA-N
calcidiol	C=C1CC[C@H](O)C/C1=C/C=C1\CCC[C@@]2(C)[C@H]1CC[C@@H]2[C@H](C)CCCC(C)(C)O	JWUBBDSIWDLEOM-DTOXIADCSA-N
calcitetrol	CC(CCC(C(C)(C)O)O)C1CCC2C1(CCCC2=CC=C3CC(CC(C3=C)O)O)C	WFZKUWGUJVKMHC-UKBUZQLGSA-N
calcitriol	C=C1/C(=C\C=C2/CCC[C@@]3(C)[C@H]2CC[C@@H]3[C@H](C)CCCC(C)(C)O)C[C@@H](O)C[C@@H]1O	GMRQFYUYWCNGIN-NKMMMXOESA-N
calcitroic acid	C=C1/C(=C\C=C2/CCC[C@@]3(C)[C@H]2CC[C@@H]3[C@H](C)CC(=O)[O-])C[C@@H](O)C[C@@H]1O	MBLYZRMZFUWLOZ-ZTIKAOTBSA-M
carbamoyl-phosphate	NC(=O)OP(=O)([O-])[O-]	FFQKYPRQEYGKAF-UHFFFAOYSA-L
carboxy-gliclazide	C1CC2CN(CC2C1)NC(=O)NS(=O)(=O)C3=CC=C(C=C3)C(=O)O	DSNDPTBTZSQWJS-UHFFFAOYSA-N
carnosine	NCCC(=O)N[C@@H](Cc1cncn1)C(=O)O	CQOVPNPJLQNMDC-ZETCQYMHSA-N
ceramide pool	CCCCCCCCCCCCC/C=C/[C@@H](O)[C@H](CO)NC([*])=O	
cerivastatin	CC(C)C1=C(C(=C(C(=N1)C(C)C)COC)C2=CC=C(C=C2)F)C=CC(CC(CC(=O)O)O)O	SEERZIQQUAZTOL-ANMDKAQQSA-N
cerotic acid	CCCCCCCCCCCCCCCCCCCCCCCCCC(=O)[O-]	XMHIUKTWLZUKEX-UHFFFAOYSA-M
chenodeoxycholoyl-CoA	[H][C@@]12C[C@H](O)CC[C@]1(C)[C@@]1([H])CC[C@]3(C)[C@@]([H])([C@]([H])(C)CCC(=O)SCCNC(=O)CCNC(=O)[C@H](O)C(C)(C)COP(=O)(O)OP(=O)(O)OC[C@H]4O[C@@H](n5cnc6c(N)ncnc65)[C@H](O)[C@@H]4OP(=O)(O)O)CC[C@@]3([H])[C@]1([H])[C@H](O)C2	IIWDDMINEZBCTG-RUAADODMSA-N
chenodiol	[H][C@@]12C[C@H](O)CC[C@]1(C)[C@@]1([H])CC[C@@]3(C)[C@@]([H])(CC[C@]3([H])[C@H](C)CCC(=O)O)[C@]1([H])[C@H](O)C2	RUDATBOHQWOJDD-BSWAIDMHSA-N
chitin	CC(=O)N[C@H]1[C@H](O)O[C@H](CO)[C@@H](O)[C@@H]1O	OVRNDRQMDRJTHS-FMDGEEDCSA-N
chitin(n-1)	CC(=O)N[C@H]1[C@H](O)O[C@H](CO)[C@@H](O)[C@@H]1O	OVRNDRQMDRJTHS-FMDGEEDCSA-N
chitobiose	C(C1C(C(C(C(O1)OC(C(CO)O)C(C(C=O)N)O)N)O)O)O	VUALREFPJJODHZ-JTCHKQLLSA-N
chloral	O=CC(Cl)(Cl)Cl	HFFLGKNGCAIQMO-UHFFFAOYSA-N
chloral hydrate	OC(O)C(Cl)(Cl)Cl	RNFNDJAIBTYOQL-UHFFFAOYSA-N
chloride	[Cl]	ZAMOUSCENKQFHK-UHFFFAOYSA-N
chloroacetic acid	O=C([O-])CCl	FOCAUTSVDIKZOP-UHFFFAOYSA-M
chloroacetyl chloride	O=C(Cl)CCl	VGCXGMAHQTYDJK-UHFFFAOYSA-N
cholate	[H][C@@]12C[C@H](O)CC[C@]1(C)[C@@]1([H])C[C@H](O)[C@@]3(C)[C@@]([H])(CC[C@]3([H])[C@H](C)CCC(=O)O)[C@]1([H])[C@H](O)C2	BHQCQFFYRZLCQQ-OELDTZBJSA-N
cholest-5-ene-3beta,7alpha,25-triol	CC(CCCC(C)(C)O)C1CCC2C1(CCC3C2C(C=C4C3(CCC(C4)O)C)O)C	BQMSKLCEWBSPPY-IKVTXIKFSA-N
cholest-5-ene-3beta,7alpha,27-triol	[H][C@]12CC[C@@]3(C)[C@@]([H])(CC[C@]3([H])[C@H](C)CCCC(C)CO)[C@]1([H])[C@H](O)C=C1C[C@@H](O)CC[C@@]12C	RXMHNAKZMGJANZ-DTTSCKGMSA-N
cholestenol	CC(C)CCC[C@@H](C)[C@H]1CC[C@H]2C3=C(CC[C@@]21C)[C@@]1(C)CC[C@H](O)C[C@@H]1CC3	QETLKNDKQOXZRP-XTGBIJOFSA-N
cholesterol	CC(C)CCCC(C)C1CCC2C1(CCC3C2CC=C4C3(CCC(C4)O)C)C	HVYWMOMLDIMFJA-DPAQBDIFSA-N
cholesterol-ester plasma pool	CC(C)CCC[C@@H](C)[C@H]1CC[C@H]2[C@@H]3CC=C4C[C@@H](OC([*])=O)CC[C@]4(C)[C@H]3CC[C@@]21C	
cholesterol-ester pool	CC(C)CCC[C@@H](C)C1CCC2C3CC=C4C[C@@H](OC([*])=O)CC[C@]4(C)C3CC[C@@]21C	
cholesterol-ester-10-hepta	CCCCCCC/C=C\CCCCCCCC(=O)O[C@H]1CC[C@@]2(C)C(=CC[C@@H]3[C@@H]2CC[C@@]2(C)[C@H]3CC[C@@H]2[C@H](C)CCCC(C)C)C1	RLMIGWIAENJHMP-RJRTUNKTSA-N
cholesterol-ester-11,14-eicosa	CCCCC/C=C\C/C=C\CCCCCCCCCC(=O)O[C@H]1CC[C@@]2(C)C(=CC[C@@H]3[C@@H]2CC[C@@]2(C)[C@H]3CC[C@@H]2[C@H](C)CCCC(C)C)C1	REFJKOQDWJELKE-AKLGJIFXSA-N
cholesterol-ester-11-eico	CCCCCCCC/C=C\CCCCCCCCCC(=O)O[C@H]1CC[C@@]2(C)C(=CC[C@@H]3[C@@H]2CC[C@@]2(C)[C@H]3CC[C@@H]2[C@H](C)CCCC(C)C)C1	OWTYWMJVQZQWFH-UQPFUGTCSA-N
cholesterol-ester-13-docose	CCCCCCCC/C=C\CCCCCCCCCCCC(=O)O[C@H]1CC[C@@]2(C)C(=CC[C@@H]3[C@@H]2CC[C@@]2(C)[C@H]3CC[C@@H]2[C@H](C)CCCC(C)C)C1	SQHUGNAFKZZXOT-QXAJUEOOSA-N
cholesterol-ester-15-tetra	CCCCCCCCCCCCCCCCCC/C=C\CCCC(=O)O[C@H]1CC[C@@]2(C)C(=CC[C@@H]3[C@@H]2CC[C@@]2(C)[C@H]3CC[C@@H]2[C@H](C)CCCC(C)C)C1	XLEGDTNGSMQNCH-QFMUNDRCSA-N
cholesterol-ester-5,8,11,14,17-eico	CC/C=C\C/C=C\C/C=C\C/C=C\C/C=C\CCCC(=O)O[C@H]1CC[C@@]2(C)C(=CC[C@@H]3[C@@H]2CC[C@@]2(C)[C@H]3CC[C@@H]2[C@H](C)CCCC(C)C)C1	XZFUGMCJZFRBKF-BDJFIEMMSA-N
cholesterol-ester-7,10,13,16,19-docosa	CC/C=C\C/C=C\C/C=C\C/C=C\C/C=C\CCCCCC(=O)O[C@H]1CC[C@@]2(C)C(=CC[C@@H]3[C@@H]2CC[C@@]2(C)[C@H]3CC[C@@H]2[C@H](C)CCCC(C)C)C1	XOLZNHXNFMEUGA-DCDLNIKOSA-N
cholesterol-ester-9-tetrade	CCCC/C=C\CCCCCCCC(=O)O[C@H]1CC[C@@]2(C)C(=CC[C@@H]3[C@@H]2CC[C@@]2(C)[C@H]3CC[C@@H]2[C@H](C)CCCC(C)C)C1	LAMGDJMPDNVWTB-BJZZQDJASA-N
cholesterol-ester-dihomo-gamma	CCCCC/C=C\C/C=C\C/C=C\CCCCCCC(=O)O[C@H]1CC[C@@]2(C)C(=CC[C@@H]3[C@@H]2CC[C@@]2(C)[C@H]3CC[C@@H]2[C@H](C)CCCC(C)C)C1	MLPRJPSMAFZPLA-BBFGHUFCSA-N
cholesterol-ester-docosa	CCCCCCCCCCCCCCCCCCCCCC(=O)O[C@H]1CC[C@@]2(C)C(=CC[C@@H]3[C@@H]2CC[C@@]2(C)[C@H]3CC[C@@H]2[C@H](C)CCCC(C)C)C1	WBOQXYUYHINMOC-FTAWAYKBSA-N
cholesterol-ester-eico	CCCCCCCCCCCCCCCCCCCC(=O)O[C@H]1CC[C@@]2(C)C(=CC[C@@H]3[C@@H]2CC[C@@]2(C)[C@H]3CC[C@@H]2[C@H](C)CCCC(C)C)C1	SUOVMGLZSOAHJY-JREUTYQLSA-N
cholesterol-ester-hepta	CCCCCCCCCCCCCCCCC(=O)O[C@H]1CC[C@@]2(C)C(=CC[C@@H]3[C@@H]2CC[C@@]2(C)[C@H]3CC[C@@H]2[C@H](C)CCCC(C)C)C1	PPQNZVDOBYGOLY-BFGJSWSOSA-N
cholesterol-ester-laur	CCCCCCCCCCCC(=O)O[C@H]1CC[C@@]2(C)C(=CC[C@@H]3[C@@H]2CC[C@@]2(C)[C@H]3CC[C@@H]2[C@H](C)CCCC(C)C)C1	RMLFYKFCGMSLTB-ZBDFTZOCSA-N
cholesterol-ester-lin	CCCCC/C=C\C/C=C\CCCCCCCC(=O)O[C@H]1CC[C@@]2(C)C(=CC[C@@H]3[C@@H]2CC[C@@]2(C)[C@H]3CC[C@@H]2[C@H](C)CCCC(C)C)C1	NAACPBBQTFFYQB-LJAITQKLSA-N
cholesterol-ester-linolen	CC/C=C\C/C=C\C/C=C\CCCCCCCC(=O)OC1CC[C@@]2(C)C(=CC[C@@H]3[C@@H]2CC[C@@]2(C)[C@H]3CC[C@@H]2[C@H](C)CCCC(C)C)C1	FYMCIBHUFSIWCE-JFEYJFDZSA-N
cholesterol-ester-nanode	CCCCCCCCCCCCCCCCCCC(=O)O[C@H]1CC[C@@]2(C)C(=CC[C@@H]3[C@@H]2CC[C@@]2(C)[C@H]3CC[C@@H]2[C@H](C)CCCC(C)C)C1	VHYWECIJXTVRSG-TVDLSCFRSA-N
cholesterol-ester-ol	CCCCCCCC/C=C\CCCCCCCC(=O)O[C@H]1CC[C@@]2(C)C(=CC[C@@H]3[C@@H]2CC[C@@]2(C)[C@H]3CC[C@@H]2[C@H](C)CCCC(C)C)C1	RJECHNNFRHZQKU-RMUVNZEASA-N
cholesterol-ester-palm	CCCCCCCCCCCCCCCC(=O)O[C@H]1CC[C@@]2(C)C(=CC[C@@H]3[C@@H]2CC[C@@]2(C)[C@H]3CC[C@@H]2[C@H](C)CCCC(C)C)C1	BBJQPKLGPMQWBU-JADYGXMDSA-N
cholesterol-ester-palmn	CCCCCC/C=C\CCCCCCCC(=O)OC1CC[C@@]2(C)C(=CC[C@@H]3[C@@H]2CC[C@@]2(C)[C@H]3CC[C@@H]2[C@H](C)CCCC(C)C)C1	HODJWNWCVNUPAQ-BYJSCLGISA-N
cholesterol-ester-penta	CCCCCCCCCCCCCCC(=O)O[C@H]1CC[C@@]2(C)C(=CC[C@@H]3[C@@H]2CC[C@@]2(C)[C@H]3CC[C@@H]2[C@H](C)CCCC(C)C)C1	BDBPUUADYAQHAV-VUFYKUQQSA-N
cholesterol-sulfate	CC(C)CCC[C@@H](C)[C@H]1CC[C@H]2[C@@H]3CC=C4C[C@@H](OS(=O)(=O)[O-])CC[C@]4(C)[C@H]3CC[C@@]21C	BHYOQNUELFTYRT-DPAQBDIFSA-M
choline	C[N+](C)(C)CCO	OEYIOHPDSNJKLS-UHFFFAOYSA-N
choloyl-CoA	[H][C@@]12C[C@H](O)CC[C@]1(C)[C@@]1([H])C[C@H](O)[C@@]3(C)[C@@]([H])(CC[C@]3([H])[C@]([H])(C)CCC(=O)SCCNC(=O)CCNC(=O)[C@H](O)C(C)(C)COP(=O)(O)OP(=O)(O)OC[C@H]3O[C@@H](n4cnc5c(N)ncnc54)[C@H](O)[C@@H]3OP(=O)(O)O)[C@]1([H])[C@H](O)C2	ZKWNOTQHFKYUNU-JGCIYWTLSA-N
chondroitin sulfate E (GalNAc4,6diS-GlcA), precursor 3	CC1=NN(C(=C1)N)C2=CC=C(C=C2)Cl	CLORQKXFDBKDCZ-UHFFFAOYSA-N
chondroitin sulfate E (GalNAc4,6diS-GlcA), precursor 5a	C1=CC=C(C=C1)NC(=O)NN	MOCKWYUCPREFCZ-UHFFFAOYSA-N
cimetidine	CN/C(=N/C#N)NCCSCc1nc[nH]c1C	AQIXAKUUQRKLND-UHFFFAOYSA-N
cinnavalininate	Nc1c(C(=O)O)c2nc3c(C(=O)O)cccc3oc-2cc1=O	FSBKJYLVDRVPTK-UHFFFAOYSA-N
cis,cis-3,6-dodecadienoyl-CoA	CCCCC/C=C\C/C=C\CC(=O)SCCNC(=O)CCNC(=O)[C@H](O)C(C)(C)COP(=O)(O)OP(=O)(O)OC[C@H]1O[C@@H](n2cnc3c(N)ncnc32)[C@H](O)[C@@H]1OP(=O)(O)O	KEPSPLQXVPROMK-ASJCJLDXSA-N
cis,cis-myristo-5,8-dienoyl-CoA	CCCCCC=CCC=CCCCC(=O)SCCNC(=O)CCNC(=O)C(C(C)(C)COP(=O)(O)OP(=O)(O)OCC1C(C(C(O1)N2C=NC3=C(N=CN=C32)N)O)OP(=O)(O)O)O	MJBZUCVXTFUVFY-MURFETPASA-N
cis-(3S)-hydroxytetradec-7-enoyl-CoA	CCCCCCC=CCCCC(CC(=O)SCCNC(=O)CCNC(=O)C(C(C)(C)COP(=O)([O-])OP(=O)([O-])OCC1C(C(C(O1)N2C=NC3=C(N=CN=C32)N)O)OP(=O)([O-])[O-])O)O	WGCARZJTIJIWSL-JCJYIPITSA-J
cis-2-hydroxycinnamate	O=C([O-])/C=C\c1ccccc1O	PMOWTIHVNWZYFI-WAYWQWQTSA-M
cis-2-methyl-5-isopropylhexa-2,5-dienoyl-CoA	CC(C)C(=C)CC=C(C)C(=O)SCCNC(=O)CCNC(=O)C(C(C)(C)COP(=O)(O)OP(=O)(O)OCC1C(C(C(O1)N2C=NC3=C(N=CN=C32)N)O)OP(=O)(O)O)O	MPYXOYHSKAAPLW-WYTKASLMSA-N
cis-aconitate	O=C(O)/C=C(/CC(=O)O)C(=O)O	GTZCVFVGUGFEME-IWQZZHSRSA-N
cis-beta-D-glucosyl-2-hydroxycinnamate	O=C([O-])/C=C\c1ccccc1O[C@@H]1O[C@H](CO)[C@@H](O)[C@H](O)[C@H]1O	GVRIYIMNJGULCZ-QLFWQTQQSA-M
cis-cetoleic acid	CCCCCCCCCC/C=C\CCCCCCCCCC(=O)O	KJDZDTDNIULJBE-QXMHVHEDSA-N
cis-erucic acid	CCCCCCCC/C=C\CCCCCCCCCCCC(=O)[O-]	DPUOLQHDNGRHBS-KTKRTIGZSA-M
cis-gondoic acid	CCCCCCCC/C=C\CCCCCCCCCC(=O)O	BITHHVVYSMSWAG-KTKRTIGZSA-N
cis-vaccenic acid	CCCCCC/C=C\CCCCCCCCCC(=O)O	UWHZIFQPPBDJPM-FPLPWBNLSA-N
cis-vaccenoyl-CoA	CCCCCC/C=C\CCCCCCCCCC(=O)SCCN=C(O)CCN=C(O)C(O)C(C)(C)COP(=O)(O)OP(=O)(O)OC[C@H]1O[C@@H](n2cnc3c(N)ncnc32)[C@H](O)[C@@H]1OP(=O)(O)O	HEJOXXLSCAQQGQ-NPPGZUNGSA-N
citrate	O=C(O)CC(O)(CC(=O)O)C(=O)O	KRKNYBCHXYNGOX-UHFFFAOYSA-N
citrulline	NC(=O)NCCC[C@H](N)C(=O)O	RHGKLRLOHDJJDR-BYPYZUCNSA-N
cob(I)alamin	[H][C@]12[C@H](CC(N)=O)[C@@]3(C)CCC(=O)NC[C@@H](C)OP(=O)(O)O[C@H]4[C@@H](O)[C@H](O[C@@H]4CO)n4c[n+](c5cc(C)c(C)cc54)[Co-4]456[N]1C3=C(C)C1=[N+]4C(=CC3=[N+]5C(=C(C)C4=[N+]6[C@]2(C)[C@@](C)(CC(N)=O)[C@@H]4CCC(N)=O)[C@@](C)(CC(N)=O)[C@@H]3CCC(N)=O)C(C)(C)[C@@H]1CCC(N)=O	OMAOKVYASDIYQG-DSRCUDDDSA-M
cob(II)alamin	CC1=C2[N+]3=C(C=C4[N+]5=C(C(C)=C6N7[C@@H]8[C@H](CC(N)=O)[C@@]6(C)CCC(=O)NC[C@@H](C)OP(=O)([O-])O[C@@H]6[C@@H](CO)O[C@@H]([C@@H]6O)n6c[n+](c9cc(C)c(C)cc96)[Co-3]753[N+]3=C1[C@@H](CCC(N)=O)[C@](C)(CC(N)=O)[C@]83C)[C@@H](CCC(N)=O)C4(C)C)[C@@H](CCC(N)=O)[C@]2(C)CC(N)=O	ASARMUCNOOHMLO-DSRCUDDDSA-L
cobamide-coenzyme	N*N	
cocaine	[H][C@]12CC[C@]([H])([C@@H](C(=O)OC)[C@@H](OC(=O)c3ccccc3)C1)N2C	ZPUCINDJVBIVPJ-LJISPDSOSA-N
coproporphyrin	CC1=C(CCC(=O)[O-])c2cc3[nH]c(cc4nc(cc5[nH]c(cc1n2)c(CCC(=O)[O-])c5C)C(C)=C4CCC(=O)[O-])c(CCC(=O)[O-])c3C	JWFCYWSMNRLXLX-UJJXFSCMSA-J
coproporphyrin I	CC1=C(CCC(=O)O)c2cc3[nH]c(cc4nc(cc5[nH]c(cc1n2)c(CCC(=O)O)c5C)C(CCC(=O)O)=C4C)c(CCC(=O)O)c3C	VORBHEGMEBOMMB-JRHDEHKPSA-N
coproporphyrinogen	Cc1c2nc(c1CCC(=O)O)Cc1nc(c(CCC(=O)O)c1C)Cc1nc(c(CCC(=O)O)c1C)Cc1nc(c(C)c1CCC(=O)O)C2	NIUVHXTXUXOFEB-UHFFFAOYSA-N
coproporphyrinogen I	Cc1c2[nH]c(c1CCC(=O)[O-])Cc1[nH]c(c(CCC(=O)[O-])c1C)Cc1[nH]c(c(CCC(=O)[O-])c1C)Cc1[nH]c(c(CCC(=O)[O-])c1C)C2	WIUGGJKHYQIGNH-UHFFFAOYSA-J
core 2	*C1O[C@H](CO[C@@H]2O[C@H](CO)[C@@H](O)[C@H](O)[C@H]2NC(C)=O)[C@H](O)[C@H](O[C@@H]2O[C@H](CO)[C@H](O)[C@H](O)[C@H]2O)[C@H]1NC(C)=O	
core 3	*C1O[C@H](CO)[C@H](O)[C@H](O[C@@H]2O[C@H](CO)[C@@H](O)[C@H](O)[C@H]2NC(C)=O)[C@H]1NC(C)=O	
core 4	CC(=O)N[C@H]1[C@@H]([*])O[C@H](CO[C@@H]2O[C@H](CO)[C@@H](O)[C@H](O)[C@H]2NC(C)=O)[C@H](O)[C@@H]1O[C@@H]1O[C@H](CO)[C@@H](O)[C@H](O)[C@H]1NC(C)=O	
core 6	CC(=O)N[C@H]1[C@H](OC[C@H]2O[C@H](OC([*])[C@H](N[*])C([*])=O)[C@H](NC(C)=O)[C@@H](O)[C@H]2O)O[C@H](CO)[C@@H](O)[C@@H]1O	
corticosterone	C[C@]12C[C@H](O)[C@H]3[C@@H](CCC4=CC(=O)CC[C@@]43C)[C@@H]1CC[C@@H]2C(=O)CO	OMFXVFTZEKFJBZ-HJTSIMOOSA-N
cortisol	C[C@]12C[C@H](O)[C@H]3[C@@H](CCC4=CC(=O)CC[C@@]43C)[C@@H]1CC[C@]2(O)C(=O)CO	JYGXADMDTFJGBT-VWUMJDOOSA-N
cortisone	CC12CCC(=O)C=C1CCC3C2C(=O)CC4(C3CCC4(C(=O)CO)O)C	MFYSYFVPBJMHGN-ZPOLXVRWSA-N
coumarin	O=c1ccc2ccccc2o1	ZYGHJZDHTFUPRJ-UHFFFAOYSA-N
creatine	CN(CC(=O)O)C(=N)N	CVSVTCORWBXHQV-UHFFFAOYSA-N
creatine-phosphate	C[N+](CC(=O)O)=C(N)NP(=O)(O)O	RMRKEMHUAGATCC-UHFFFAOYSA-O
creatinine	CN1CC(=O)NC1=N	DDRJAANPRJIHGJ-UHFFFAOYSA-N
crotonyl-CoA	C/C=C/C(=O)SCCNC(=O)CCNC(=O)[C@H](O)C(C)(C)COP(=O)(O)OP(=O)(O)OC[C@H]1O[C@@H](n2cnc3c(N)ncnc32)[C@H](O)[C@@H]1OP(=O)(O)O	KFWWCMJSYSSPSK-PAXLJYGASA-N
cyclic-3-hydroxymelatonin	COc1ccc2c(c1)C1(O)CCN(C(C)=O)C1N2	VADOSKJWFKUPQF-UHFFFAOYSA-N
cyclosporine	CCC1C(=O)N(CC(=O)N(C(C(=O)NC(C(=O)N(C(C(=O)NC(C(=O)NC(C(=O)N(C(C(=O)N(C(C(=O)N(C(C(=O)N(C(C(=O)N1)C(C(C)CC=CC)O)C)C(C)C)C)CC(C)C)C)CC(C)C)C)C)C)CC(C)C)C)C(C)C)CC(C)C)C)C	PMATZTZNYRCHOR-CGLBZJNRSA-N
cys-gly	[NH3+][C@@H](CS)C(=O)NCC(=O)[O-]	ZUKPVRWZDMRIEO-VKHMYHEASA-N
cysteamine	[NH3+]CCS	UFULAYFCSOUIOV-UHFFFAOYSA-O
cysteine	N[C@@H](CS)C(=O)O	XUJNEKJLAYXESH-REOHCLBHSA-N
cystine	[NH3+][C@@H](CSSC[C@H]([NH3+])C(=O)[O-])C(=O)[O-]	LEVWYRKDKASIDU-IMJSIDKUSA-N
cytidine	Nc1ccn([C@@H]2O[C@H](CO)[C@@H](O)[C@H]2O)c(=O)n1	UHDGCWIWMRVCDJ-XVFCMESISA-N
cytochrome-C	CC1=C(CCC(=O)[O-])C2=Cc3c(CCC(=O)[O-])c(C)c4n3[Fe-2]35n6c(c(C)c(C(C)SC[C@H](N[*])C([*])=O)c6=CC6=[N+]3C(=C4)C(C(C)SC[C@H](N[*])C([*])=O)=C6C)=CC1=[N+]25	
cytosine	Nc1cc[nH]c(=O)n1	OPTASPLRGRRNAP-UHFFFAOYSA-N
dADP	Nc1ncnc2c1ncn2[C@H]1C[C@H](O)[C@@H](COP(=O)(O)OP(=O)(O)O)O1	DAEAPNUQQAICNR-RRKCRQDMSA-N
dAMP	Nc1ncnc2c1ncn2[C@H]1C[C@H](O)[C@@H](COP(=O)([O-])[O-])O1	KHWCHTKSEGGWEX-RRKCRQDMSA-L
dATP	Nc1ncnc2c1ncn2[C@H]1C[C@H](O)[C@@H](COP(=O)([O-])OP(=O)([O-])OP(=O)([O-])[O-])O1	SUYVUBYJARFZHO-RRKCRQDMSA-J
dCDP	Nc1ccn([C@H]2C[C@H](O)[C@@H](COP(=O)([O-])OP(=O)([O-])[O-])O2)c(=O)n1	FTDHDKPUHBLBTL-SHYZEUOFSA-K
dCMP	Nc1ccn([C@H]2C[C@H](O)[C@@H](COP(=O)([O-])[O-])O2)c(=O)n1	NCMVOABPESMRCP-SHYZEUOFSA-L
dCTP	Nc1ccn([C@H]2C[C@H](O)[C@@H](COP(=O)([O-])OP(=O)([O-])OP(=O)([O-])[O-])O2)c(=O)n1	RGWHQCVHVJXOKC-SHYZEUOFSA-J
dGDP	Nc1nc2c(ncn2[C@H]2C[C@H](O)[C@@H](COP(=O)([O-])OP(=O)([O-])[O-])O2)c(=O)[nH]1	CIKGWCTVFSRMJU-KVQBGUIXSA-K
dGMP	Nc1nc(=O)c2ncn([C@H]3C[C@H](O)[C@@H](COP(=O)(O)O)O3)c2n1	LTFMZDNNPPEQNG-KVQBGUIXSA-N
dGTP	Nc1nc2c(ncn2[C@H]2C[C@H](O)[C@@H](COP(=O)([O-])OP(=O)([O-])OP(=O)([O-])[O-])O2)c(=O)[nH]1	HAAZLUGHYHWQIW-KVQBGUIXSA-J
dIDP	O=c1[nH]cnc2c1ncn2[C@H]1C[C@H](O)[C@@H](COP(=O)([O-])OP(=O)([O-])[O-])O1	BKUSIKGSPSFQAC-RRKCRQDMSA-K
dIMP	O=c1[nH]cnc2c1ncn2[C@H]1C[C@H](O)[C@@H](COP(=O)([O-])[O-])O1	PHNGFPPXDJJADG-RRKCRQDMSA-L
dITP	O=c1ncnc2c1ncn2[C@H]1C[C@H](O)[C@@H](COP(=O)(O)OP(=O)(O)OP(=O)(O)O)O1	UFJPAQSLHAGEBL-RRKCRQDMSA-N
dTDP	Cc1cn([C@H]2C[C@H](O)[C@@H](COP(=O)([O-])OP(=O)([O-])[O-])O2)c(=O)[nH]c1=O	UJLXYODCHAELLY-XLPZGREQSA-K
dTDP-4-dehydro-6-deoxy-L-mannose	Cc1cn([C@H]2C[C@H](O)[C@@H](COP(=O)(O)OP(=O)(O)OC3O[C@@H](C)C(=O)[C@@H](O)[C@H]3O)O2)c(=O)nc1=O	PSXWNITXWWECNY-WPTIAVDBSA-N
dTDP-6-deoxy-L-mannose	Cc1cn([C@H]2C[C@H](O)[C@@H](COP(=O)(O)OP(=O)(O)OC3O[C@@H](C)[C@H](O)[C@@H](O)[C@H]3O)O2)c(=O)nc1=O	ZOSQFDVXNQFKBY-CZRCVJRHSA-N
dTDP-galactose	Cc1cn([C@H]2C[C@H](O)[C@@H](COP(=O)(O)OP(=O)(O)OC3O[C@H](CO)[C@H](O)[C@H](O)[C@H]3O)O2)c(=O)nc1=O	YSYKRGRSMLTJNL-VXZFDXESSA-N
dTDP-glucose	Cc1cn([C@H]2C[C@H](O)[C@@H](COP(=O)(O)OP(=O)(O)O[C@H]3O[C@H](CO)[C@@H](O)[C@H](O)[C@H]3O)O2)c(=O)nc1=O	YSYKRGRSMLTJNL-URARBOGNSA-N
dTMP	Cc1cn([C@H]2C[C@H](O)[C@@H](COP(=O)([O-])[O-])O2)c(=O)[nH]c1=O	GYOZYWVXFNDGLU-XLPZGREQSA-L
dTTP	Cc1cn([C@H]2C[C@H](O)[C@@H](COP(=O)([O-])OP(=O)([O-])OP(=O)([O-])[O-])O2)c(=O)[nH]c1=O	NHVNXKFIZYSCEB-XLPZGREQSA-J
dUDP	O=c1ccn([C@H]2C[C@H](O)[C@@H](COP(=O)([O-])OP(=O)([O-])[O-])O2)c(=O)[nH]1	QHWZTVCCBMIIKE-SHYZEUOFSA-K
dUMP	O=c1ccn([C@H]2C[C@H](O)[C@@H](COP(=O)([O-])[O-])O2)c(=O)[nH]1	JSRLJPSBLDHEIO-SHYZEUOFSA-L
dUTP	O=c1ccn([C@H]2C[C@H](O)[C@@H](COP(=O)([O-])OP(=O)([O-])OP(=O)([O-])[O-])O2)c(=O)[nH]1	AHCYMLUZIRLXAA-SHYZEUOFSA-J
deamido-NAD	Nc1ncnc2c1ncn2[C@@H]1O[C@H](COP(=O)(O)OP(=O)(O)OC[C@H]2O[C@@H]([n+]3cccc(C(=O)O)c3)[C@H](O)[C@@H]2O)[C@@H](O)[C@H]1O	SENPVEZBRZQVST-HISDBWNOSA-O
debrisoquin	N=C(N)N1CCc2ccccc2C1	JWPGJSVJDAJRLW-UHFFFAOYSA-N
decanal	CCCCCCCCCC=O	KSMVZQYAVGTKIV-UHFFFAOYSA-N
decanoic acid	CCCCCCCCCC(=O)[O-]	GHVNFZFCNZKVNT-UHFFFAOYSA-M
decanoyl-CoA	CCCCCCCCCC(=O)SCCNC(=O)CCNC(=O)[C@H](O)C(C)(C)COP(=O)(O)OP(=O)(O)OC[C@H]1O[C@@H](n2cnc3c(N)ncnc32)[C@H](O)[C@@H]1OP(=O)(O)O	CNKJPHSEFDPYDB-HSJNEKGZSA-N
dehydroalanine	C=C(N)C(=O)O	UQBOJOOOTLPNST-UHFFFAOYSA-N
dehydroascorbic acid	O=C1OC(C(O)CO)C(=O)C1=O	SBJKKFFYIZUCET-UHFFFAOYSA-N
dehydrocholic acid	C[C@H](CCC(=O)[O-])[C@H]1CC[C@H]2[C@@H]3C(=O)C[C@@H]4CC(=O)CC[C@]4(C)[C@H]3CC(=O)[C@@]21C	OHXPGWPVLFPUSM-KLRNGDHRSA-M
dehydrodolichol-diphosphate	CC(C)=CCC/C(C)=C/CC/C(C)=C/CC/C(C)=C\COP(=O)([O-])OP(=O)([O-])[O-]	OINNEUNVOZHBOX-KWBDAJKESA-K
dehydroepiandrosterone	COC[C@H]1OC(=O)/C(=C/N)C2=C(O)C(=O)C3=C([C@H](O)C[C@]4(C)C(=O)CCC34)[C@]21C	QZTDTRQGOXTSEP-HWBHTICISA-N
dehydroepiandrosterone sulfate	[H][C@@]12CC=C3C[C@@H](OS(=O)(=O)O)CC[C@]3(C)[C@@]1([H])CC[C@]1(C)C(=O)CC[C@@]21[H]	CZWCKYRVOZZJNM-USOAJAOKSA-N
dehydrospermidine	[NH3+]CCC/C=[NH+]/CCC[NH3+]	YAVLYBVKPXLZEQ-UXBLZVDNSA-Q
delta-12-prostaglandin J2	CCCCCC(CC=C1C(C=CC1=O)CC=CCCCC(=O)O)O	TUXFWOHFPFBNEJ-GJGHEGAFSA-N
delta1-piperideine-2-carboxylate	O=C([O-])C1=[NH+]CCCC1	GEJXSVNGWOSZPC-UHFFFAOYSA-N
delta2-THA-CoA	CCC=CCC=CCC=CCC=CCC=CCC=CCCC=CC(=O)SCCNC(=O)CCNC(=O)C(C(C)(C)COP(=O)(O)OP(=O)(O)OCC1C(C(C(O1)N2C=NC3=C(N=CN=C32)N)O)OP(=O)(O)O)O	NVOWZIBKQIWTDG-ADUCOSNASA-N
deoxyadenosine	Nc1ncnc2c1ncn2[C@H]1C[C@H](O)[C@@H](CO)O1	OLXZPDWKRNYJJZ-RRKCRQDMSA-N
deoxycholoyl-CoA	C[C@H](CCC(=O)SCCNC(=O)CCNC(=O)[C@H](O)C(C)(C)COP(=O)([O-])OP(=O)([O-])OC[C@H]1O[C@@H](n2cnc3c(N)ncnc32)[C@H](O)[C@@H]1OP(=O)([O-])[O-])[C@H]1CC[C@H]2[C@@H]3CC[C@@H]4C[C@H](O)CC[C@]4(C)[C@H]3C[C@H](O)[C@@]21C	YTGXPYMXYISPEB-SIQRDODDSA-J
deoxycytidine	Nc1ccn([C@H]2C[C@H](O)[C@@H](CO)O2)c(=O)n1	CKTSBUTUHBMZGZ-SHYZEUOFSA-N
deoxyguanosine	Nc1nc2c(ncn2[C@H]2C[C@H](O)[C@@H](CO)O2)c(=O)[nH]1	YKBGVTZYEHREMT-KVQBGUIXSA-N
deoxyhypusine	NCCCCNCCCC[C@H](N)C(=O)O	PGPFBXMCOQNMJO-VIFPVBQESA-N
deoxyinosine	O=c1[nH]cnc2c1ncn2[C@H]1C[C@H](O)[C@@H](CO)O1	VGONTNSXDCQUGY-RRKCRQDMSA-N
deoxyribose	O=CC[C@H](O)[C@H](O)CO	ASJSAQIRZKANQN-CRCLSJGQSA-N
deoxyuridine	O=c1ccn([C@H]2C[C@H](O)[C@@H](CO)O2)c(=O)[nH]1	MXHRCPNRJAMMIM-SHYZEUOFSA-N
dephospho-CoA	CC(C)(COP(=O)(O)OP(=O)(O)OC[C@H]1O[C@@H](n2cnc3c(N)ncnc32)[C@H](O)[C@@H]1O)[C@@H](O)C(=O)NCCC(=O)NCCS	KDTSHFARGAKYJN-IBOSZNHHSA-N
desmosterol	CC(C)=CCC[C@@H](C)[C@H]1CC[C@H]2[C@@H]3CC=C4C[C@@H](O)CC[C@]4(C)[C@H]3CC[C@@]21C	AVSXSVCZWQODGV-DPAQBDIFSA-N
detyrosinated alpha-tubulin	[*][C@H](N)C(=O)N[C@@H]([*])C(=O)O	
dextrin	C(C1C(C(C(C(O1)OC2C(OC(C(C2O)O)OC3C(OC(C(C3O)O)O)CO)CO)O)O)O)O	FYGDTMLNYKFZSV-MRCIVHHJSA-N
dichloroacetate	O=C([O-])C(Cl)Cl	JXTHNDFMNIQAHM-UHFFFAOYSA-M
dichloroacetyl chloride	O=C(Cl)C(Cl)Cl	FBCCMZVIWNDFMO-UHFFFAOYSA-N
digalactosylceramide	C(C1C(C(C(C(O1)N(C2C(C(C(C(O2)CO)O)O)O)C(=O)C(CO)N)O)O)O)O	CXTNKELDSAMJIU-GKOPTVQOSA-N
dihomo-gamma-linolenate	CCCCC/C=C\C/C=C\C/C=C\CCCCCCC(=O)[O-]	HOBAELRKJCKHQD-QNEBEIHSSA-M
dihomo-gamma-linolenoyl-CoA	CCCCC/C=C\C/C=C\C/C=C\CCCCCCC(=O)SCCNC(=O)CCNC(=O)[C@H](O)C(C)(C)COP(=O)(O)OP(=O)(O)OC[C@H]1O[C@@H](n2cnc3c(N)ncnc32)[C@H](O)[C@@H]1OP(=O)(O)O	FJWJALRUNNZIBB-DDQUOPDJSA-N
dihydrobiopterin	CC(C(C1=NC2=C(NC1)N=C(NC2=O)N)O)O	FEMXZDUTFRTWPE-DZSWIPIPSA-N
dihydroceramide pool	CCCCCCCCCCCCCCC[C@@H](O)[C@H](CO)NC([*])=O	
dihydrofolate	Nc1nc2c(c(=O)[nH]1)N=C(CNc1ccc(C(=O)N[C@@H](CCC(=O)[O-])C(=O)[O-])cc1)CN2	OZRNSSUDZOLUSN-LBPRGKRZSA-L
dihydrolipoamide	NC(=O)CCCC[C@@H](S)CCS	VLYUGYAKYZETRF-SSDOTTSWSA-N
dihydrolipoate	O=C(O)CCCCC(S)CCS	IZFHEQBZOYJLPK-UHFFFAOYSA-N
dihydroneopterin	Nc1nc2c(c(=O)[nH]1)N=C([C@H](O)[C@@H](O)CO)CN2	YQIFAMYNGGOTFB-NJGYIYPDSA-N
dihydrothymine	C[C@@H]1CNC(=O)NC1=O	NBAKTGXDIBVZOO-GSVOUGTGSA-N
dimethylallyl-PP	CC(C)=CCOP(=O)([O-])OP(=O)([O-])[O-]	CBIDRCWHNCKSTO-UHFFFAOYSA-K
dimethylamine	C[NH2+]C	ROSDSFDQCJNGOL-UHFFFAOYSA-O
dimethylglycine	C[NH+](C)CC(=O)[O-]	FFDGPVCHZBVARC-UHFFFAOYSA-N
disialylgalactosylgloboside	CC(=O)NC1C(CC(OC1C(C(CO)O)O)(C(=O)O)OCC(C(C(C(C=O)NC(=O)C)OC2C(C(C(C(O2)CO)O)OC3(CC(C(C(O3)C(C(CO)O)O)NC(=O)C)O)C(=O)O)O)O)O)O	SKJCZIMWAATHMG-CZYIXMLQSA-N
dithiothreitol	OC(CS)C(O)CS	VHJLVAABSRFDPM-UHFFFAOYSA-N
docosahexaenoylcarnitine	CC/C=C/C/C=C/C/C=C/C/C=C/C/C=C/C/C=C/CCC(=O)OC(CC(=O)[O-])C[N+](C)(C)C	WLLMYDQRCSWAST-BUHCESQUSA-N
docosanoyl-CoA	CCCCCCCCCCCCCCCCCCCCCC(=O)SCCNC(=O)CCNC(=O)[C@H](O)C(C)(C)COP(=O)(O)OP(=O)(O)OC[C@H]1O[C@@H](n2cnc3c(N)ncnc32)[C@H](O)[C@@H]1OP(=O)(O)O	NDDZLVOCGALPLR-GNSUAQHMSA-N
docosanoylcarnitine	CCCCCCCCCCCCCCCCCCCCCC(=O)OC(CC(=O)[O-])C[N+](C)(C)C	IUMXSSOVGPXXJL-UHFFFAOYSA-N
dodecanal	CCCCCCCCCCCC=O	HFJRKMMYBMWEAD-UHFFFAOYSA-N
dodecanoyl-[ACP]	CCCCCCCCCCCC(=O)S	GEJJECIDFXFUMI-UHFFFAOYSA-N
dodecanoylcarnitine	CCCCCCCCCCCC(=O)OC(CC(=O)[O-])C[N+](C)(C)C	FUJLYHJROOYKRA-QGZVFWFLSA-N
dolichol	CC(C)=CCC/C(C)=C/CC/C(C)=C/CC/C(C)=C\CCC(C)CCO	KLGBTYNAYAZPFD-QOLULZROSA-N
dolichyl-D-glucosyl-phosphate	CC(C)=CCC/C(C)=C/CC/C(C)=C/CC/C(C)=C\CCC(C)CCOP(=O)(O)O[C@@H]1O[C@H](CO)[C@@H](O)[C@H](O)[C@H]1O	AGLXCEGQRIYVRV-DVDHLLHCSA-N
dolichyl-diphosphate	CC(C)=CCC/C(C)=C/CC/C(C)=C/CC/C(C)=C\CCC(C)CCOP(=O)(O)OP(=O)(O)O	MXGLYEVGJRXBTP-QOLULZROSA-N
dolichyl-phosphate	CC(C)=CCC/C(C)=C/CC/C(C)=C/CC/C(C)=C\CCC(C)CCOP(=O)(O)O	GYBNOAFGEKAZTA-QOLULZROSA-N
dolichyl-phosphate-D-mannose	CC(C)=CCC/C(C)=C/CC/C(C)=C/CC/C(C)=C\CCC(C)CCOP(=O)(O)OC1O[C@H](CO)[C@@H](O)[C@H](O)[C@@H]1O	AGLXCEGQRIYVRV-JJMCDSPESA-N
dopachrome-O-semiquinone	C1C(NC2=CC(=C(C=C21)O)O)C(=O)O	JDWYRSDDJVCWPB-ZCFIWIBFSA-N
dopamine	[NH3+]CCc1ccc(O)c(O)c1	VYFYYTLLBUKUHU-UHFFFAOYSA-O
dopamine-3-O-sulfate	NCCc1ccc(O)c(OS(=O)(=O)O)c1	NZKRYJGNYPYXJZ-UHFFFAOYSA-N
dopamine-O-quinone	[NH3+]CCC1=CC(=O)C(=O)C=C1	PQPXZWUZIOASKS-UHFFFAOYSA-O
dopaminochrome	Oc1cc2cc[nH]c2cc1O	SGNZYJXNUURYCH-UHFFFAOYSA-N
dynorphin A-(1-5)	CC(C)C[C@@H](N=C(O)[C@H](Cc1ccccc1)N=C(O)CN=C(O)CN=C(O)[C@H](N)Cc1ccc(O)cc1)C(=O)O	URLZCHNOLZSCCA-XPWALMASSA-N
dynorphin A-(1-8)	CC[C@H](C)[C@H](NC(=O)[C@@H](CCCNC(N)=[NH2+])NC(=O)[C@@H](CCCNC(N)=[NH2+])NC(=O)C(CC(C)C)NC(=O)[C@@H](Cc1ccccc1)NC(=O)CNC(=O)CNC(=O)[C@@H]([NH3+])Cc1ccc(O)cc1)C(=O)[O-]	WRPLGMBDXVBPEG-PUGOIMMUSA-P
dynorphin A-(6-8)	CC[C@@H](C)[C@@H](NC(=O)[C@H](CCCN=C(N)N)NC(=O)[C@H](N)CCCN=C(N)N)C(=O)O	BHSYMWWMVRPCPA-FVCCEPFGSA-N
ebastine	CC(C)(C)c1ccc(C(=O)CCCN2CCC(OC(c3ccccc3)c3ccccc3)CC2)cc1	MJJALKDDGIKVBE-UHFFFAOYSA-N
ecgonine	CN1C2CCC1C(C(C2)O)C(=O)O	PHMBVCPLDPDESM-FKSUSPILSA-N
ecgonine-methyl ester	[H][C@]12CC[C@]([H])([C@@H](C(=O)OC)[C@@H](O)C1)N2C	QIQNNBXHAYSQRY-UYXSQOIJSA-N
edaravone	CC1=NN(c2ccccc2)C(=O)C1	QELUYTUMUWHWMC-UHFFFAOYSA-N
eicosa-(2E,8Z,11Z,14Z,17Z)-pentaenoyl-CoA	CC/C=C\C/C=C\C/C=C\C/C=C\CCCC/C=C/C(=O)SCCNC(=O)CCNC(=O)C(O)C(C)(C)COP(=O)([O-])OP(=O)([O-])OCC1O[C@H](n2cnc3c(N)ncnc32)C(O)C1OP(=O)([O-])[O-]	PTROMSLVPFEIQJ-HHNWVCTFSA-J
eicosadienoylcarnitine	CCCCC/C=C\C/C=C\CCCCCCCCCC(=O)OC(CC(=O)[O-])C[N+](C)(C)C	OLZWDVKTOGTVLC-UTJQPWESSA-N
eicosanoate	CCCCCCCCCCCCCCCCCCCC(=O)[O-]	VKOBVWXKNCXXDE-UHFFFAOYSA-M
eicosanoyl-CoA	CCCCCCCCCCCCCCCCCCCC(=O)SCCNC(=O)CCNC(=O)[C@H](O)C(C)(C)COP(=O)(O)OP(=O)(O)OC[C@H]1O[C@@H](n2cnc3c(N)ncnc32)[C@H](O)[C@@H]1OP(=O)(O)O	JYLSVNBJLYCSSW-IBYUJNRCSA-N
eicosanoylcarnitine	CCCCCCCCCCCCCCCCCCCC(=O)OC(CC(=O)[O-])C[N+](C)(C)C	SVJLJQBGUITFLI-UHFFFAOYSA-N
eicosatrienoylcarnitine	CCCCC/C=C\C/C=C\C/C=C\CCCCCCC(=O)OC(CC(=O)[O-])C[N+](C)(C)C	RDIZZXFTCZPSRY-YOILPLPUSA-N
elaidate	CCCCCCCC/C=C/CCCCCCCC(=O)[O-]	ZQPPMHVWECSIRJ-MDZDMXLPSA-M
epsilon-(gamma-L-Glutamyl)-L-lysine	[NH3+][C@@H](CCCCNC(=O)CC[C@H]([NH3+])C(=O)[O-])C(=O)[O-]	JPKNLFVGUZRHOB-YUMQZZPRSA-N
erythrose-4-phosphate	O=C[C@H](O)[C@H](O)COP(=O)([O-])[O-]	NGHMDNPXVRFFGS-IUYQGCFVSA-L
estradiol-17beta	C[C@]12CC[C@@H]3c4ccc(O)cc4CC[C@H]3[C@@H]1CC[C@@H]2O	VOXZDWNPVJITMN-ZBRFXRBCSA-N
estradiol-17beta 3-glucuronide	[H][C@@]12CCc3cc(O[C@@H]4O[C@H](C(=O)O)[C@@H](O)[C@H](O)[C@H]4O)ccc3[C@@]1([H])CC[C@]1(C)[C@@H](O)CC[C@@]21[H]	MUOHJTRCBBDUOW-QXYWQCSFSA-N
estriol	C[C@]12CC[C@@H]3c4ccc(O)cc4CC[C@H]3[C@@H]1C[C@@H](O)[C@@H]2O	PROQIPRRNZUXQM-ZXXIGWHRSA-N
estrone	C[C@]12CC[C@@H]3c4ccc(O)cc4CC[C@H]3[C@@H]1CCC2=O	DNXHEGUUPJUMQT-CBZIJGRNSA-N
estrone 3-sulfate	[H][C@@]12CCC(=O)[C@@]1(C)CC[C@]1([H])c3ccc(OS(=O)(=O)O)cc3CC[C@@]21[H]	JKKFKPJIXZFSSB-CBZIJGRNSA-N
estrone-2,3-quinone	CC12CCC3C(C1CCC2=O)CCC4=CC(=O)C(=O)C=C34	WFPLOQDPWXNOST-JPVZDGGYSA-N
estrone-3,4-quinone	CC12CCC3C(C1CCC2=O)CCC4=C3C=CC(=O)C4=O	REMSDZFYMQQJFD-PEDDLLMLSA-N
estrone-glucuronide	[H][C@@]12CCC(=O)[C@@]1(C)CC[C@]1([H])c3ccc(O[C@@H]4O[C@H](C(=O)O)[C@@H](O)[C@H](O)[C@H]4O)cc3CC[C@@]21[H]	FJAZVHYPASAQKM-JBAURARKSA-N
ethanol	CCO	LFQSCWFLJHTTHZ-UHFFFAOYSA-N
ethanolamine	[NH3+]CCO	HZAXFHJVJLSVMW-UHFFFAOYSA-O
ethanolamine-phosphate	[NH3+]CCOP(=O)([O-])[O-]	SUHOOTKUPISOBE-UHFFFAOYSA-M
etiocholan-3alpha-ol-17-one 3-glucuronide	C[C@]12CC[C@H]3[C@@H](CC[C@@H]4C[C@H](O[C@@H]5O[C@H](C(=O)O)[C@@H](O)[C@H](O)[C@H]5O)CC[C@]34C)[C@@H]1CCC2=O	VFUIRAVTUVCQTF-SDHZCXLISA-N
etiocholanolone	C[C@]12CC[C@H]3[C@@H](CC[C@@H]4C[C@H](O)CC[C@]34C)[C@@H]1CCC2=O	QGXBDMJGAMFCBF-BNSUEQOYSA-N
farnesyl-PP	CC(C)=CCC/C(C)=C/CC/C(C)=C/COP(=O)(O)OP(=O)(O)O	VWFJDQUYCIWHTN-YFVJMOTDSA-N
farnesylcysteine	CC(C)=CCC/C(C)=C/CC/C(C)=C/CSC[C@H]([NH3+])C(=O)[O-]	SYSLNQMKLROGCL-BCYUYYMPSA-N
fatty acid pool	[*]C(=O)O	
fatty acid-LD-PC pool (liver tissue)	[*]C(=O)O	
fatty acid-LD-PE pool (liver tissue)	[*]C(=O)O	
fatty acid-LD-PI pool (liver tissue)	[*]C(=O)O	
fatty acid-LD-PS pool (liver tissue)	[*]C(=O)O	
fatty acid-LD-SM pool (liver tissue)	[*]C(=O)O	
fatty acid-LD-TG1 pool (liver tissue)	[*]C(=O)O	
fatty acid-LD-TG2 pool (liver tissue)	[*]C(=O)O	
fatty acid-LD-TG3 pool (liver tissue)	[*]C(=O)O	
fatty acid-VLDL pool	[*]C(=O)O	
fatty acid-uptake pool	[*]C(=O)O	
fibrinogen	C(C(C(C(C(CO)O)O)O)O)O	FBPFZTCFMRRESA-UHFFFAOYSA-N
fluvastatin	CC(C)N1C2=CC=CC=C2C(=C1C=CC(CC(CC(=O)O)O)O)C3=CC=C(C=C3)F	FJLGEFLZQAZZCD-JUFISIKESA-N
fn2m2masn	CC(=O)N[C@H]1[C@H](O[C@@H]2[C@@H](OC[C@H]3O[C@@H](O[C@@H]4[C@@H](CO)O[C@@H](O[C@@H]5[C@@H](CO[C@@H]6O[C@@H](C)[C@@H](O)[C@@H](O)[C@@H]6O)O[C@@H](NC(=O)C[C@H](N)C(=O)O)[C@H](NC(C)=O)[C@H]5O)[C@H](NC(C)=O)[C@H]4O)[C@@H](O)[C@@H](O[C@H]4O[C@H](CO)[C@@H](O)[C@H](O)[C@@H]4O[C@@H]4O[C@H](CO)[C@@H](O)[C@H](O)[C@H]4NC(C)=O)[C@@H]3O)O[C@H](CO)[C@@H](O)[C@@H]2O)O[C@H](CO)[C@@H](O)[C@@H]1O	ZIOILIBSCHTXHY-XXTOJQTLSA-N
folate	Nc1nc2ncc(CNc3ccc(C(=O)N[C@@H](CCC(=O)[O-])C(=O)[O-])cc3)nc2c(=O)[nH]1	OVBPIULPVIDEAO-LBPRGKRZSA-L
formaldehyde	C=O	WSFSSNUMVMOOMR-UHFFFAOYSA-N
formamidopyrimidine nucleoside triphosphate	C(C1C(C(C(O1)NC2=C(C(=O)NC(=N2)N)NC=O)O)O)OP(=O)(O)OP(=O)(O)OP(=O)(O)O	NDXMRXXKCCKQQV-UUOKFMHZSA-N
formate	O=C[O-]	BDAGIHXWWSANSR-UHFFFAOYSA-M
formyl-5-hydroxykynurenamine	NCCC(=O)c1cc(O)ccc1NC=O	CKAXPTWYSHDIBN-UHFFFAOYSA-N
formyl-CoA	[H]C(=O)SCCNC(=O)CCNC(=O)[C@H](O)C(C)(C)COP(=O)(O)OP(=O)(O)OC[C@H]1O[C@@H](n2cnc3c(N)ncnc32)[C@H](O)[C@@H]1OP(=O)(O)O	SXMOKYXNAPLNCW-GORZOVPNSA-N
formyl-N-acetyl-5-methoxykynurenamine	CC(=O)NCCC(=O)C1=C(C=CC(=C1)OC)NC=O	JYWNYMJKURVPFH-UHFFFAOYSA-N
formylanthranilate	O=CNc1ccccc1C(=O)[O-]	LLLPDUXGHXIXIW-UHFFFAOYSA-M
formylglutathione	N[C@@H](CCC(=O)N[C@@H](CSC=O)C(=O)NCC(=O)O)C(=O)O	FHXAGOICBFGEBF-BQBZGAKWSA-N
fructose	OC[C@H]1O[C@](O)(CO)[C@@H](O)[C@@H]1O	RFSUNEUAIZKAJO-ARQDHWQXSA-N
fructose-1,6-bisphosphate	O=C(COP(=O)(O)O)[C@@H](O)[C@H](O)[C@H](O)COP(=O)(O)O	XPYBSIWDXQFNMH-UYFOZJQFSA-N
fructose-1-phosphate	O=C(COP(=O)(O)O)[C@@H](O)[C@H](O)[C@H](O)CO	ZKLLSNQJRLJIGT-UYFOZJQFSA-N
fructose-2,6-bisphosphate	O=P(O)(O)OC[C@H]1O[C@@](CO)(OP(=O)(O)O)[C@@H](O)[C@@H]1O	YXWOAJXNVLXPMU-ZXXMMSQZSA-N
fructose-3-phosphate	C(C(C(C(C(=O)CO)OP(=O)(O)O)O)O)O	NFKVQPCCMLVBGQ-UYFOZJQFSA-N
fructose-6-phosphate	O=C(CO)[C@@H](O)[C@H](O)[C@H](O)COP(=O)(O)O	GSXOAOHZAIYLCY-HSUXUTPPSA-N
fructoseglycine	O=C(O)CNCC(=O)[C@@H](O)[C@H](O)[C@H](O)CO	YGUYJMQMTNJNFS-LPBLVHEISA-N
fructoseglycine-ketone-3-phosphate	N[C@H](CC(=O)[C@@H](OP(=O)([O-])O)[C@H](O)[C@@H](O)CO)C(=O)[O-]	UHXLZGRCSYVONF-VYNVVFCLSA-L
fructoselysine-3-phosphate	[NH3+][C@H](CCCC[NH2+]CC(=O)[C@H](OP(=O)([O-])[O-])[C@@H](O)[C@H](O)CO)C(=O)[O-]	OXAQHBGIHTYFQQ-SNXWAXQRSA-M
fuc-Lc4Cer	CCCCCCCCCCCCCC=CC(C(COC1C(C(C(C(O1)CO)OC2C(C(C(C(O2)CO)O)OC3C(C(C(C(O3)CO)OC4C(C(C(C(O4)C)O)O)O)OC5C(C(C(C(O5)CO)O)O)O)NC(=O)C)O)O)O)NC=O)O	MFMNPSDSYIHMQM-DQMKXLFVSA-N
fucfucgalacglc13galacglcgal14acglcgalgluside heparan sulfate	CCCCCCCCCCCCC/C=C/[C@@H](O)[C@H](CO[C@@H]1O[C@H](CO)[C@@H](O[C@@H]2O[C@H](CO)[C@H](O)[C@H](O[C@@H]3O[C@H](CO)[C@@H](O[C@@H]4O[C@H](CO[C@@H]5O[C@H](CO)[C@@H](O[C@@H]6O[C@H](CO)[C@H](O)[C@H](O)[C@H]6O[C@@H]6O[C@@H](C)[C@@H](O)[C@@H](O)[C@@H]6O)[C@H](O)[C@H]5NC(C)=O)[C@H](O)[C@H](O[C@@H]5O[C@H](CO)[C@@H](O[C@@H]6O[C@H](CO)[C@H](O)[C@H](O)[C@H]6O[C@@H]6O[C@@H](C)[C@@H](O)[C@@H](O)[C@@H]6O)[C@H](O)[C@H]5NC(C)=O)[C@H]4O)[C@H](O)[C@H]3NC(C)=O)[C@H]2O)[C@H](O)[C@H]1O)NC([*])=O	
fucfucgalacglcgal14acglcgalgluside heparan sulfate	CCCCCCCCCCCCC/C=C/[C@@H](O)[C@H](CO[C@@H]1O[C@H](CO)[C@@H](O[C@@H]2O[C@H](CO)[C@H](O)[C@H](O[C@@H]3O[C@H](CO)[C@@H](O[C@@H]4O[C@@H](C)[C@@H](O)[C@@H](O)[C@@H]4O)[C@H](O[C@@H]4O[C@H](CO)[C@H](O)[C@H](O[C@H]5O[C@H](CO)[C@H](O)[C@H](O)[C@H]5O)[C@H]4O[C@@H]4O[C@@H](C)[C@@H](O)[C@@H](O)[C@@H]4O)[C@H]3NC(C)=O)[C@H]2O)[C@H](O)[C@H]1O)NC([*])=O	
fucfucgalacglcgalacglcgal14acglcgalgluside heparan sulfate	CCCCCCCCCCCCC/C=C/[C@@H](O)[C@H](CO[C@@H]1O[C@H](CO)[C@@H](O[C@@H]2O[C@H](CO)[C@H](O)[C@H](O[C@@H]3O[C@H](CO)[C@@H](O[C@@H]4O[C@H](CO[C@@H]5O[C@H](CO)[C@@H](O[C@@H]6O[C@H](CO)[C@H](O)[C@H](O)[C@H]6O[C@@H]6O[C@@H](C)[C@@H](O)[C@@H](O)[C@@H]6O)[C@H](O)[C@H]5NC(C)=O)[C@H](O)[C@H](O[C@@H]5O[C@H](CO)[C@@H](O[C@@H]6O[C@H](CO)[C@H](O)[C@H](O)[C@H]6O[C@@H]6O[C@@H](C)[C@@H](O)[C@@H](O)[C@@H]6O)[C@H](O)[C@H]5NC(C)=O)[C@H]4O)[C@H](O)[C@H]3NC(C)=O)[C@H]2O)[C@H](O)[C@H]1O)NC([*])=O	
fucgalfucgalacglcgalgluside heparan sulfate	CCCCCCCCCCCCC/C=C/[C@@H](O)[C@H](CO[C@@H]1O[C@H](CO)[C@@H](O[C@@H]2O[C@H](CO)[C@H](O)[C@H](O[C@@H]3O[C@H](CO)[C@@H](O[C@@H]4O[C@@H](C)[C@@H](O)[C@@H](O)[C@@H]4O)[C@H](O[C@@H]4O[C@H](CO)[C@H](O)[C@H](O[C@H]5O[C@H](CO)[C@H](O)[C@H](O)[C@H]5O)[C@H]4O[C@@H]4O[C@@H](C)[C@@H](O)[C@@H](O)[C@@H]4O)[C@H]3NC(C)=O)[C@H]2O)[C@H](O)[C@H]1O)NC([*])=O	
fumarate	O=C(O)/C=C/C(=O)O	VZCYOOQTPOCHFL-OWOJBTEDSA-N
fumarylacetoacetate	O=C(O)/C=C/C(=O)CC(=O)CC(=O)O	GACSIVHAIFQKTC-OWOJBTEDSA-N
gal-glcnac-gal-globoside	CCCCCCCCCCCCC/C=C/[C@@H](O)[C@H](CO[C@@H]1O[C@H](CO)[C@@H](O[C@@H]2O[C@H](CO)[C@H](O)[C@H](O[C@@H]3O[C@H](CO)[C@@H](O[C@@H]4O[C@H](CO[C@@H]5O[C@H](CO)[C@@H](O[C@@H]6O[C@H](CO)[C@H](O)[C@H](O)[C@H]6O)[C@H](O)[C@H]5NC(C)=O)[C@H](O)[C@H](O[C@@H]5O[C@H](CO)[C@@H](O[C@@H]6O[C@H](CO)[C@H](O)[C@H](O)[C@H]6O)[C@H](O)[C@H]5NC(C)=O)[C@H]4O)[C@H](O)[C@H]3NC(C)=O)[C@H]2O)[C@H](O)[C@H]1O)NC([*])=O	
galactitol	OC[C@H](O)[C@@H](O)[C@@H](O)[C@H](O)CO	FBPFZTCFMRRESA-GUCUJZIJSA-N
galactose	OC[C@H]1O[C@@H](O)[C@H](O)[C@@H](O)[C@H]1O	WQZGKKKJIJFFOK-FPRJBGLDSA-N
galactose-1-phosphate	C(C1C(C(C(C(O1)OP(=O)(O)O)O)O)O)O	HXXFSFRBOHSIMQ-FPRJBGLDSA-N
galactosylgloboside	CCCCCCCCCCCCCC=CC(C(COC1C(C(C(C(O1)CO)OC2C(C(C(C(O2)CO)OC3C(C(C(C(O3)CO)O)OC4C(C(C(C(O4)CO)O)OC5C(C(C(C(O5)CO)O)O)O)NC(=O)C)O)O)O)O)O)NC=O)O	SKVWSNOLUIYQFD-YQUYJWMZSA-N
galactosylglycerol	OC[C@@H](O)CO[C@@H]1O[C@H](CO)[C@H](O)[C@H](O)[C@H]1O	NHJUPBDCSOGIKX-NTXXKDEISA-N
galfuc12gal14acglcgalgluside heparan sulfate	CCCCCCCCCCCCC/C=C/[C@@H](O)[C@H](CO[C@@H]1O[C@H](CO)[C@@H](O[C@@H]2O[C@H](CO)[C@H](O)[C@H](O[C@@H]3O[C@H](CO)[C@@H](O)[C@H](O[C@@H]4O[C@H](CO)[C@H](O)[C@H](O[C@H]5O[C@H](CO)[C@H](O)[C@H](O)[C@H]5O)[C@H]4O[C@@H]4O[C@@H](C)[C@@H](O)[C@@H](O)[C@@H]4O)[C@H]3NC(C)=O)[C@H]2O)[C@H](O)[C@H]1O)NC([*])=O	
gamma-CEHC-glucuronide	Cc1c([O-])cc2c(c1C)OC(C)(CCC(=O)O[C@H]1O[C@@H](C(=O)O)[C@@H](O)[C@@H](O)[C@H]1O)CC2	WUOKWMDSDKXAQY-PKENLYCVSA-M
gamma-L-glutamyl-L-alanine	C[C@H](NC(=O)CC[C@@H]([NH3+])C(=O)[O-])C(=O)[O-]	WQXXXVRAFAKQJM-CRCLSJGQSA-M
gamma-L-glutamyl-L-alpha-aminobutyrate	CC[C@@H](N=C([O-])CC[C@@H](N)C(=O)O)C(=O)O	FUZOZPRKGAXGOB-PHDIDXHHSA-M
gamma-butyrobetaine	C[N+](C)(C)CCCC(=O)[O-]	JHPNVNIEXXLNTR-UHFFFAOYSA-N
gamma-carboxyethyl-hydroxychroman	CC(C1CC(OC2=CC=CC=C12)O)C(=O)O	VHLRILFJKNCXJV-UHFFFAOYSA-N
gamma-glutamyl-3-aminopropiononitrile	C(CNC(=O)CCC(C(=O)O)N)C#N	VQPVVWAFTIFKDD-LURJTMIESA-N
gamma-glutamyl-beta-cyanoalanine	N#CC[C@H](NC(=O)CC[C@H](N)C(=O)O)C(=O)O	QUAADUAOVLZBJM-WDSKDSINSA-N
gamma-glutamyl-cysteine	N[C@@H](CCC(=O)N[C@@H](CS)C(=O)O)C(=O)O	RITKHVBHSGLULN-WHFBIAKZSA-N
gamma-glutamylglutathione	N[C@H](CCC([O-])=N[C@H](CCC([O-])=N[C@H](CS)C(O)=NCC(=O)O)C(=O)O)C(=O)O	OGLXGJROORSDLD-IWSPIJDZSA-L
gamma-hydroxy-3-pyridinebutanoate	O=C(O)CCC(O)c1cccnc1	STZOZPPVGWNSMC-UHFFFAOYSA-N
gamma-linolenate	CCCCC/C=C\C/C=C\C/C=C\CCCCC(=O)[O-]	VZCCETWTMQHEPK-QNEBEIHSSA-M
gamma-linolenoyl-CoA	CCCCC/C=C\C/C=C\C/C=C\CCCCC(=O)SCCNC(=O)CCNC(=O)[C@H](O)C(C)(C)COP(=O)(O)OP(=O)(O)OC[C@H]1O[C@@H](n2cnc3c(N)ncnc32)[C@H](O)[C@@H]1OP(=O)(O)O	XZQYPTBYQYZGRU-FHDVEODPSA-N
gamma-linolenoylcarnitine	CCCCC/C=C\C/C=C\C/C=C\CCCCC(=O)O[C@@H](CCC(=O)[O-])[N+](C)(C)C	VDPMHVILMVSAQX-BAHSRKMSSA-N
gamma-tocopherol	CC1=C(C=C2CCC(OC2=C1C)(C)CCCC(C)CCCC(C)CCCC(C)C)O	QUEDXNHFTDJVIY-DQCZWYHMSA-N
gamma-tocopheroxyl-radical	CC1=C(C)C(=O)C=C2CCC(C)(CCC[C@@H](C)CCC[C@@H](C)CCCC(C)C)O[C]21	LBDXFUVWQHFODO-OHCBOFHFSA-N
gamma-tocopheryl-quinone	CC1=C(C)C(=O)C(CC[C@@](C)(O)CCC[C@@H](C)CCC[C@@H](C)CCCC(C)C)=CC1=O	XEXGHDCZBILZDD-VPYPWEPUSA-N
gamma-tocotrienol	CC(C)=CCC/C(C)=C/CC/C(C)=C/CC[C@]1(C)CCc2cc(O)c(C)c(C)c2O1	OTXNTMVVOOBZCV-WAZJVIJMSA-N
gentisate aldehyde	O=Cc1cc(O)ccc1O	CLFRCXCBWIQVRN-UHFFFAOYSA-N
geranyl-PP	CC(C)=CCC/C(C)=C/COP(=O)([O-])OP(=O)([O-])[O-]	GVVPGTZRZFNKDS-JXMROGBWSA-K
globo-H	CCCCCCCCCCCCC/C=C/[C@@H](O)[C@H](CO[C@@H]1O[C@H](CO)[C@@H](O[C@@H]2O[C@H](CO)[C@H](O[C@H]3O[C@H](CO)[C@H](O)[C@H](O[C@@H]4O[C@H](CO)[C@H](O)[C@H](O[C@@H]5O[C@H](CO)[C@H](O)[C@H](O)[C@H]5O[C@H]5O[C@@H](C)[C@@H](O)[C@@H](O)[C@@H]5O)[C@H]4NC(C)=O)[C@H]3O)[C@H](O)[C@H]2O)[C@H](O)[C@H]1O)NC([*])=O	MGSDFCKWGHNUSM-QVPNGJTFSA-N
globoside	CCCCCCCCCCCCC/C=C/[C@@H](O)[C@H](CO[C@@H]1O[C@H](CO)[C@@H](O[C@@H]2O[C@H](CO)[C@H](O[C@H]3O[C@H](CO)[C@H](O)[C@H](O[C@@H]4O[C@H](CO)[C@H](O)[C@H](O)[C@H]4NC(C)=O)[C@H]3O)[C@H](O)[C@H]2O)[C@H](O)[C@H]1O)NC([*])=O	
globotriaosylceramide	CCCCCCCCCCCCCC=C[C@@H](O)[C@H](CO[C@@H]1O[C@H](CO)[C@@H](O[C@@H]2O[C@H](CO)[C@H](O[C@H]3O[C@H](CO)[C@H](O)[C@H](O)[C@H]3O)[C@H](O)[C@H]2O)[C@H](O)[C@H]1O)NC([*])=O	HFQKBOPMAOTAIR-TZSVBWBLSA-N
glucono-1,5-lactone-6-phosphate	O=C1O[C@H](COP(=O)(O)O)[C@@H](O)[C@H](O)[C@H]1O	IJOJIVNDFQSGAB-SQOUGZDYSA-N
glucosamine		MSWZFWKMSRAUBD-IVMDWMLBSA-N
glucosamine-6-phosphate	N[C@@H]1[C@@H](O)[C@H](O)[C@@H](COP(=O)(O)O)O[C@@H]1O	XHMJOUIAFHJHBW-UKFBFLRUSA-N
glucose	OC[C@H]1OC(O)[C@H](O)[C@@H](O)[C@@H]1O	WQZGKKKJIJFFOK-GASJEMHNSA-N
glucose-1,6-bisphosphate	O=C[C@H](OP(=O)([O-])[O-])[C@@H](O)[C@H](O)[C@H](O)COP(=O)([O-])[O-]	ZJHWKVNJCGZAFV-JGWLITMVSA-J
glucose-1-phosphate	O=P(O)(O)OC1O[C@H](CO)[C@@H](O)[C@H](O)[C@H]1O	HXXFSFRBOHSIMQ-GASJEMHNSA-N
glucose-6-phosphate	O=P(O)(O)OC[C@H]1OC(O)[C@H](O)[C@@H](O)[C@@H]1O	NBSCHQHZLSJFNQ-GASJEMHNSA-N
glucosylceramide pool	CCCCCCCCCCCCCC=C[C@@H](O)[C@H](COC1O[C@H](CO)[C@@H](O)[C@H](O)[C@H]1O)NC([*])=O	
glucuronate	O=C(O)[C@H]1O[C@H](O)[C@H](O)[C@@H](O)[C@@H]1O	AEMOLEFTQBMNLQ-WAXACMCWSA-N
glutamate	N[C@@H](CCC(=O)O)C(=O)O	WHUUTDBJXJRKMK-VKHMYHEASA-N
glutamine	NC(=O)CC[C@H]([NH3+])C(=O)[O-]	ZDXPYRJPNDTMRX-VKHMYHEASA-N
glutamyl-5-phosphate	[NH3+][C@@H](CCC(=O)OP(=O)([O-])[O-])C(=O)[O-]	PJRXVIJAERNUIP-VKHMYHEASA-L
glutaryl-CoA	CC(C)(COP(=O)(O)OP(=O)(O)OC[C@H]1O[C@@H](n2cnc3c(N)ncnc32)[C@H](O)[C@@H]1OP(=O)(O)O)[C@@H](O)C(=O)NCCC(=O)NCCSC(=O)CCCC(=O)O	SYKWLIJQEHRDNH-CKRMAKSASA-N
glutathione episulfonium ion	C1C[S+]1CC(C(=O)NCC(=O)O)NC(=O)CCC(C(=O)O)N	PWVNIRRYQGQWMG-YUMQZZPRSA-O
glutathionyl-3-hydroxykynurenine glucoside	C1=CC(=C(C(=C1)OC2C(C(C(C(O2)CO)O)O)O)N)C(=O)CC(C(=O)O)SCC(C(=O)NCC(=O)O)NC(=O)CCC(C(=O)O)N	MUWBOANXAOJPLO-ROWCEFMGSA-N
glyceraldehyde	O=C[C@H](O)CO	MNQZXJOMYWMBOU-VKHMYHEASA-N
glycerate	O=C(O)[C@H](O)CO	RBNPOMFGQQGHHO-UWTATZPHSA-N
glycerol	OCC(O)CO	PEDCQBHIVMGVHV-UHFFFAOYSA-N
glycerone	O=C(CO)CO	RXKJFZQQPQGTFL-UHFFFAOYSA-N
glycinamide	NCC(N)=O	BEBCJVAWIBVWNZ-UHFFFAOYSA-N
glycine	[NH3+]CC(=O)[O-]	DHMQDGOQFOQNFH-UHFFFAOYSA-N
glycochenodeoxycholate	[H][C@@]12C[C@H](O)CC[C@]1(C)[C@@]1([H])CC[C@@]3(C)[C@@]([H])(CC[C@]3([H])[C@H](C)CCC(=O)NCC(=O)O)[C@]1([H])[C@H](O)C2	GHCZAUBVMUEKKP-GYPHWSFCSA-N
glycocholate	C[C@H](CCC(=O)NCC(=O)[O-])[C@H]1CC[C@H]2[C@H]3[C@H](C[C@H](O)[C@@]21C)[C@@]1(C)CC[C@@H](O)C[C@H]1C[C@H]3O	RFDAIACWWDREDC-FRVQLJSFSA-M
glycodeoxycholate	[H][C@]12CC[C@]3([H])[C@]([H])(C[C@H](O)[C@@]4(C)[C@@]3([H])CC[C@]4([H])[C@H](C)CCC(=O)NCC(=O)O)[C@@]1(C)CC[C@@H](O)C2	WVULKSPCQVQLCU-BUXLTGKBSA-N
glycogen		BYSGBSNPRWKUQH-UJDJLXLFSA-N
glycohyocholic acid	[H][C@@]12CC[C@]([H])([C@H](C)CCC(=O)NCC(=O)[O-])[C@@]1(C)CC[C@]1([H])[C@@]3(C)CC[C@@H](O)C[C@@]3([H])[C@@H](O)[C@@H](O)[C@@]21[H]	ZQYUKJFJPJDMMR-ZDWCHQGWSA-M
glycolaldehyde	O=CCO	WGCNASOHLSPBMP-UHFFFAOYSA-N
glycolate	O=C([O-])CO	AEMRFAOFKBGASW-UHFFFAOYSA-M
glycolithocholate	[H][C@]12CC[C@]3([H])[C@]([H])(CC[C@@]4(C)[C@@]3([H])CC[C@]4([H])[C@H](C)CCC(=O)NCC(=O)O)[C@@]1(C)CC[C@@H](O)C2	XBSQTYHEGZTYJE-OETIFKLTSA-N
glycoprotein-N-acetyl-D-glucosaminyl-phospho-D-mannose	CC(=O)N[C@H]1[C@@H](OP(=O)(O)OC[C@H]2O[C@H](O[*])[C@@H](O)[C@@H](O)[C@@H]2O)O[C@H](CO)[C@@H](O)[C@@H]1O	
glycoprotein-phospho-D-mannose	C(C(C(C(C(C=O)O)O)O)O)O	GZCGUPFRVQAUEE-KVTDHHQDSA-N
glycoursodeoxycholate	C[C@H](CCC(=O)NCC(=O)O)[C@H]1CC[C@H]2[C@@H]3[C@@H](O)C[C@@H]4C[C@H](O)CC[C@]4(C)[C@H]3CC[C@@]21C	GHCZAUBVMUEKKP-XROMFQGDSA-N
glycylpeptide	[*]C(NC(=O)C([*])NC(=O)CN)C(=O)O	XKUKSGPZAADMRA-UHFFFAOYSA-N
glyoxalate	O=CC(=O)[O-]	HHLFWLYXYJOTON-UHFFFAOYSA-M
guanidine	NC(N)=[NH2+]	ZRALSGWEFCBTJO-UHFFFAOYSA-O
guanidinoacetate	N=C(N)NCC(=O)O	BPMFZUMJYQTVII-UHFFFAOYSA-N
guanine	Nc1nc2[nH]cnc2c(=O)[nH]1	UYTPUPDQBNUYGX-UHFFFAOYSA-N
guanosine	Nc1nc2c(ncn2[C@@H]2O[C@H](CO)[C@@H](O)[C@H]2O)c(=O)[nH]1	NYHBQMYGNKIUIF-UUOKFMHZSA-N
heme	C=CC1=C(C)C2=Cc3c(C=C)c(C)c4n3[Fe-2]35n6c(c(C)c(CCC(=O)[O-])c6=CC6=[N+]3C(=C4)C(C)=C6CCC(=O)[O-])=CC1=[N+]25	KABFMIBPWCXCRK-RGGAHWMASA-J
heneicosanoic acid	CCCCCCCCCCCCCCCCCCCCC(=O)O	CKDDRHZIAZRDBW-UHFFFAOYSA-N
heneicosanoyl-CoA	CCCCCCCCCCCCCCCCCCCCC(=O)SCCNC(=O)CCNC(=O)C(C(C)(C)COP(=O)(O)OP(=O)(O)OCC1C(C(C(O1)N2C=NC3=C(N=CN=C32)N)O)OP(=O)(O)O)O	XMBMBMSJLOFTBI-LDIUYDAISA-N
heparan sulfate, free chain	CO[C@H]1O[C@H](COS(=O)(=O)[O-])[C@@H](O[C@@H]2O[C@@H](C(=O)[O-])[C@@H](O[*])[C@H](O)[C@H]2OS(=O)(=O)[O-])[C@H](O)[C@H]1NS(=O)(=O)[O-]	
hepoxilin A3	CCCCC/C=C\C[C@@H]1O[C@@H]1/C=C/C(O)C/C=C\CCCC(=O)O	SGTUOBURCVMACZ-CIQDQOFUSA-N
hepoxilin B3	CCCCCC=CCC1C(O1)C(C=CCC=CCCCC(=O)O)O	DWNBPRRXEVJMPO-RNGYDEEPSA-N
heptadecanoyl-CoA	CCCCCCCCCCCCCCCCC(=O)SCCNC(=O)CCNC(=O)C(C(C)(C)COP(=O)(O)OP(=O)(O)OCC1C(C(C(O1)N2C=NC3=C(N=CN=C32)N)O)OP(=O)(O)O)O	DRABUZIHHACUPI-DUPKZGIXSA-N
heptadecanoylcarnitine	CCCCCCCCCCCCCCCCC(=O)OC(CC(=O)[O-])C[N+](C)(C)C	DWSFAVOTORHAAL-UHFFFAOYSA-N
heptaglutamyl-folate(DHF)	Nc1nc([O-])c2c(n1)NCC(CNc1ccc(C(=O)N(C(=O)CCC(N)C(=O)[O-])[C@](C(=O)CCC(N)C(=O)[O-])(C(=O)OC(=O)CCC(N)C(=O)[O-])C(C(=O)CCC(N)C(=O)[O-])(C(=O)CCC(N)C(=O)[O-])C(C(=O)[O-])C(=O)CCC(N)C(=O)[O-])cc1)=N2	MYPJVZYUVBQIMO-KWIHAHBVSA-F
heptaglutamyl-folate(THF)	Nc1nc([O-])c2c(n1)NCC(CNc1ccc(C(=O)N(C(=O)CCC(N)C(=O)[O-])[C@](C(=O)CCC(N)C(=O)[O-])(C(=O)OC(=O)CCC(N)C(=O)[O-])C(C(=O)CCC(N)C(=O)[O-])(C(=O)CCC(N)C(=O)[O-])C(C(=O)[O-])C(=O)CCC(N)C(=O)[O-])cc1)N2	PQFWSESYSPPDNH-PGDGYYRGSA-F
heptanal	CCCCCCC=O	FXHGMKSSBGDXIY-UHFFFAOYSA-N
heptanoyl-CoA	CCCCCCC(=O)SCCNC(=O)CCNC(=O)[C@H](O)C(C)(C)COP(=O)(O)OP(=O)(O)OC[C@H]1O[C@@H](n2cnc3c(N)ncnc32)[C@H](O)[C@@H]1OP(=O)(O)O	CHVYGJMBUXUTSX-SVHODSNWSA-N
heptylic acid	CCCCCCC(=O)[O-]	MNWFXJYAOYHMED-UHFFFAOYSA-M
hexacosanoyl-CoA	CCCCCCCCCCCCCCCCCCCCCCCCCC(=O)SCCNC(=O)CCNC(=O)C(C(C)(C)COP(=O)(O)OP(=O)(O)OCC1C(C(C(O1)N2C=NC3=C(N=CN=C32)N)O)OP(=O)(O)O)O	FHLYYFPJDVYWQH-CPIGOPAHSA-N
hexacosanoylcarnitine	CCCCCCCCCCCCCCCCCCCCCCCCCC(=O)OC(CC(=O)[O-])C[N+](C)(C)C	KOCKWDDTAHPJSX-UHFFFAOYSA-N
hexadecanal	CCCCCCCCCCCCCCCC=O	NIOYUNMRJMEDGI-UHFFFAOYSA-N
hexadecanol	CCCCCCCCCCCCCCCCO	BXWNKGSJHAJOGX-UHFFFAOYSA-N
hexadecenal	CCCCCCCCCCCCCC=CC=O	KLJFYXOVGVXZKT-CCEZHUSRSA-N
hexadecenoylcarnitine(9)	CCCCCCCCCCCCC/C=C/C(=O)OC(CC(=O)[O-])C[N+](C)(C)C	SOYNLLDADLOGAM-ISLYRVAYSA-N
hexaglutamyl-folate(DHF)	Nc1nc([O-])c2c(n1)NCC(CNc1ccc(C(=O)N(C(=O)CCC(N)C(=O)[O-])[C@](C(=O)CCC(N)C(=O)[O-])(C(=O)OC(=O)CCC(N)C(=O)[O-])C(CC(=O)[O-])(C(=O)CCC(N)C(=O)[O-])C(=O)CCC(N)C(=O)[O-])cc1)=N2	KFFKTBMOFSDZOP-XPZKFFRXSA-G
hexaglutamyl-folate(THF)	Nc1nc([O-])c2c(n1)NCC(CNc1ccc(C(=O)N(C(=O)CCC(N)C(=O)[O-])[C@](C(=O)CCC(N)C(=O)[O-])(C(=O)OC(=O)CCC(N)C(=O)[O-])C(CC(=O)[O-])(C(=O)CCC(N)C(=O)[O-])C(=O)CCC(N)C(=O)[O-])cc1)N2	RHFQTNBPRPNTAS-IHGOVTEFSA-G
hexanal	CCCCCC=O	JARKCYVAAOWBJS-UHFFFAOYSA-N
hexanoic acid	CCCCCC(=O)[O-]	FUZZWVXGSFPDMH-UHFFFAOYSA-M
hexanoyl-CoA	CCCCCC(=O)SCCNC(=O)CCNC(=O)[C@H](O)C(C)(C)COP(=O)(O)OP(=O)(O)OC[C@H]1O[C@@H](n2cnc3c(N)ncnc32)[C@H](O)[C@@H]1OP(=O)(O)O	OEXFMSFODMQEPE-HDRQGHTBSA-N
hippurate	O=C([O-])CNC(=O)c1ccccc1	QIAFMBKCNZACKA-UHFFFAOYSA-M
histamine	[NH3+]CCc1c[nH]cn1	NTYJJOPFIAHURM-UHFFFAOYSA-O
histidine	N[C@@H](Cc1cncn1)C(=O)O	HNDVDQJCIGZPNO-YFKPBYRVSA-N
histone-N6-acetyl-L-lysine	CC(=O)NCCCC[C@H](NC([*])=O)C(=O)N[*]	
histone-N6-methyl-L-lysine	CNCCCC[C@H](NC([*])=O)C(=O)N[*]	
homocarnosine	[NH3+]CCCC(=O)N[C@@H](Cc1c[nH]cn1)C(=O)[O-]	CCLQKVKJOGVQLU-QMMMGPOBSA-N
homocysteine	[NH3+][C@@H](CCS)C(=O)[O-]	FFFHZYDWPBMWHY-VKHMYHEASA-N
homocysteine-thiolactone	C1CSC(=O)C1N	KIWQWJKWBHZMDT-UHFFFAOYSA-N
homogentisate	O=C([O-])Cc1cc(O)ccc1O	IGMNYECMUMZDDF-UHFFFAOYSA-M
homoserine	[NH3+][C@@H](CCO)C(=O)[O-]	UKAUYVFTDYCKQA-VKHMYHEASA-N
homovanillate	COc1cc(CC(=O)[O-])ccc1O	QRMZSPFSDQBLIX-UHFFFAOYSA-M
hordenine	CN(C)CCc1ccc(O)cc1	KUBCEEMXQZUPDQ-UHFFFAOYSA-N
hyaluronan biosynthesis, precursor 1	CC(=O)N[C@@H]1[C@@H](O[C@@H]2OC(C(=O)O)=C[C@H](O)[C@H]2O)[C@H](O)[C@@H](CO)O[C@H]1O	DLGJWSVWTWEWBJ-UCFDOFRFSA-N
hyaluronate	CC(=O)N[C@H]1[C@H](O[C@@H]2[C@@H](C(=O)O)O[C@@H](O[*])[C@H](O)[C@H]2O)O[C@H](CO)[C@@H](O)[C@@H]1O[*]	
hydracrylate	O=C([O-])CCO	ALRHLSYJTWAHJZ-UHFFFAOYSA-M
hydrobromic acid	[H]Br	CPELXLSAUQHCOX-UHFFFAOYSA-N
hydrogen-cyanide	C#N	LELOWRISYMNNSU-UHFFFAOYSA-N
hydroiodic acid	[H]I	XMBWDFGMSWQBCA-UHFFFAOYSA-N
hydroquinone	Oc1ccc(O)cc1	QIGBRXMKCJKVMJ-UHFFFAOYSA-N
hydroxide	[H][O-]	XLYOFNOQVPJJNP-UHFFFAOYSA-M
hydroxyacetone	CC(=O)CO	XLSMFKSTNGKWQX-UHFFFAOYSA-N
hydroxyl radical	[OH]	TUJKJAMUKRIRHC-UHFFFAOYSA-N
hydroxylated-ebastine	CC(C)(CO)c1ccc(C(=O)CCCN2CCC(OC(c3ccccc3)c3ccccc3)CC2)cc1	UDZUMQUGNZBRMN-UHFFFAOYSA-N
hydroxymethylbilane	O=C([O-])CCc1c[nH]c(Cc2[nH]c(Cc3[nH]c(Cc4[nH]c(CO)c(CC(=O)[O-])c4CCC(=O)[O-])c(CC(=O)[O-])c3CCC(=O)[O-])c(CC(=O)[O-])c2CCC(=O)[O-])c1CC(=O)[O-]	WDFJYRZCZIUBPR-UHFFFAOYSA-F
hydroxymethylglutathione	N[C@@H](CCC(=O)N[C@@H](CSCO)C(=O)NCC(=O)O)C(=O)O	PIUSLWSYOYFRFR-BQBZGAKWSA-N
hydroxypyruvate	O=C([O-])C(=O)CO	HHDDCCUIIUWNGJ-UHFFFAOYSA-M
hyodeoxycholate	CC(CCC(=O)[O-])C1CCC2C1(CCC3C2CC(C4C3(CCC(C4)O)C)O)C	DGABKXLVXPYZII-SIBKNCMHSA-M
hypochlorite	[O-]Cl	WQYVRQLZKVEZGA-UHFFFAOYSA-N
hypotaurine	[NH3+]CCS(=O)[O-]	VVIUBCNYACGLLV-UHFFFAOYSA-N
hypothiocyanite	N#CSO	ZCZCOXLLICTZAH-UHFFFAOYSA-N
hypoxanthine	O=c1[nH]cnc2nc[nH]c12	FDGQSTZJBFJUBT-UHFFFAOYSA-N
ibuprofen acyl glucuronide	CC(C)CC1=CC=C(C=C1)C(C)C(=O)OC2C(C(C(C(O2)C(=O)O)O)O)O	ABOLXXZAJIAUGR-JPMMFUSZSA-N
imidazole-4-acetaldehyde	O=CCc1c[nH]cn1	MQSRGWNVEZRLDK-UHFFFAOYSA-N
imidazole-4-acetate	O=C(O)Cc1cncn1	PRJKNHOMHKJCEJ-UHFFFAOYSA-N
indole-3-acetaldehyde	O=CCc1c[nH]c2ccccc12	WHOOUMGHGSPMGR-UHFFFAOYSA-N
indole-5,6-quinone	O=C1C=c2cc[nH]c2=CC1=O	IGGVVGHJSQSLFO-UHFFFAOYSA-N
indoleacetate	O=C([O-])Cc1c[nH]c2ccccc12	SEOVTRFCIGRIMH-UHFFFAOYSA-M
inosine	OC[C@H]1O[C@@H](n2cnc3c(O)ncnc32)[C@H](O)[C@@H]1O	UGQMRVRMYYASKQ-KQYNXXCUSA-N
inositol	O[C@H]1[C@H](O)[C@@H](O)[C@H](O)[C@@H](O)[C@H]1O	CDAISMWEOUEBRE-GPIVLXJGSA-N
inositol-1,3-bisphosphate	O=P(O)(O)O[C@@H]1[C@H](O)[C@H](OP(=O)(O)O)[C@@H](O)[C@H](O)[C@H]1O	PUVHMWJJTITUGO-FICORBCRSA-N
inositol-1-phosphate	O=P(O)(O)O[C@@H]1[C@H](O)[C@H](O)[C@@H](O)[C@H](O)[C@H]1O	INAPMGSXUVUWAF-UOTPTPDRSA-N
insulin-(SS)	CC[C@H](C)[C@H](NC(=O)CN)C(=O)N[C@H](C(=O)N[C@@H](CCC(=O)O)C(=O)N[C@@H](CCC(N)=O)C(=O)N[C@H]1CSSC[C@@H]2NC(=O)[C@H]([C@@H](C)CC)NC(=O)[C@H](CO)NC(=O)[C@H]([C@@H](C)O)NC(=O)[C@H](CSSC[C@H](NC(=O)[C@H](CC(C)C)NC(=O)[C@H](Cc3c[nH]cn3)NC(=O)[C@H](CCC(N)=O)NC(=O)[C@H](CC(N)=O)NC(=O)[C@@H](NC(=O)[C@@H](N)Cc3ccccc3)C(C)C)C(=O)NCC(=O)N[C@@H](CO)C(=O)N[C@@H](Cc3c[nH]cn3)C(=O)N[C@@H](CC(C)C)C(=O)N[C@@H](C(C)C)C(=O)N[C@@H](CCC(=O)O)C(=O)N[C@@H](C)C(=O)N[C@@H](CC(C)C)C(=O)N[C@@H](Cc3ccc(O)cc3)C(=O)N[C@@H](CC(C)C)C(=O)N[C@@H](C(C)C)C(=O)N[C@H](C(=O)NCC(=O)N[C@@H](CCC(=O)O)C(=O)N[C@@H](CCCNC(=N)N)C(=O)NCC(=O)N[C@@H](Cc3ccccc3)C(=O)N[C@@H](Cc3ccccc3)C(=O)N[C@@H](Cc3ccc(O)cc3)C(=O)N[C@H](C(=O)N3CCC[C@H]3C(=O)N[C@@H](CCCCN)C(=O)N[C@H](C(=O)O)[C@@H](C)O)[C@@H](C)O)CSSC[C@@H](C(=O)N[C@@H](CC(N)=O)C(=O)O)NC(=O)[C@H](Cc3ccc(O)cc3)NC(=O)[C@H](CC(N)=O)NC(=O)[C@H](CCC(=O)O)NC(=O)[C@H](CC(C)C)NC(=O)[C@H](CCC(N)=O)NC(=O)[C@H](Cc3ccc(O)cc3)NC(=O)[C@H](CC(C)C)NC(=O)[C@H](CO)NC2=O)NC1=O)C(C)C	PBGKTOXHQIOBKM-FHFVDXKLSA-N
iodide	[I-]	XMBWDFGMSWQBCA-UHFFFAOYSA-M
iodine	II	PNDPGZBMCMUPRI-UHFFFAOYSA-N
iso-A2E(11-cis)	CC1=C(/C=C/C(C)=C/C=C\c2cc[n+](CCO)c(/C=C(C)/C=C/C=C(C)/C=C/C3=C(C)CCCC3(C)C)c2)C(C)(C)CCC1	WPWFMRDPTDEJJA-CAODKSCQSA-N
iso-A2E(13-cis)	CC1=C(/C=C/C(C)=C/C=C/C(C)=C\c2cc(/C=C/C=C(C)/C=C/C3=C(C)CCCC3(C)C)cc[n+]2CCO)C(C)(C)CCC1	WPWFMRDPTDEJJA-HYQJUSHRSA-N
iso-A2E(9,13-di-cis)	CC1=C(/C=C/C(C)=C\C=C\c2cc[n+](CCO)c(/C=C(C)\C=C\C=C(C)\C=C\C3=C(C)CCCC3(C)C)c2)C(C)(C)CCC1	WPWFMRDPTDEJJA-SNUNIRQRSA-N
iso-A2E(9-cis)	CC1=C(C=C/C(C)=C\C=Cc2cc[n+](CCO)c(/C=C(C)/C=C/C=C(\C)C=CC3=C(C)CCCC3(C)C)c2)C(C)(C)CCC1	WPWFMRDPTDEJJA-AUFVBXNPSA-N
iso-nLc8Cer	CC(C)c1ccc(N)cc1	LRTFPLFDLJYEKT-UHFFFAOYSA-N
isobutyryl-CoA	CC(C)C(=O)SCCNC(=O)CCNC(=O)[C@H](O)C(C)(C)COP(=O)(O)OP(=O)(O)OC[C@H]1O[C@@H](n2cnc3c(N)ncnc32)[C@H](O)[C@@H]1OP(=O)(O)O	AEWHYWSPVRZHCT-NDZSKPAWSA-N
isobutyrylglycine	CC(C)C(=O)NCC(=O)O	DCICDMMXFIELDF-UHFFFAOYSA-N
isocaproic-aldehyde	CC(C)CCC=O	JGEGJYXHCFUMJF-UHFFFAOYSA-N
isocitrate	O=C([O-])C[C@H](C(=O)[O-])[C@@H](O)C(=O)[O-]	ODBLHEXUDAPZAU-ZAFYKAAXSA-K
isoleucine	CC[C@H](C)[C@H](N)C(=O)O	AGPKZVBTJJNPAG-WHFBIAKZSA-N
isomaltose	OC[C@H]1O[C@H](OC[C@H]2OC(O)[C@H](O)[C@@H](O)[C@@H]2O)[C@H](O)[C@@H](O)[C@@H]1O	DLRVVLDZNNYCBX-RTPHMHGBSA-N
isopentenyl-pPP	C=C(C)CCOP(=O)([O-])OP(=O)([O-])[O-]	NUHSROFQTUXZQQ-UHFFFAOYSA-K
isoputreanine	NCCCNCCCC(=O)O	JUBNBYBUFCFLHB-UHFFFAOYSA-N
isovaleryl-CoA	CC(C)CC(=O)SCCNC(=O)CCNC(=O)[C@H](O)C(C)(C)COP(=O)(O)OP(=O)(O)OC[C@H]1O[C@@H](n2cnc3c(N)ncnc32)[C@H](O)[C@@H]1OP(=O)(O)O	UYVZIWWBJMYRCD-ZMHDXICWSA-N
isovalerylglycine	CC(C)CC(=O)NCC(=O)O	ZRQXMKMBBMNNQC-UHFFFAOYSA-N
itaconate	C=C(CC(=O)[O-])C(=O)[O-]	LVHBHZANLOWSRM-UHFFFAOYSA-L
itaconyl-CoA	C=C(CC(=O)SCCNC(=O)CCNC(=O)[C@H](O)C(C)(C)COP(=O)(O)OP(=O)(O)OC[C@H]1O[C@@H](n2cnc3c(N)ncnc32)[C@H](O)[C@@H]1OP(=O)(O)O)C(=O)O	NFVGYLGSSJPRKW-CITAKDKDSA-N
keratan sulfate I	CCCCOC1=C(C=CC(=C1)CC2CNC(=O)N2)OC	PDMUULPVBYQBBK-UHFFFAOYSA-N
kinetensin	CC[C@H](C)[C@H]([NH3+])C(=O)N[C@H](C)C(=O)N[C@@H](CCCNC(N)=[NH2+])C(=O)N[C@H](CCCNC(N)=[NH2+])C(=O)N[C@@H](Cc1cnc[nH]1)C(=O)N1CCC[C@H]1C(=O)N[C@@H](Cc1ccc(O)cc1)C(=O)N[C@H](Cc1ccccc1)C(=O)N[C@H](CC(C)C)C(=O)[O-]	PANUJGMSOSQAAY-HAGIGRARSA-P
kinetensin 1-3	CC[C@H](C)[C@H](N)C(=O)N[C@@H](C)C(=O)N[C@@H](CCCN=C(N)N)C(=O)O	JXUGDUWBMKIJDC-NAKRPEOUSA-N
kinetensin 1-7	CCC(C)C(C(=O)NC(C)C(=O)NC(CCCN=C(N)N)C(=O)NC(CCCN=C(N)N)C(=O)NC(CC1=CN=CN1)C(=O)N2CCCC2C(=O)NC(CC3=CC=C(C=C3)O)C(=O)O)N	QMQIVQMAYCBWNH-BKRGGBFWSA-N
kinetensin 1-8	CCC(C)C(C(=O)NC(C)C(=O)NC(CCCN=C(N)N)C(=O)NC(CCCN=C(N)N)C(=O)NC(CC1=CN=CN1)C(=O)N2CCCC2C(=O)NC(CC3=CC=C(C=C3)O)C(=O)NC(CC4=CC=CC=C4)C(=O)O)N	KLNGALQMFAURPH-NOQNJSOHSA-N
kinetensin 4-8	N=C(N)NCCC[C@H](N)C(=O)N[C@@H](Cc1c[nH]cn1)C(=O)N1CCC[C@H]1C(=O)N[C@@H](Cc1ccc(O)cc1)C(=O)N[C@@H](Cc1ccccc1)C(=O)O	CCANVONJZOLPKG-ZIUUJSQJSA-N
kynurenine	Nc1ccccc1C(=O)C[C@H](N)C(=O)O	YGPSJZOEDVAXAB-QMMMGPOBSA-N
lactaldehyde	CC(O)C=O	BSABBBMNWQWLLU-UHFFFAOYSA-N
lactoneotetraosylceramide	CCCCCCCCCCCCC/C=C/[C@@H](O)[C@H](CO[C@@H]1O[C@H](CO)[C@@H](O[C@@H]2O[C@H](CO)[C@H](O)[C@H](O[C@@H]3O[C@H](CO)[C@@H](O[C@@H]4O[C@H](CO)[C@H](O)[C@H](O)[C@H]4O)[C@H](O)[C@H]3NC(C)=O)[C@H]2O)[C@H](O)[C@H]1O)NC([*])=O	
lactose	OC[C@H]1O[C@H](O)[C@H](O)[C@@H](O)[C@@H]1O[C@@H]1O[C@H](CO)[C@H](O)[C@H](O)[C@H]1O	GUBGYTABKSRVRQ-XLOQQCSPSA-N
lactosylceramide sulfate	CCCCCCCCCCCCCC=CC(C(COC1C(C(C(C(O1)CO)OC2C(C(C(C(O2)CO)O)OS(=O)(=O)O)O)O)O)NC=O)O	HBNVEILWEODLBN-UPLTZJEUSA-N
lanosterol	CC(C)=CCC[C@@H](C)[C@H]1CC[C@@]2(C)C3=C(CC[C@]12C)[C@@]1(C)CC[C@H](O)C(C)(C)[C@@H]1CC3	CAHGCLMLTWQZNJ-BQNIITSRSA-N
lathosterol	CC(C)CCC[C@@H](C)[C@H]1CC[C@H]2C3=CC[C@H]4C[C@@H](O)CC[C@]4(C)[C@H]3CC[C@@]21C	IZVFFXVYBHFIHY-SKCNUYALSA-N
lauric acid	CCCCCCCCCCCC(=O)[O-]	POULHZVOKOAJMA-UHFFFAOYSA-M
lauroyl-CoA	CCCCCCCCCCCC(=O)SCCNC(=O)CCNC(=O)[C@H](O)C(C)(C)COP(=O)(O)OP(=O)(O)OC[C@H]1O[C@@H](n2cnc3c(N)ncnc32)[C@H](O)[C@@H]1OP(=O)(O)O	YMCXGHLSVALICC-GMHMEAMDSA-N
lc3Cer	CCCCCCCCCCCCC/C=C/[C@@H](O)[C@H](CO[C@@H]1O[C@H](CO)[C@@H](O[C@@H]2O[C@H](CO)[C@H](O)[C@H](O[C@@H]3O[C@H](CO)[C@@H](O)[C@H](O)[C@H]3NC(C)=O)[C@H]2O)[C@H](O)[C@H]1O)NC([*])=O	IZUGJFIVXAZJFA-OTHRLYQNSA-N
lc4Cer	CCCCCCCCCCCCC/C=C/[C@@H](O)[C@H](CO[C@@H]1O[C@H](CO)[C@@H](O[C@@H]2O[C@H](CO)[C@H](O)[C@H](O[C@@H]3O[C@H](CO)[C@@H](O)[C@H](O[C@@H]4O[C@H](CO)[C@H](O)[C@H](O)[C@H]4O)[C@H]3NC(C)=O)[C@H]2O)[C@H](O)[C@H]1O)NC([*])=O	
lepidimoide	CC1C(C(C(C(O1)O)OC2C(C(C=C(O2)C(=O)[O-])O)O)O)O.[Na+]	ZGUYXYAGTSSIIA-DUQBLKLASA-M
leucine	CC(C)C[C@H](N)C(=O)O	ROHFNLRQFUQHCH-YFKPBYRVSA-N
leukoaminochrome	C1CNC2=CC(=C(C=C21)O)O	VGSVNUGKHOVSPK-UHFFFAOYSA-N
leukotriene A4	CCCCC/C=C\C/C=C\C=C\C=C\[C@@H]1O[C@H]1CCCC(=O)O	UFPQIRYSPUYQHK-WAQVJNLQSA-N
leukotriene A5	CC/C=C\C/C=C\C/C=C\C=C\C=C\[C@@H]1O[C@H]1CCCC(=O)[O-]	UPGVTUHMXWZYBQ-LVSGIGABSA-M
leukotriene B4	CCCCC/C=C\C[C@@H](O)/C=C/C=C/C=C\[C@@H](O)CCCC(=O)[O-]	VNYSSYRCGWBHLG-AMOLWHMGSA-M
leukotriene B5	CC/C=C\C/C=C\C[C@@H](O)/C=C/C=C/C=C\[C@@H](O)CCCC(=O)O	BISQPGCQOHLHQK-HDNPQISLSA-N
leukotriene C4	CCCCC/C=C\C/C=C\C=C\C=C\[C@@H](SC[C@H](NC(=O)CC[C@H](N)C(=O)O)C(=O)NCC(=O)O)[C@@H](O)CCCC(=O)O	GWNVDXQDILPJIG-NXOLIXFESA-N
leukotriene C5	CCC=CCC=CCC=CC=CC=CC(C(CCCC(=O)O)O)SCC(C(=O)NCC(=O)O)NC(=O)CCC(C(=O)O)N	OSBTVMNXIHRFGN-KERZFGRDSA-N
leukotriene D5	CC/C=C\C/C=C\C/C=C\C=C\C=C\[C@H](SC[C@H](N)C(=O)NCC(=O)O)[C@H](O)CCCC(=O)O	RWLDHKGRPLNPBN-DSJHTHEWSA-N
leukotriene E4	CCCCC/C=C\C/C=C\C=C\C=C\[C@@H](SC[C@H]([NH3+])C(=O)[O-])[C@@H](O)CCCC(=O)[O-]	OTZRAYGBFWZKMX-FRFVZSDQSA-M
leukotriene F4	CCCCC/C=C\C/C=C\C=C\C=C\[C@@H](SC[C@H](NC(=O)CC[C@H](N)C(=O)O)C(=O)O)[C@@H](O)CCCC(=O)O	PYSODLWHFWCFLV-VJBFNVCUSA-N
lignocerate	CCCCCCCCCCCCCCCCCCCCCCCC(=O)[O-]	QZZGJDVWLFXDLK-UHFFFAOYSA-M
limonene	C=C(C)[C@@H]1CC=C(C)CC1	XMGQYMWWDOXHJM-SNVBAGLBSA-N
linoleate	CCCCC/C=C\C/C=C\CCCCCCCC(=O)O	OYHQOLUKZRVURQ-HZJYTTRNSA-N
linoleic-carnitine	CCCCC/C=C\C/C=C\CCCCCCCC(=O)O[C@H](CC(=O)[O-])C[N+](C)(C)C	MJLXQSQYKZWZCB-DQFWFXSYSA-N
linolenate	CC/C=C\C/C=C\C/C=C\CCCCCCCC(=O)O	DTOSIQBPPRVQHS-PDBXOOCHSA-N
linolenoyl-CoA	CC/C=C\C/C=C\C/C=C\CCCCCCCC(=O)SCCNC(=O)CCNC(=O)[C@H](O)C(C)(C)COP(=O)(O)OP(=O)(O)OC[C@H]1O[C@@H](n2cnc3c(N)ncnc32)[C@H](O)[C@@H]1OP(=O)(O)O	OMKFKBGZHNJNEX-PQBHNYBOSA-N
linoleoyl-CoA	CCCCC/C=C\C/C=C\CCCCCCCC(=O)SCCNC(=O)CCNC(=O)[C@H](O)C(C)(C)COP(=O)(O)OP(=O)(O)OC[C@H]1O[C@@H](n2cnc3c(N)ncnc32)[C@H](O)[C@@H]1OP(=O)(O)O	YECLLIMZHNYFCK-RRNJGNTNSA-N
lipoamide	NC(=O)CCCC[C@@H]1CCSS1	FCCDDURTIIUXBY-SSDOTTSWSA-N
lipoic acid	O=C(O)CCCC[C@@H]1CCSS1	AGBQKNBQESQNJD-SSDOTTSWSA-N
lipoxin A4	CCCCC[C@H](O)/C=C/C=C\C=C\C=C\[C@@H](O)[C@@H](O)CCCC(=O)[O-]	IXAQOQZEOGMIQS-SSQFXEBMSA-M
lipoxin B4	CCCCC[C@H](O)[C@H](O)/C=C/C=C/C=C\C=C\[C@@H](O)CCCC(=O)O	UXVRTOKOJOMENI-WLPVFMORSA-N
lipoyllysine	N[C@H](CCCCNC(=O)CCCCC1CCSS1)C(=O)O	COTIXRRJLCSLLS-PIJUOVFKSA-N
lithocholate	[H][C@]12CC[C@]3([H])[C@]([H])(CC[C@@]4(C)[C@@]3([H])CC[C@]4([H])[C@H](C)CCC(=O)O)[C@@]1(C)CC[C@@H](O)C2	SMEROWZSTRWXGI-HVATVPOCSA-N
lumisterol 3	CC(C)CCC[C@@H](C)[C@H]1CC[C@H]2C3=CC=C4C[C@@H](O)CC[C@@]4(C)[C@@H]3CC[C@@]21C	UCTLRSWJYQTBFZ-XMVWLVNMSA-N
lysine	NCCCC[C@H](N)C(=O)O	KDXKERNSBIXSRK-YFKPBYRVSA-N
lysosomal-enzyme-D-mannose	[*]O[C@H]1O[C@H](CO)[C@@H](O)[C@H](O)[C@@H]1O	
lysosomal-enzyme-N-acetyl-D-glucosaminyl-phospho-D-mannose	CC(=O)N[C@H]1[C@@H](OP(=O)(O)OC[C@H]2O[C@H](O)[C@@H](O)[C@@H](O)[C@@H]2O)O[C@H](CO)[C@@H](O)[C@@H]1O	RNXZNQBQPLWVFU-YKIXKYLVSA-N
lysyl-proline	C1CC(N(C1)C(=O)C(CCCCN)N)C(=O)O	AIXUQKMMBQJZCU-IUCAKERBSA-N
m7G(5')pppAm	CN1C=[N+](C2=C1C(=O)NC(=N2)N)C3C(C(C(O3)COP(=O)([O-])OP(=O)([O-])OP(=O)([O-])OCC4C(C(C(O4)N5C=NC6=C(N=CN=C65)N)OC)O)O)O	UFVBPMPLSKDIFV-UHFFFAOYSA-L
m7G(5')pppR-RNA	C[n+]1cn([C@@H]2O[C@H](COP(=O)(O)OP(=O)(O)OP(=O)(O)OC[C@H]3O[C@@H]([*])[C@H](O)[C@@H]3OP(=O)(O)OC[C@H]3O[C@@H]([*])[C@H](O)[C@@H]3OP(=O)(O)OC[C@H]3O[C@@H]([*])[C@H](O)[C@@H]3O)[C@@H](O)[C@H]2O)c2nc(N)[nH]c(=O)c21	
m7G(5')pppm6Am (mRNA containing an N6,2'-O-dimethyladenosine cap)	CNc1ncnc2c1ncn2[C@@H]1O[C@H](COP(=O)([O-])OP(=O)([O-])OP(=O)([O-])OC[C@H]2O[C@@H](n3c[n+](C)c4c(=O)[nH]c(N)nc43)[C@H](O)[C@@H]2O)[C@@H](OP(=O)([O-])OC[C@H]2O[C@@H]([*])[C@H](O)[C@@H]2OP(=O)([O-])OC[C@H]2O[C@@H]([*])[C@H](O)[C@@H]2O)[C@H]1OC	
malate	O=C(O)C[C@H](O)C(=O)O	BJEPYKJPYRNKOW-REOHCLBHSA-N
malonate	O=C(O)CC(=O)O	OFOBLEOULBTSOW-UHFFFAOYSA-N
malonic-dialdehyde	O=CCC=O	WSMYVTOQOOLQHP-UHFFFAOYSA-N
malonyl-CoA	CC(C)(COP(=O)(O)OP(=O)(O)OC[C@H]1O[C@@H](n2cnc3c(N)ncnc32)[C@H](O)[C@@H]1OP(=O)(O)O)[C@@H](O)C(=O)NCCC(=O)NCCSC(=O)CC(=O)O	LTYOQGRJFJAKNA-DVVLENMVSA-N
maltodecaose	C(C1C(C(C(C(O1)OC2C(OC(C(C2O)O)OC3C(OC(C(C3O)O)OC4C(OC(C(C4O)O)OC5C(OC(C(C5O)O)OC6C(OC(C(C6O)O)OC7C(OC(C(C7O)O)OC8C(OC(C(C8O)O)OC9C(OC(C(C9O)O)OC1C(OC(C(C1O)O)O)CO)CO)CO)CO)CO)CO)CO)CO)CO)O)O)O)O	RJQKKZNUWRIHCS-UHFFFAOYSA-N
maltoheptaose	C(C1C(C(C(C(O1)OC2C(OC(C(C2O)O)OC3C(OC(C(C3O)O)OC4C(OC(C(C4O)O)OC5C(OC(C(C5O)O)OC6C(OC(C(C6O)O)OC(C(CO)O)C(C(C=O)O)O)CO)CO)CO)CO)CO)O)O)O)O	ZHZITDGOAFCURV-VVTKTIMZSA-N
maltohexaose	O=C[C@H](O)[C@@H](O)[C@H](O[C@H]1O[C@H](CO)[C@@H](O[C@H]2O[C@H](CO)[C@@H](O[C@H]3O[C@H](CO)[C@@H](O[C@H]4O[C@H](CO)[C@@H](O[C@H]5O[C@H](CO)[C@@H](O)[C@H](O)[C@H]5O)[C@H](O)[C@H]4O)[C@H](O)[C@H]3O)[C@H](O)[C@H]2O)[C@H](O)[C@H]1O)[C@H](O)CO	DJMVHSOAUQHPSN-KZSASMRXSA-N
maltononaose	C(C1C(C(C(C(O1)OCC(C(C(C(C=O)OC2C(C(C(C(O2)CO)OC3C(C(C(C(O3)CO)O)O)O)OC4C(C(C(C(O4)CO)O)O)O)OC5C(C(C(C(O5)CO)O)O)O)OC6C(C(C(C(O6)CO)O)O)O)OC7C(C(C(C(O7)CO)O)O)O)OC8C(C(C(C(O8)CO)O)O)O)O)O)O)O	KNBVLVBOKWRYEP-XYLDXDTCSA-N
maltopentaose	C(C1C(C(C(C(O1)OC2C(OC(C(C2O)O)OC3C(OC(C(C3O)O)OC4C(OC(C(C4O)O)OC(C(CO)O)C(C(C=O)O)O)CO)CO)CO)O)O)O)O	FJCUPROCOFFUSR-GMMZZHHDSA-N
maltose	OC[C@H]1O[C@H](O[C@@H]2[C@@H](CO)O[C@H](O)[C@@H](O)[C@H]2O)[C@H](O)[C@@H](O)[C@@H]1O	GUBGYTABKSRVRQ-DKBJLJRDSA-N
maltotetraose	O=C[C@H](O)[C@@H](O)[C@H](O[C@H]1O[C@H](CO)[C@@H](O[C@H]2O[C@H](CO)[C@@H](O[C@H]3O[C@H](CO)[C@@H](O)[C@H](O)[C@H]3O)[C@H](O)[C@H]2O)[C@H](O)[C@H]1O)[C@H](O)CO	UYQJCPNSAVWAFU-KVXMBEGHSA-N
maltotriose	OC[C@H]1O[C@H](O[C@@H]2[C@@H](CO)O[C@H](O[C@@H]3[C@@H](CO)O[C@H](O)[C@H](O)[C@H]3O)[C@H](O)[C@H]2O)[C@H](O)[C@@H](O)[C@@H]1O	FYGDTMLNYKFZSV-PXXRMHSHSA-N
mannose	OC[C@H]1OC(O)[C@@H](O)[C@@H](O)[C@@H]1O	WQZGKKKJIJFFOK-QTVWNMPRSA-N
mannose-1-phosphate	O=P(O)(O)OC1O[C@H](CO)[C@@H](O)[C@H](O)[C@@H]1O	HXXFSFRBOHSIMQ-QTVWNMPRSA-N
mannose-6-phosphate		VFRROHXSMXFLSN-KVTDHHQDSA-N
margaric acid	CCCCCCCCCCCCCCCCC(=O)[O-]	KEMQGTRYUADPNZ-UHFFFAOYSA-M
mead acid	CCCCCCCCC=CCC=CCC=CCCCC(=O)O	UNSRRHDPHVZAHH-YOILPLPUSA-N
melatonin	COc1ccc2[nH]cc(CCNC(C)=O)c2c1	DRLFMBDRBRZALE-UHFFFAOYSA-N
melatonin radical	COc1ccc2c(c1)C(O)(CCN=C(C)O)[CH]N2	SQNQBXWYHXYLQX-UHFFFAOYSA-N
menadiol	Cc1cc(O)c2ccccc2c1O	ZJTLZYDQJHKRMQ-UHFFFAOYSA-N
menaquinol-4	CC(C)=CCC/C(C)=C/CC/C(C)=C/CC/C(C)=C/Cc1c(C)c(O)c2ccccc2c1O	NIOZAZRLJCBEGX-GHDNBGIDSA-N
mercaptopyruvate	O=C([O-])C(=O)CS	OJOLFAIGOXZBCI-UHFFFAOYSA-M
mesaconate	C/C(=C\C(=O)O)C(=O)O	HNEGQIOMVPPMNR-NSCUHMNNSA-N
mesaconyl-CoA	C/C(=C\C(=O)O)C(=O)SCCNC(=O)CCNC(=O)[C@H](O)C(C)(C)COP(=O)(O)OP(=O)(O)OC[C@H]1O[C@@H](n2cnc3c(N)ncnc32)[C@H](O)[C@@H]1OP(=O)(O)O	LVBVWNJPMXCQJE-CBBDEUQJSA-N
metformin	CN(C)C(=N)NC(=N)N	XZWYZXLIPXDOLR-UHFFFAOYSA-N
methacrylyl-CoA	C=C(C)C(=O)SCCNC(=O)CCNC(=O)[C@H](O)C(C)(C)COP(=O)(O)OP(=O)(O)OC[C@H]1O[C@@H](n2cnc3c(N)ncnc32)[C@H](O)[C@@H]1OP(=O)(O)O	NPALUEYCDZWBOV-NDZSKPAWSA-N
methaneselenol	C[SeH]	APKHDKJWSHYLEU-UHFFFAOYSA-N
methanol	CO	OKKJLVBELUTLKV-UHFFFAOYSA-N
methionine	CSCC[C@H](N)C(=O)O	FFEARJCKVFRZRR-BYPYZUCNSA-N
methyl-indole-3-acetate	COC(=O)CC1=CNC2=CC=CC=C21	KTHADMDGDNYQRX-UHFFFAOYSA-N
methylamine	CN	BAVYZALUXZFZLV-UHFFFAOYSA-N
methylarsonate	C[As](=O)([O-])O	QYPPRTNMGCREIM-UHFFFAOYSA-M
methylglyoxal	CC(=O)C=O	AIJULSRZWUXGPQ-UHFFFAOYSA-N
methylimidazole-acetaldehyde	Cn1cnc(CC=O)c1	GCQHUBANENYTLB-UHFFFAOYSA-N
methylimidazoleacetic acid	Cn1cnc(CC(=O)O)c1	ZHCKPJGJQOPTLB-UHFFFAOYSA-N
methylmalonate	CC(C(=O)[O-])C(=O)[O-]	ZIYVHBGGAOATLY-UHFFFAOYSA-L
methylmalonyl-CoA	C[C@@H](C(=O)O)C(=O)SCCNC(=O)CCNC(=O)[C@H](O)C(C)(C)COP(=O)(O)OP(=O)(O)OC[C@H]1O[C@@H](n2cnc3c(N)ncnc32)[C@H](O)[C@@H]1OP(=O)(O)O	MZFOKIKEPGUZEN-IBNUZSNCSA-N
mitoACP	CC(C)(COP(=O)([O-])OC[C@H](N[*])C([*])=O)[C@@H](O)C(=O)NCCC(=O)NCCS	
mitoApo-[ACP]	[*]N[C@@H](CO)C([*])=O	
mitooxidized thioredoxin	[*]N[C@@H](CSSC[C@H](N[*])C([*])=O)C([*])=O	
molybdopterin	Nc1nc2c(c(=O)[nH]1)N[C@H]1C(S)=C([S-])[C@@H](COP(=O)([O-])[O-])O[C@H]1N2	HPEUEJRPDGMIMY-IFQPEPLCSA-K
monodehydroascorbate	[H][C@]1([C@@H](O)CO)OC(=O)C(O)=C1[O]	LHFJOBMTAJJOTB-JLAZNSOCSA-N
monosialylgalactosylgloboside	CCCCCCCCCCCCC/C=C/[C@@H](O)[C@H](CO[C@@H]1O[C@H](CO)[C@@H](O[C@@H]2O[C@H](CO)[C@H](O[C@H]3O[C@H](CO)[C@H](O)[C@H](O[C@@H]4O[C@H](CO)[C@H](O)[C@H](O[C@@H]5O[C@H](CO)[C@H](O)[C@H](O[C@]6(C(=O)[O-])C[C@H](O)[C@@H](NC(C)=O)[C@H]([C@H](O)[C@H](O)CO)O6)[C@H]5O)[C@H]4NC(C)=O)[C@H]3O)[C@H](O)[C@H]2O)[C@H](O)[C@H]1O)NC([*])=O	
myo-inositol-hexakisphosphate	O=P(O)(O)O[C@H]1[C@H](OP(=O)(O)O)[C@@H](OP(=O)(O)O)[C@H](OP(=O)(O)O)[C@@H](OP(=O)(O)O)[C@H]1OP(=O)(O)O	IMQLKJBTEOYOSI-GPIVLXJGSA-N
myristic acid	CCCCCCCCCCCCCC(=O)[O-]	TUNFSRHWOTWDNC-UHFFFAOYSA-M
myristoyl-CoA	CCCCCCCCCCCCCC(=O)SCCNC(=O)CCNC(=O)[C@H](O)C(C)(C)COP(=O)(O)OP(=O)(O)OC[C@H]1O[C@@H](n2cnc3c(N)ncnc32)[C@H](O)[C@@H]1OP(=O)(O)O	DUAFKXOFBZQTQE-QSGBVPJFSA-N
nLc5Cer	CCCCCCCCCCCCC/C=C/[C@H](O)[C@H](CO[C@@H]1O[C@H](CO)[C@@H](O[C@@H]2O[C@H](CO)[C@H](O)[C@H](O[C@@H]3O[C@H](CO)[C@@H](O[C@@H]4O[C@H](CO)[C@H](O)[C@H](O[C@@H]5O[C@H](CO)[C@@H](O)[C@H](O)[C@H]5NC(C)=O)[C@H]4O)[C@H](O)[C@H]3NC(C)=O)[C@H]2O)[C@H](O)[C@H]1O)NC([*])=O	HMOQZEGDEFENEX-RPWLUHJXSA-N
nLc5Cer(G00051)	CCCCCCCCCCCCCC=C[C@@H](O)[C@H](CO[C@@H]1O[C@H](CO)[C@@H](O[C@@H]2O[C@H](CO)[C@H](O)[C@H](O[C@@H]3O[C@H](CO)[C@@H](O[C@@H]4O[C@H](CO)[C@H](O)[C@H](O[C@H]5O[C@H](CO)[C@H](O)[C@H](O)[C@H]5O)[C@H]4O)[C@H](O)[C@H]3N=C(C)O)[C@H]2O)[C@H](O)[C@H]1O)N=C(C)O	HMOQZEGDEFENEX-WATINQGFSA-N
nLc6Cer	CCCCCCCCCCCCC/C=C/[C@@H](O)[C@H](CO[C@@H]1O[C@H](CO)[C@@H](O[C@@H]2O[C@H](CO)[C@H](O)[C@H](O[C@@H]3O[C@H](CO)[C@@H](O[C@@H]4O[C@H](CO[C@@H]5O[C@H](CO)[C@@H](O[C@@H]6O[C@H](CO)[C@H](O)[C@H](O)[C@H]6O)[C@H](O)[C@H]5NC(C)=O)[C@H](O)[C@H](O[C@@H]5O[C@H](CO)[C@@H](O[C@@H]6O[C@H](CO)[C@H](O)[C@H](O)[C@H]6O)[C@H](O)[C@H]5NC(C)=O)[C@H]4O)[C@H](O)[C@H]3NC(C)=O)[C@H]2O)[C@H](O)[C@H]1O)NC([*])=O	VSLUUOTXHBNIGP-UIOYYAOESA-N
nLc8Cer	CCCCCCCCCCCCC/C=C/[C@@H](O)[C@H](CO[C@@H]1O[C@H](CO)[C@@H](O[C@@H]2O[C@H](CO)[C@H](O)[C@H](O[C@@H]3O[C@H](CO)[C@@H](O[C@@H]4O[C@H](CO)[C@H](O)[C@H](O[C@@H]5O[C@H](CO)[C@@H](O[C@@H]6O[C@H](CO)[C@H](O)[C@H](O[C@@H]7O[C@H](CO)[C@@H](O[C@@H]8O[C@H](CO)[C@H](O)[C@H](O)[C@H]8O)[C@H](O)[C@H]7NC(C)=O)[C@H]6O)[C@H](O)[C@H]5NC(C)=O)[C@H]4O)[C@H](O)[C@H]3NC(C)=O)[C@H]2O)[C@H](O)[C@H]1O)NC(C)=O	GJWRHCGICQJRIC-YFRPVVHJSA-N
naphthalene	c1ccc2ccccc2c1	UFWIBTONFRDIAS-UHFFFAOYSA-N
naphthalene-1,2-diol	Oc1ccc2ccccc2c1O	NXPPAOGUKPJVDI-UHFFFAOYSA-N
neocasomorphin	CC[C@H](C)[C@H]([NH+]=C([O-])[C@H]1CCCN1C(=O)[C@@H](CCC(=O)[O-])[NH+]=C([O-])[C@@H]([NH+]=C([O-])[C@H]1CCCN1C(=O)[C@H]([NH3+])Cc1ccc(O)cc1)C(C)C)C(=O)[O-]	OFSHRWCWYJBWJP-CMAHKSKVSA-M
neocasomorphin (1-5)	CC(C)[C@H]([NH+]=C([O-])[C@H]1CCCN1C(=O)[C@H]([NH3+])Cc1ccc(O)cc1)C([O-])=[NH+][C@H](CCC(=O)[O-])C(=O)N1CCC[C@@H]1C(=O)[O-]	WRNQQFNBEUKAAX-MOGNJTFLSA-M
nervonic acid	CCCCCCCC/C=C\CCCCCCCCCCCCCC(=O)O	GWHCXVQVJPWHRF-KTKRTIGZSA-N
neungc	O=C(CO)N[C@@H]1[C@@H](O)CC(O)(C(=O)[O-])O[C@H]1[C@H](O)[C@H](O)CO	FDJKUWYYUZCUJX-PGIATKPXSA-M
neuromedin B	CC(C)CC(C(=O)NC(CC1=CNC2=CC=CC=C21)C(=O)NC(C)C(=O)NC(C(C)O)C(=O)NCC(=O)NC(CC3=CN=CN3)C(=O)NC(CC4=CC=CC=C4)C(=O)NC(CCSC)C(=O)N)NC(=O)C(CC(=O)N)NC(=O)CN	YPFNACALNKVZNK-UHFFFAOYSA-N
neuromedin B(1-3)	CC(C)C[C@@H](NC(=O)[C@H](CC(N)=O)NC(=O)CN)C(=O)O	JVWPPCWUDRJGAE-JGVFFNPUSA-N
neuromedin N	CCC(C)C(C(=O)NC(CC(C)C)C(=O)O)NC(=O)C(CC1=CC=C(C=C1)O)NC(=O)C2CCCN2C(=O)C(C(C)CC)NC(=O)C(CCCCN)N	RZMLVIHXZGQADB-YLUGYNJDSA-N
neuromedin N(1-4)	CC[C@@H](C)[C@@H](N)C(=O)N1CCC[C@H]1C(=O)N[C@@H](Cc1ccc(O)cc1)C(=O)N[C@@H](C(=O)O)[C@H](C)CC	SKGLAZSLOGYCCA-PEFXOJROSA-N
neurotensin	CC[C@H](C)[C@H](NC(=O)[C@H](Cc1ccc(O)cc1)NC(=O)[C@@H]1CCCN1C(=O)[C@H](CCCNC(=N)N)NC(=O)[C@H](CCCNC(=N)N)NC(=O)[C@@H]1CCCN1C(=O)[C@H](CCCCN)NC(=O)[C@H](CC(N)=O)NC(=O)[C@H](CCC(=O)O)NC(=O)[C@H](Cc1ccc(O)cc1)NC(=O)[C@H](CC(C)C)NC(=O)[C@@H]1CCC(=O)N1)C(=O)N[C@@H](CC(C)C)C(=O)O	PCJGZPGTCUMMOT-ISULXFBGSA-N
neurotensin 1-10	CC(C)CC(C(=O)NC(CC1=CC=C(C=C1)O)C(=O)NC(CCC(=O)O)C(=O)NC(CC(=O)N)C(=O)NC(CCCCN)C(=O)N2CCCC2C(=O)NC(CCCN=C(N)N)C(=O)NC(CCCN=C(N)N)C(=O)N3CCCC3C(=O)O)NC(=O)C4CCC(=O)N4	HRJVZMYUVJBTHQ-AYDUOSKHSA-N
neurotensin 11-13	CCC(C)[C@H](NC(=O)[C@H]([NH3+])Cc1ccc(O)cc1)C(=O)N[C@H](CC(C)C)C(=O)[O-]	HVPPEXXUDXAPOM-WOFBESPQSA-N
nicotinamide	NC(=O)c1cccnc1	DFPAKSUCGFBDDF-UHFFFAOYSA-N
nicotinamide D-ribonucleotide	NC(=O)c1ccc[n+]([C@@H]2O[C@H](COP(=O)([O-])[O-])[C@@H](O)[C@H]2O)c1	DAYLJWODMCOQEW-TURQNECASA-M
nicotinamide ribonucleoside	NC(=O)c1ccc[n+]([C@@H]2O[C@H](CO)[C@@H](O)[C@H]2O)c1	JLEBZPBDRKPWTD-TURQNECASA-O
nicotinate	O=C([O-])c1cccnc1	PVNIIMVLHYAWGP-UHFFFAOYSA-M
nicotinate ribonucleotide	O=C(O)c1ccc[n+]([C@@H]2O[C@H](COP(=O)(O)O)[C@@H](O)[C@H]2O)c1	JOUIQRNQJGXQDC-ZYUZMQFOSA-O
nifedipine	COC(=O)C1=C(C)NC(C)=C(C(=O)OC)C1c1ccccc1[N+](=O)[O-]	HYIMSNHJOBLJNT-UHFFFAOYSA-N
nitrite	O=N[O-]	IOVCWXUNBOPUCH-UHFFFAOYSA-M
nitrogen	N#N	IJGRMHOSHXDMSA-UHFFFAOYSA-N
nitrosoperoxycarbonate	O=NOOC(=O)[O-]	KSZMOTXUZYNGAZ-UHFFFAOYSA-M
nitryl-chloride	O=NOCl	NXRVFVBNLWGOCL-UHFFFAOYSA-N
noladin-ether	CCCCC/C=C\C/C=C\C/C=C\C/C=C\CCCCOC(CO)CO	CUJUUWXZAQHCNC-DOFZRALJSA-N
nonadecanoyl-CoA	CCCCCCCCCCCCCCCCCCC(=O)SCCNC(=O)CCNC(=O)C(C(C)(C)COP(=O)(O)OP(=O)(O)OCC1C(C(C(O1)N2C=NC3=C(N=CN=C32)N)O)OP(=O)(O)O)O	YUJZGRUJMWKAJF-ZOUGCNRJSA-N
nonadecanoylcarnitine	CCCCCCCCCCCCCCCCCCC(=O)OC(CC(=O)[O-])C[N+](C)(C)C	GWKZIORVZQMWMC-UHFFFAOYSA-N
nonadecylic acid	CCCCCCCCCCCCCCCCCCC(=O)O	ISYWECDDZWTKFF-UHFFFAOYSA-N
nonanoic acid	CCCCCCCCC(=O)[O-]	FBUKVWPVBMHYJY-UHFFFAOYSA-M
nonanoyl-CoA	CCCCCCCCC(=O)SCCNC(=O)CCNC(=O)[C@H](O)C(C)(C)COP(=O)(O)OP(=O)(O)OC[C@H]1O[C@@H](n2cnc3c(N)ncnc32)[C@H](O)[C@@H]1OP(=O)(O)O	WLDUTYVSAGSKIV-FUEUKBNZSA-N
noradrenaline	[NH3+]C[C@H](O)c1ccc(O)c(O)c1	SFLSHLFXELFNJZ-QMMMGPOBSA-O
noradrenochrome	O=C1C=C2C(=NCC2O)CC1=O	PTQNKGWWIYGAAE-UHFFFAOYSA-N
norepinephrine sulfate	NC[C@H](O)c1ccc(OS(=O)(=O)O)c(O)c1	CVJMZWLHUCMEKO-ZETCQYMHSA-N
norlaudanosoline	Oc1ccc(CC2NCCc3cc(O)c(O)cc32)cc1O	ABXZOXDTHTTZJW-UHFFFAOYSA-N
normetanephrine	COc1c(Cl)c(O)c2c(=O)c3c(C)cc(O)c(Cl)c3oc2c1Cl	SWYXXNJANIXCRQ-UHFFFAOYSA-N
ocosatetraenoylcarnitine	CCCCC/C=C\C/C=C\C/C=C\C/C=C\CCCCCC(=O)OC(CC(=O)[O-])C[N+](C)(C)C	OLORTLVEDIELGC-SNPVRQPZSA-N
octadecanal	CCCCCCCCCCCCCCCCCC=O	FWWQKRXKHIRPJY-UHFFFAOYSA-N
octadecatrienoylcarnitine	CCCCCCCCCCCC=CC=CC=CC(=O)OC(CC(=O)[O-])C[N+](C)(C)C	CVNKAUPYXPTRFL-UHFFFAOYSA-N
octadecenoylcarnitine(5)	CCCCCCCCC=CCCCCCCCC(=O)O[C@@H](CC(=O)[O-])C[N+](C)(C)C	IPOLTUVFXFHAHI-QHCPKHFHSA-N
octadecenoylcarnitine(7)	CCCCCC/C=C/CCCCCCCCCC(=O)OC(CC(=O)[O-])C[N+](C)(C)C	HOAMADDCQBUDDY-ZHACJKMWSA-N
octanal	CCCCCCCC=O	NUJGJRNETVAIRJ-UHFFFAOYSA-N
octanoate radical	CCCCCCCC(=O)[O-]	WWZKQHOCKIZLMA-UHFFFAOYSA-M
octanoic acid	CCCCCCCC(=O)[O-]	WWZKQHOCKIZLMA-UHFFFAOYSA-M
octanoyl-CoA	CCCCCCCC(=O)SCCNC(=O)CCNC(=O)[C@H](O)C(C)(C)COP(=O)(O)OP(=O)(O)OC[C@H]1O[C@@H](n2cnc3c(N)ncnc32)[C@H](O)[C@@H]1OP(=O)(O)O	KQMZYOXOBSXMII-CECATXLMSA-N
oleate	CCCCCCCC/C=C\CCCCCCCC(=O)[O-]	ZQPPMHVWECSIRJ-KTKRTIGZSA-M
oleoyl-CoA	CCCCCCCC/C=C\CCCCCCCC(=O)SCCNC(=O)CCNC(=O)[C@H](O)C(C)(C)COP(=O)(O)OP(=O)(O)OC[C@H]1O[C@@H](n2cnc3c(N)ncnc32)[C@H](O)[C@@H]1OP(=O)(O)O	XDUHQPOXLUAVEE-BPMMELMSSA-N
omega-3-arachidonic acid	CCC=CCC=CCC=CCC=CCCCCCCC(=O)O	HQPCSDADVLFHHO-LTKCOYKYSA-N
omega-COOH-tetranor-LTE3	CCCN(CCOC1=C(C=C(C=C1Cl)Cl)Cl)C(=O)N2C=CN=C2	TVLSRXXIMLFWEO-UHFFFAOYSA-N
omega-carboxy-trinor-LTB4	O=C(O)CC/C=C\C[C@H](O)/C=C/C=C/C=C\[C@H](O)CCCC(=O)O	XWRIIHRGMKHPHN-LLVPEOCGSA-N
omega-muricholic acid	C[C@H](CCC(=O)O)[C@H]1CC[C@H]2[C@H]3[C@H](CC[C@@]21C)[C@@]1(C)CC[C@@H](O)C[C@H]1[C@@H](O)[C@@H]3O	DKPMWHFRUGMUKF-NTPBNISXSA-N
omega-muricholoyl-CoA	[H][C@]1([C@]([H])(C)CCC(=O)SCCNC(=O)CCNC(=O)[C@H](O)C(C)(C)COP(=O)(O)OP(=O)(O)OC[C@H]2O[C@@H](n3cnc4c(N)ncnc43)[C@H](O)[C@@H]2OP(=O)(O)O)CC[C@]2([H])[C@]1(C)CC[C@]1([H])[C@@]3(C)CC[C@@H](O)C[C@@]3([H])[C@H](O)[C@H](O)[C@@]21[H]	GGOBJYLDOQWHDT-TWQBTYDKSA-N
omeprazole		SUBDBMMJDZJVOS-UHFFFAOYSA-N
ornithine	NCCC[C@H](N)C(=O)O	AHLPHDHHMVZTML-BYPYZUCNSA-N
orotate	O=C([O-])c1cc(=O)[nH]c(=O)[nH]1	PXQPEWDEAKTCGB-UHFFFAOYSA-M
orotidine-5-phosphate	O=C(O)c1cc(=O)nc(=O)n1[C@@H]1O[C@H](COP(=O)(O)O)[C@@H](O)[C@H]1O	KYOBSHFOBAOFBF-XVFCMESISA-N
oxalate	O=C([O-])C(=O)[O-]	MUBZPKHOEPUJKR-UHFFFAOYSA-L
oxidized adrenal ferredoxin	[*][*][Fe+3]1([*][*])[S-2][Fe+3]([*][*])([*][*])[S-2]1	
oxidized ferredoxin	[*][*][Fe+3]1([*][*])[S-2][Fe+3]([*][*])([*][*])[S-2]1	
oxidized thioredoxin	[*]N[C@@H](CSSC[C@H](N[*])C([*])=O)C([*])=O	
oxytocin	CC[C@H](C)[C@@H]1NC(=O)[C@H](Cc2ccc(O)cc2)NC(=O)[C@@H](N)CSSC[C@@H](C(=O)N2CCC[C@H]2C(=O)N[C@@H](CC(C)C)C(=O)NCC(N)=O)NC(=O)[C@H](CC(N)=O)NC(=O)[C@H](CCC(N)=O)NC1=O	XNOPRXBHLZRZKH-DSZYJQQASA-N
oxytocin 1-8	CC[C@@H](C)[C@@H]1NC(=O)[C@H](Cc2ccc(O)cc2)NC(=O)C(N)SSC[C@H](C(=O)N2CCC[C@@H]2C(=O)N[C@H](CC(C)C)C(=O)O)NC(=O)C(CC(=N)O)NC(=O)[C@H](CCC(=N)O)NC1=O	XGKIWGGRSRCBRX-YOKTWZFESA-N
paclitaxel	CC(=O)O[C@H]1C(=O)[C@]2(C)[C@@H](O)C[C@H]3OC[C@@]3(OC(C)=O)[C@H]2[C@H](OC(=O)c2ccccc2)[C@]2(O)C[C@H](OC(=O)[C@H](O)[C@@H](NC(=O)c3ccccc3)c3ccccc3)C(C)=C1C2(C)C	RCINICONZNJXQF-MZXODVADSA-N
palmitate	CCCCCCCCCCCCCCCC(=O)[O-]	IPCSVZSSVZVIGE-UHFFFAOYSA-M
palmitolate	CCCCCC/C=C\CCCCCCCC(=O)O	SECPZKHBENQXJG-FPLPWBNLSA-N
palmitoleoyl-CoA	CCCCCC/C=C\CCCCCCCC(=O)SCCNC(=O)CCNC(=O)[C@H](O)C(C)(C)COP(=O)(O)OP(=O)(O)OC[C@H]1O[C@@H](n2cnc3c(N)ncnc32)[C@H](O)[C@@H]1OP(=O)(O)O	QBYOCCWNZAOZTL-MDMKAECGSA-N
palmitoleoyl-carnitine	CCCCCC/C=C\CCCCCCCC(=O)O[C@H](CC(=O)[O-])C[N+](C)(C)C	JFAGPSOZZSTLRF-KUFMOJEASA-N
palmitoyl-CoA	CCCCCCCCCCCCCCCC(=O)SCCNC(=O)CCNC(=O)[C@H](O)C(C)(C)COP(=O)(O)OP(=O)(O)OC[C@H]1O[C@@H](n2cnc3c(N)ncnc32)[C@H](O)[C@@H]1OP(=O)(O)O	MNBKLUUYKPBKDU-BBECNAHFSA-N
pantetheine	CC(C)(CO)[C@@H](O)C(=O)NCCC(=O)NCCS	ZNXZGRMVNNHPCA-VIFPVBQESA-N
pantothenate	CC(C)(CO)C(O)C(=O)NCCC(=O)O	GHOKWGTUZJEAQD-UHFFFAOYSA-N
paragloboside	CCCCCCCCCCCCC/C=C/[C@@H](O)[C@H](CO[C@@H]1O[C@H](CO)[C@@H](O[C@@H]2O[C@H](CO)[C@H](O)[C@H](O[C@@H]3O[C@H](CO)[C@@H](O[C@@H]4O[C@H](CO)[C@H](O)[C@H](O)[C@H]4O)[C@H](O)[C@H]3NC(C)=O)[C@H]2O)[C@H](O)[C@H]1O)NC([*])=O	
pentadecanoyl-CoA	CCCCCCCCCCCCCCC(=O)SCCNC(=O)CCNC(=O)C(C(C)(C)COP(=O)(O)OP(=O)(O)OCC1C(C(C(O1)N2C=NC3=C(N=CN=C32)N)O)OP(=O)(O)O)O	VLBCUOVMSMAIJC-VTINEICCSA-N
pentadecanoylcarnitine	CCCCCCCCCCCCCCC(=O)O[C@@H](CC(=O)[O-])C[N+](C)(C)C	MDDWQHVKSHTZTD-FQEVSTJZSA-N
pentadecylic acid	CCCCCCCCCCCCCCC(=O)O	WQEPLUUGTLDZJY-UHFFFAOYSA-N
pentaglutamyl-folate(DHF)	[NH-]c1nc(O)c2c(n1)NCC(CNc1ccc(C(=O)N(C(=O)CCC(N)C(=O)[O-])[C@@](C(=O)CCC(N)C(=O)[O-])(C(=O)OC(=O)CCC(N)C(=O)[O-])C(CC(=O)[O-])C(=O)CCC(N)C(=O)[O-])cc1)=N2	NJUDVMBTTGOOLD-GKBRVULUSA-H
pentaglutamyl-folate(THF)	[NH-]c1nc(O)c2c(n1)NCC(CNc1ccc(C(=O)N(C(=O)CCC(N)C(=O)[O-])[C@@](C(=O)CCC(N)C(=O)[O-])(C(=O)OC(=O)CCC(N)C(=O)[O-])C(CC(=O)[O-])C(=O)CCC(N)C(=O)[O-])cc1)N2	QSLXQTFZZNUUPV-WYJPSZIUSA-H
pentanoyl-CoA	CCCCC(=O)SCCNC(=O)CCNC(=O)[C@H](O)C(C)(C)COP(=O)(O)OP(=O)(O)OC[C@H]1O[C@@H](n2cnc3c(N)ncnc32)[C@H](O)[C@@H]1OP(=O)(O)O	RXUATCUKICAIOA-ZMHDXICWSA-N
peptide-2-(3-carboxy-3-aminopropyl)-L-histidine	NC(CCc1ncc(C[C@H](N)C(=O)O)n1)C(=O)O	CJCSNWWKPUXVRD-MLWJPKLSSA-N
peptide-2-[3-carboxy-3-(methylammonio)propyl]-L-histidine	C[NH2+]C(CCc1ncc(C[C@H](N)C(=O)O)n1)C(=O)O	YBMOTEQVMANKGX-JAMMHHFISA-O
peptide-L-methionine	CSCC[C@H](NC([*])=O)C(=O)N[*]	
peptide-L-methionine-(S)-S-oxide	CS(=O)CC[C@H](N[*])C([*])=O	
peptidylproline-(omega=180)	[*]NC(=O)[C@@H]1CCCN1C([*])=O	
perillic acid	C=C(C)C1CC=C(C(=O)O)CC1	CDSMSBUVCWHORP-UHFFFAOYSA-N
perillyl alcohol	C=C(C)C1CC=C(CO)CC1	NDTYTMIUWGWIMO-UHFFFAOYSA-N
perillyl aldehyde	[H]C(=O)C1=CCC(C(=C)C)CC1	RUMOYJJNUMEFDD-UHFFFAOYSA-N
peroxynitrite	O=NO[O-]	CMFNMSMUKZHDEY-UHFFFAOYSA-M
phenethylamine	[NH3+]CCc1ccccc1	BHHGXPLMPWCGHP-UHFFFAOYSA-O
phenylacetaldehyde	O=CCc1ccccc1	DTUQWGWMVIHBKE-UHFFFAOYSA-N
phenylacetate	O=C(O)Cc1ccccc1	WLJVXDMOQOGPHL-UHFFFAOYSA-N
phenylacetyl-CoA	CC(C)(COP(=O)(O)OP(=O)(O)OC[C@H]1O[C@@H](n2cnc3c(N)ncnc32)[C@H](O)[C@@H]1OP(=O)(O)O)[C@@H](O)C(=O)NCCC(=O)NCCSC(=O)Cc1ccccc1	ZIGIFDRJFZYEEQ-CECATXLMSA-N
phenylacetylglutamine	NC(=O)CC[C@H](NC(=O)Cc1ccccc1)C(=O)O	JFLIEFSWGNOPJJ-JTQLQIEISA-N
phenylacetylglycine	O=C([O-])CNC(=O)Cc1ccccc1	UTYVDVLMYQPLQB-UHFFFAOYSA-M
phenylalanine	N[C@@H](Cc1ccccc1)C(=O)O	COLNVLDHVKWLRT-QMMMGPOBSA-N
phenylpyruvate	O=C(O)C(=O)Cc1ccccc1	BTNMPGBKDVTSJY-UHFFFAOYSA-N
phosphatidate-CL pool	[*]C(=O)OCC(COP(=O)(O)O)OC([*])=O	
phosphatidate-LD-PC pool	[*]C(=O)OCC(COP(=O)(O)O)OC([*])=O	
phosphatidate-LD-PE pool	[*]C(=O)OCC(COP(=O)(O)O)OC([*])=O	
phosphatidate-LD-PI pool	[*]C(=O)OCC(COP(=O)(O)O)OC([*])=O	
phosphatidate-LD-PS pool	[*]C(=O)OCC(COP(=O)(O)O)OC([*])=O	
phosphatidate-LD-SM pool	[*]C(=O)OCC(COP(=O)(O)O)OC([*])=O	
phosphatidate-LD-TAG pool	[*]C(=O)OCC(COP(=O)(O)O)OC([*])=O	
phosphatidate-bile-PC pool	[*]C(=O)OCC(COP(=O)(O)O)OC([*])=O	
phosphatidylinositol-3,4,5-trisphosphate	[*]C(=O)OC[C@H](COP(=O)(O)O[C@@H]1[C@H](O)[C@H](OP(=O)(O)O)[C@@H](OP(=O)(O)O)[C@H](OP(=O)(O)O)[C@H]1O)OC([*])=O	RQQIRMLGKSPXSE-WIPMOJCBSA-N
phosphatidylinositol-3,5-bisphosphate	[*]C(=O)OC[C@H](COP(=O)(O)O[C@H]1[C@H](O)[C@@H](OP(=O)(O)O)[C@H](O)[C@@H](OP(=O)(O)O)[C@H]1O)OC([*])=O	LNUAYACWRWQKIB-QFTKSLGUSA-N
phosphatidylinositol-4,5-bisphosphate	[1*]C(=O)OC[C@]([H])(COP(=O)(O)O[C@@H]1[C@H](O)[C@H](O)[C@@H](OP(=O)(O)O)[C@H](OP(=O)(O)O)[C@H]1O)OC([2*])=O	IGQSAMXNWMLOOS-GGDMTQDZSA-N
phospho-[beta adrenergic receptor]	[*]NC(=O)[C@H](COP(=O)(O)O)NC([*])=O	
phosphocholine	C[N+](C)(C)CCOP(=O)([O-])[O-]	YHHSONZFOIEMCP-UHFFFAOYSA-M
phosphodimethylethanolamine	C[NH+](C)CCOP(=O)([O-])[O-]	BLHVJAAEHMLMOI-UHFFFAOYSA-M
phospholipids extracellular pool	[*]OP(=O)(O)OCC(COC([*])=O)OC([*])=O	
phosphopantetheine	CC(C)(COP(=O)([O-])[O-])[C@@H](O)C(=O)NCCC(=O)NCCS	JDMUPRLRUUMCTL-VIFPVBQESA-L
phylloquinol	C/C(=C\Cc1c(C)c(O)c2ccccc2c1O)CCC[C@H](C)CCC[C@H](C)CCCC(C)C	BUFJIHPUGZHTHL-NKFFZRIASA-N
phylloquinone	CC1=C(C(=O)C2=CC=CC=C2C1=O)CC=C(C)CCCC(C)CCCC(C)CCCC(C)C	MBWXNTAXLNYFJB-NKFFZRIASA-N
physeteric acid	CCCCCCCC/C=C\CCCC(=O)O	AFGUVBVUFZMJMX-KTKRTIGZSA-N
phytoceramide pool	CCCCCCCCCCCCCC[C@@H](O)[C@@H](O)[C@H](CO)NC([*])=O	
phytosphingosine	CCCCCCCCCCCCCC[C@@H](O)[C@@H](O)[C@@H](N)CO	AERBNCYCJBRYDG-KSZLIROESA-N
picolinic acid	O=C(O)c1ccccn1	SIOXPEMLGUPBBT-UHFFFAOYSA-N
polynucleotide	[*][C@@H]1O[C@H](COP(=O)(O)O[C@@H]2[C@@H](COP(=O)(O)O[C@@H]3[C@@H](CO)O[C@@H]([*])[C@@H]3O)O[C@@H]([*])[C@@H]2O)[C@@H](O)[C@H]1O	
porphobilinogen	[NH3+]Cc1[nH]cc(CCC(=O)[O-])c1CC(=O)[O-]	QSHWIQZFGQKFMA-UHFFFAOYSA-M
pregn-5-ene-3,20-dione	CC(=O)[C@H]1CC[C@H]2[C@@H]3CC=C4CC(=O)CC[C@]4(C)[C@H]3CC[C@]12C	MNRHZPCIEGLWGK-LEKSSAKUSA-N
pregn-5-ene-3,20-dione-17-ol	CC(=O)[C@@]1(O)CC[C@H]2[C@@H]3CC=C4CC(=O)CC[C@]4(C)[C@H]3CC[C@@]21C	RCFJDVCRANOZEL-CEGNMAFCSA-N
pregnenolone	CC(=O)[C@H]1CC[C@H]2[C@@H]3CC=C4C[C@@H](O)CC[C@]4(C)[C@H]3CC[C@]12C	ORNBQBCIOKFOEO-QGVNFLHTSA-N
pregnenolone sulfate	[H][C@@]12CC=C3C[C@@H](OS(=O)(=O)O)CC[C@]3(C)[C@@]1([H])CC[C@]1(C)[C@@H](C(C)=O)CC[C@@]21[H]	DIJBBUIOWGGQOP-QGVNFLHTSA-N
presqualene-PP	[H][C@]1(/C=C(\C)CC/C=C(\C)CCC=C(C)C)[C@]([H])(COP(=O)(O)OP(=O)(O)O)[C@@]1(C)CC/C=C(\C)CCC=C(C)C	ATZKAUGGNMSCCY-VYCBRMPGSA-N
previtamin D3	CC1=C(CC(CC1)O)C=CC2=CCCC3(C2CCC3C(C)CCCC(C)C)C	YUGCAAVRZWBXEQ-WHTXLNIXSA-N
pristanic acid	CC(C)CCCC(C)CCCC(C)CCCC(C)C(=O)[O-]	PAHGJZDQXIOYTH-UHFFFAOYSA-M
procollagen-5-hydroxy-L-lysine	[1*]NC(=O)[C@H](CC[C@@H](O)CN)NC([2*])=O	
progesterone	CC(=O)[C@H]1CC[C@H]2[C@@H]3CCC4=CC(=O)CC[C@]4(C)[C@H]3CC[C@]12C	RJKFOVLPORLFTN-LEKSSAKUSA-N
proline	O=C([O-])[C@@H]1CCC[NH2+]1	ONIBWKKTOPOVIA-BYPYZUCNSA-N
propane-1,2-diol	CC(O)CO	DNIAPMSPPWPWGF-UHFFFAOYSA-N
propanoate	CCC(=O)O	XBDQKXXYIPTUBI-UHFFFAOYSA-N
propanoyl-CoA	CCC(=O)SCCNC(=O)CCNC(=O)[C@H](O)C(C)(C)COP(=O)(O)OP(=O)(O)OC[C@H]1O[C@@H](n2cnc3c(N)ncnc32)[C@H](O)[C@@H]1OP(=O)(O)O	QAQREVBBADEHPA-IEXPHMLFSA-N
propanoyl-[ACP]	CCC(=O)SCCNC(=O)CCNC(=O)[C@H](O)C(C)(C)COP(=O)([O-])OC[C@H](N[*])C([*])=O	
propinol adenylate	CCC(=O)OP(=O)(O)OCC1C(C(C(O1)N2C=NC3=C(N=CN=C32)N)O)O	ZGNGGJLVZZHLQM-ZRFIDHNTSA-N
prostaglandin A1	CCCCC[C@H](O)/C=C/[C@H]1C=CC(=O)[C@@H]1CCCCCCC(=O)O	BGKHCLZFGPIKKU-LDDQNKHRSA-N
prostaglandin A2	CCCCC[C@H](O)/C=C/[C@H]1C=CC(=O)[C@@H]1C/C=C\CCCC(=O)[O-]	MYHXHCUNDDAEOZ-FOSBLDSVSA-M
prostaglandin B1	CCCCC[C@H](O)/C=C/C1=C(CCCCCCC(=O)[O-])C(=O)CC1	YBHMPNRDOVPQIN-VSOYFRJCSA-M
prostaglandin B2	CCCCC[C@H](O)/C=C/C1=C(C/C=C\CCCC(=O)O)C(=O)CC1	PRFXRIUZNKLRHM-HKVRTXJWSA-N
prostaglandin C1	CCCCC[C@H](O)/C=C/C1=CCC(=O)[C@@H]1CCCCCCC(=O)O	PUIBPGHAXSCVRF-QHFGJBOXSA-N
prostaglandin C2	CCCCC[C@H](O)/C=C/C1=CCC(=O)[C@@H]1C/C=C\CCCC(=O)[O-]	CMBOTAQMTNMTBD-KLASNZEFSA-M
prostaglandin D1	CCCCC[C@H](O)/C=C/[C@H]1C(=O)C[C@H](O)[C@@H]1CCCCCCC(=O)O	CIMMACURCPXICP-PNQRDDRVSA-N
prostaglandin D2	CCCCC[C@H](O)/C=C/[C@H]1C(=O)C[C@H](O)[C@@H]1C/C=C\CCCC(=O)O	BHMBVRSPMRCCGG-OUTUXVNYSA-N
prostaglandin D3	CC/C=C\C[C@H](O)/C=C/[C@H]1C(=O)C[C@H](O)[C@@H]1C/C=C\CCCC(=O)O	ANOICLBSJIMQTA-WXGBOJPQSA-N
prostaglandin E1	CCCCC[C@H](O)/C=C/[C@H]1[C@H](O)CC(=O)[C@@H]1CCCCCCC(=O)O	GMVPRGQOIOIIMI-DWKJAMRDSA-N
prostaglandin E2	CCCCC[C@H](O)/C=C/[C@H]1[C@H](O)CC(=O)[C@@H]1C/C=C\CCCC(=O)[O-]	XEYBRNLFEZDVAW-ARSRFYASSA-M
prostaglandin E3	CC/C=C\C[C@H](O)/C=C/[C@H]1[C@H](O)CC(=O)[C@@H]1C/C=C\CCCC(=O)O	CBOMORHDRONZRN-QLOYDKTKSA-N
prostaglandin F1alpha	CCCCC[C@H](O)/C=C/[C@H]1[C@H](O)C[C@H](O)[C@@H]1CCCCCCC(=O)O	DZUXGQBLFALXCR-CDIPTNKSSA-N
prostaglandin F2alpha	CCCCC[C@H](O)/C=C/[C@@H]1[C@@H](C/C=C\CCCC(=O)O)[C@@H](O)C[C@H]1O	PXGPLTODNUVGFL-YNNPMVKQSA-N
prostaglandin F2beta	CCCCC[C@H](O)/C=C/[C@H]1[C@H](O)C[C@@H](O)[C@@H]1C/C=C\CCCC(=O)O	PXGPLTODNUVGFL-JZFBHDEDSA-N
prostaglandin G1	CCCCCC(C=CC1C2CC(C1CCCCCCC(=O)O)OO2)OO	QXCRWNZYEVOQMB-CDIPTNKSSA-N
prostaglandin G2	CCCCC[C@@H](/C=C/[C@@H]1[C@@H](C/C=C\CCCC(=O)O)[C@@H]2C[C@H]1OO2)OO	SGUKUZOVHSFKPH-YNNPMVKQSA-N
prostaglandin H1	CCCCCC(C=CC1C2CC(C1CCCCCCC(=O)O)OO2)O	NTAYABHEVAQSJS-CDIPTNKSSA-N
prostaglandin H2	CCCCC[C@H](O)/C=C/[C@@H]1[C@@H](C/C=C\CCCC(=O)O)[C@@H]2C[C@H]1OO2	YIBNHAJFJUQSRA-YNNPMVKQSA-N
prostaglandin I2	CCCCC[C@H](O)/C=C/[C@H]1[C@H](O)C[C@@H]2O/C(=C\CCCC(=O)[O-])C[C@@H]21	KAQKFAOMNZTLHT-OZUDYXHBSA-M
prostaglandin J2	CCCCC[C@H](O)/C=C/[C@H]1C(=O)C=C[C@@H]1C/C=C\CCCC(=O)[O-]	UQOQENZZLBSFKO-POPPZSFYSA-M
prostaglandin-PGB2-glyceryl ester	CCCCC[C@H](O)C=CC1=C(CC=CCCCC(=O)OC(CO)CO)C(=O)CC1	FHFHTYWWDZUGTL-IBGZPJMESA-N
prostaglandin-PGE2-1-glyceryl ester	CCCCCC(C=CC1C(CC(=O)C1CC=CCCCC(=O)OCC(CO)O)O)O	RJXVYMMSQBYEHN-SDTVLRMPSA-N
prostaglandin-PGE2-3-glyceryl ester	CCCCC[C@H](O)/C=C/[C@H]1[C@H](CC=CCCCC(=O)OC[C@H](O)CO)C(=O)C[C@H]1O	RJXVYMMSQBYEHN-KFXKMLOZSA-N
prostaglandin-PGE2-glyceryl ester	CCCCCC(C=CC1C(CC(=O)C1CC=CCCCC(=O)OC(CO)CO)O)O	HJWDPZIOTMUWRW-KSGZNQJUSA-N
prothrombin	[*]N[C@@H]([*])C(=O)N[C@@H]([*])C([*])=O	
protoporphyrin	C=CC1=C(C)c2cc3nc(cc4nc(cc5nc(cc1n2)c(C)c5CCC(=O)O)C(CCC(=O)O)=C4C)c(C)c3C=C	KSFOVUSSGSKXFI-UJJXFSCMSA-N
protoporphyrinogen	C=Cc1c2[nH]c(c1C)Cc1[nH]c(c(CCC(=O)[O-])c1C)Cc1[nH]c(c(C)c1CCC(=O)[O-])Cc1[nH]c(c(C)c1C=C)C2	UHSGPDMIQQYNAX-UHFFFAOYSA-L
provitamin D3	CC(C)CCC[C@@H](C)[C@H]1CC[C@H]2C3=CC=C4C[C@@H](O)CC[C@]4(C)[C@H]3CC[C@@]21C	UCTLRSWJYQTBFZ-DDPQNLDTSA-N
pseudouridine-5-phosphate	O=c1[nH]cc([C@@H]2O[C@H](COP(=O)([O-])[O-])[C@@H](O)[C@H]2O)c(=O)[nH]1	MOBMOJGXNHLLIR-GBNDHIKLSA-L
psychosine	CCCCCCCCCCCCC/C=C/[C@@H](O)[C@@H](N)CO[C@@H]1O[C@H](CO)[C@H](O)[C@H](O)[C@H]1O	HHJTWTPUPVQKNA-PIIMIWFASA-N
psychosine sulfate	CCCCCCCCCCCCC/C=C/[C@@H](O)[C@@H](N)CO[C@@H]1O[C@H](COS(=O)(=O)O)[C@H](O)[C@H](O)[C@H]1O	UIEYIJKBVSNMMH-PIIMIWFASA-N
putreanine	[NH3+]CCCCNCCC(=O)O	BTSHXVLJDRJCMM-UHFFFAOYSA-O
putrescine	[NH3+]CCCC[NH3+]	KIDHWZJUCRJVML-UHFFFAOYSA-P
pyridoxal	Cc1ncc(CO)c(C=O)c1O	RADKZDMFGJYCBB-UHFFFAOYSA-N
pyridoxal-phosphate	Cc1ncc(COP(=O)([O-])[O-])c(C=O)c1O	NGVDGCNFYWLIFO-UHFFFAOYSA-L
pyridoxamine	Cc1ncc(CO)c(C[NH3+])c1O	NHZMQXZHNVQTQA-UHFFFAOYSA-O
pyridoxamine-phosphate	Cc1ncc(COP(=O)([O-])[O-])c(C[NH3+])c1O	ZMJGSOSNSPKHNH-UHFFFAOYSA-M
pyridoxine	Cc1ncc(CO)c(CO)c1O	LXNHXLLTXMVWPM-UHFFFAOYSA-N
pyridoxine-phosphate	Cc1ncc(COP(=O)([O-])[O-])c(CO)c1O	WHOMFKWHIQZTHY-UHFFFAOYSA-L
pyruvate	CC(=O)C(=O)[O-]	LCTONWCANYUPML-UHFFFAOYSA-M
queuine	Nc1nc(=O)c2c(CN[C@H]3C=C[C@H](O)[C@@H]3O)cnc2n1	WYROLENTHWJFLR-ACLDMZEESA-N
quinidine	C=C[C@H]1C[N@]2CC[C@H]1C[C@@H]2[C@@H](O)c1ccnc2ccc(OC)cc12	LOUPRKONTZGTKE-LHHVKLHASA-N
quinolinate	O=C([O-])c1cccnc1C(=O)[O-]	GJAWHXHKYYXBSV-UHFFFAOYSA-L
quinonoid dihydrobiopterin	CC(O)C(O)C1=Nc2c(nc(N)nc2=O)NC1	FEMXZDUTFRTWPE-UHFFFAOYSA-N
rac-5,6-epoxy-retinoyl-beta-D-glucuronide	CC(=CC=CC(=CC(=O)OC1C(C(C(C(O1)C(=O)O)O)O)O)C)C=CC23C(CCCC2(O3)C)(C)C	BZPOQLONXBJGAZ-XSHYMXFSSA-N
reduced adrenal ferredoxin	[*][*][Fe+2]1([*][*])[S-2][Fe+3]([*][*])([*][*])[S-2]1	
reduced ferredoxin	[*][*][Fe+2]1([*][*])[S-2][Fe+3]([*][*])([*][*])[S-2]1	
reduced vitamin K	Cc1c([*])c(O)c2ccccc2c1O	BUFJIHPUGZHTHL-NKFFZRIASA-N
retinal	CC1=C(/C=C/C(C)=C/C=C/C(C)=C/C=O)C(C)(C)CCC1	NCYCYZXNIZJOKI-OVSJKPMPSA-N
retinoate	CC1=C(/C=C/C(C)=C/C=C/C(C)=C/C(=O)O)C(C)(C)CCC1	SHGAZHPCJJPHSC-YCNIQYBTSA-N
retinol	CC1=C(/C=C/C(C)=C/C=C/C(C)=C/CO)C(C)(C)CCC1	FPIPGXGPPPQFEQ-OVSJKPMPSA-N
retinoyl-CoA	CC1=C(C(CCC1)(C)C)C=CC(=CC=CC(=CC(=O)SCCNC(=O)CCNC(=O)C(C(C)(C)COP(=O)(O)OP(=O)(O)OCC2C(C(C(O2)N3C=NC4=C(N=CN=C43)N)O)OP(=O)(O)O)O)C)C	GREHPZMOJNYZIO-QXBAZQDESA-N
retinoyl-glucuronide	CC1=C(/C=C/C(C)=C/C=C/C(C)=C/C(=O)O[C@@H]2O[C@H](C(=O)O)[C@@H](O)[C@H](O)[C@H]2O)C(C)(C)CCC1	MTGFYEHKPMOVNE-NEFMKCFNSA-N
retinyl palmitate	CCCCCCCCCCCCCCCC(=O)OCC=C(C)C=CC=C(C)C=CC1=C(CCCC1(C)C)C	VYGQUTWHTHXGQB-FFHKNEKCSA-N
retinyl-ester	CC1=C(/C=C/C(C)=C/C=C/C(C)=C/COC([*])=O)C(C)(C)CCC1	WWDMJSSVVPXVSV-YCNIQYBTSA-N
reverse triiodthyronine	[NH3+][C@@H](Cc1cc(I)c(Oc2ccc(O)c(I)c2)c(I)c1)C(=O)[O-]	AUYYCJSJGJYCDS-LBPRGKRZSA-N
rhodopsin	CC1=C(C(CCC1)(C)C)C=CC(=CC=CC(=CC=O)C)C	NCYCYZXNIZJOKI-IOUUIBBYSA-N
ribitol	OC[C@H](O)[C@H](O)[C@H](O)CO	HEBKCHPVOIAQTA-ZXFHETKHSA-N
riboflavin	Cc1cc2nc3c(=O)[n-]c(=O)nc-3n(C[C@H](O)[C@H](O)[C@H](O)CO)c2cc1C	AUNGANRZJHBGPY-SCRDCRAPSA-M
ribose		SRBFZHDQGSBBOR-SOOFDHNKSA-N
ribose-1-phosphate	O=P(O)(O)OC1O[C@H](CO)[C@@H](O)[C@H]1O	YXJDFQJKERBOBM-SOOFDHNKSA-N
ribose-5-phosphate	O=C[C@H](O)[C@H](O)[C@H](O)COP(=O)(O)O	PPQRONHOSHZGFQ-LMVFSUKVSA-N
ribulose-5-phosphate	O=C(CO)[C@H](O)[C@H](O)COP(=O)([O-])[O-]	FNZLKVNUWIIPSJ-UHNVWZDZSA-L
saccharopine	N[C@@H](CCCCN[C@@H](CCC(=O)O)C(=O)O)C(=O)O	ZDGJAHTZVHVLOT-YUMQZZPRSA-N
salsoline	COc1cc2c(cc1O)CCN[C@H]2C	YTPRLBGPGZHUPD-ZETCQYMHSA-N
salsoline-1-carboxylate	COc1cc2c(cc1O)CCN[C@@]2(C)C(=O)O	CJEFWISJWQNPSZ-GFCCVEGCSA-N
salsolinol	C[C@@H]1NCCc2cc(O)c(O)cc21	IBRKLUSXDYATLG-LURJTMIESA-N
salsolinol-1-carboxylate	C[C@]1(C(=O)[O-])[NH2+]CCc2cc(O)c(O)cc21	XHGLVMDBZZZXDP-NSHDSACASA-N
sarcosine	C[NH2+]CC(=O)[O-]	FSYKKLYZXJSNPZ-UHFFFAOYSA-N
se-adenosyl-L-selenohomocysteine	C1=NC(=C2C(=N1)N(C=N2)C3C(C(C(O3)C[Se]CCC(C(=O)O)N)O)O)N	UVSMMLABJBJNGH-WFMPWKQPSA-N
se-adenosylselenomethionine	C[Se+](CC[C@H](N)C(=O)O)C[C@H]1O[C@@H](n2cnc3c(N)ncnc32)[C@H](O)[C@@H]1O	GGJFWMOVUFBSIN-AIRLBKTGSA-O
se-methyl-L-selenocysteine	C[Se]C[C@H]([NH3+])C(=O)[O-]	XDSSPSLGNGIIHP-VKHMYHEASA-N
sedoheptulose	O=C(CO)[C@@H](O)[C@H](O)[C@H](O)[C@H](O)CO	HSNZZMHEPUFJNZ-SHUUEZRQSA-N
sedoheptulose-1,7-bisphosphate	O=C(COP(=O)(O)O)[C@@H](O)[C@H](O)[C@H](O)[C@H](O)COP(=O)(O)O	OKHXOUGRECCASI-SHUUEZRQSA-N
sedoheptulose-1-phosphate	O=C(COP(=O)(O)O)[C@@H](O)[C@H](O)[C@H](O)[C@H](O)CO	JPTRNFAYXMBCLJ-SHUUEZRQSA-N
sedoheptulose-7-phosphate	O=C(CO)[C@@H](O)[C@H](O)[C@H](O)[C@H](O)COP(=O)(O)O	JDTUMPKOJBQPKX-GBNDHIKLSA-N
selenate	O=[Se](=O)([O-])[O-]	QYHFIVBSNOWOCQ-UHFFFAOYSA-L
selenide	[H][Se][H]	SPVXKVOXSXTJOY-UHFFFAOYSA-N
selenite	O=[Se]([O-])[O-]	MCAHWIHFGHIESP-UHFFFAOYSA-L
selenocystathionine	N[C@@H](CC[Se]C[C@H](N)C(=O)O)C(=O)O	ZNWYDQPOUQRDLY-WHFBIAKZSA-N
selenocysteine	N[C@@H](C[SeH])C(=O)O	ZKZBPNGNEQAJSX-REOHCLBHSA-N
selenohomocysteine	C[Se]CC(N)C(=O)O	XDSSPSLGNGIIHP-UHFFFAOYSA-N
selenomethionine	C[Se]CC[C@H]([NH3+])C(=O)[O-]	RJFAYQIBOAGBLC-BYPYZUCNSA-N
selenophosphate	[O-]P([O-])([O-])=[Se]	JRPHGDYSKGJTKZ-UHFFFAOYSA-K
serine	N[C@@H](CO)C(=O)O	MTCFGRXMJLQNBG-REOHCLBHSA-N
serotonin	[NH3+]CCc1c[nH]c2ccc(O)cc12	QZAYGJVTTNCVMB-UHFFFAOYSA-O
sialyl-3-paragloboside	CCCCCCCCCCCCC/C=C/[C@@H](O)[C@H](CO[C@@H]1O[C@H](CO)[C@@H](O[C@@H]2O[C@H](CO)[C@H](O)[C@H](O[C@@H]3O[C@H](CO)[C@@H](O[C@@H]4O[C@H](CO)[C@H](O)[C@H](O[C@]5(C(=O)[O-])C[C@H](O)[C@@H](NC(C)=O)C([C@H](O)[C@H](O)CO)O5)[C@H]4O)[C@H](O)[C@H]3NC(C)=O)[C@H]2O)[C@H](O)[C@H]1O)NC([*])=O	
sialyl-T antigen	CC(=O)N[C@H]1C([C@H](O)[C@H](O)CO)O[C@@](O[C@H]2[C@@H](O)[C@@H](CO)O[C@@H](O[C@@H]3[C@@H](NC(C)=O)[C@@H]([*])O[C@H](CO)[C@@H]3O)[C@@H]2O)(C(=O)[O-])C[C@@H]1O	
sialyl-Tn antigen	CC(=O)N[C@@H]1[C@@H](O)C[C@](OC[C@H]2O[C@H](OC([*])[C@H](N[*])C([*])=O)[C@H](NC(C)=O)[C@@H](O)[C@H]2O)(C(=O)[O-])O[C@H]1[C@H](O)[C@H](O)CO	
sn-glycero-3-phospho-1-inositol	O=P([O-])(OC[C@H](O)CO)O[C@H]1[C@H](O)[C@@H](O)[C@H](O)[C@@H](O)[C@H]1O	BMVUIWJCUQSHLZ-UJGXJMNGSA-M
sn-glycerol-3-PC	C[N+](C)(C)CCOP(=O)([O-])OC[C@H](O)CO	SUHOQUVVVLNYQR-MRVPVSSYSA-N
sn-glycerol-3-PE	NCCOP(=O)(O)OC[C@@H](O)CO	JZNWSCPGTDBMEW-YFKPBYRVSA-N
sn-glycerol-3-phosphate	O=P([O-])([O-])OC[C@H](O)CO	AWUCVROLDVIAJX-GSVOUGTGSA-L
somatostatin	CC(C1C(=O)NC(C(=O)NC(C(=O)NC(C(=O)NC(CSSCC(C(=O)NC(C(=O)NC(C(=O)NC(C(=O)NC(C(=O)NC(C(=O)NC(C(=O)N1)CCCCN)CC2=CNC3=CC=CC=C32)CC4=CC=CC=C4)CC5=CC=CC=C5)CC(=O)N)CCCCN)NC(=O)CNC(=O)C(C)N)C(=O)O)CO)C(C)O)CC6=CC=CC=C6)O	NHXLMOGPVYXJNR-ATOGVRKGSA-N
somatostatin fragment 3-14	CC(O)C1NC(=O)[C@@H](CCCCN)NC(=O)[C@@H](Cc2c[nH]c3ccccc23)NC(=O)[C@@H](Cc2ccccc2)NC(=O)[C@@H](Cc2ccccc2)NC(=O)[C@@H](CC(N)=O)NC(=O)[C@@H](CCCCN)NC(=O)[C@@H](N)CSSCC[C@@H](C(=O)O)NC(=O)[C@@H](CO)NC(=O)[C@@H]([C@H](C)O)NC(=O)[C@@H](Cc2ccccc2)NC1=O	TZTLCJNYBHBVBN-DZCACUQDSA-N
sorbitol-3-phosphate	C(C(C(C(C(CO)O)OP(=O)(O)O)O)O)O	RSCVCIHYYQHRMQ-JGWLITMVSA-N
spermic acid 1	[NH3+]CCC[NH2+]CCCC[NH2+]CCC(=O)[O-]	JQNGEJIUZQDHIS-UHFFFAOYSA-P
spermidine	[NH3+]CCCC[NH2+]CCC[NH3+]	ATHGHQPFGPMSJY-UHFFFAOYSA-Q
spermidine dialdehyde	O=CCCC[NH2+]CCC=O	IBZBSVBGQKDOOV-UHFFFAOYSA-O
spermidine monoaldehyde 1	[NH3+]CCCC[NH2+]CCC=O	MMMHAACFRAVQHI-UHFFFAOYSA-P
spermine	[NH3+]CCC[NH2+]CCCC[NH2+]CCC[NH3+]	PFNFFQXMRSDOHW-UHFFFAOYSA-R
spermine dialdehyde	O=CCCNCCCCNCCC=O	WPBJCXUUUSDQJO-UHFFFAOYSA-N
spermine monoaldehyde	[NH3+]CCC[NH2+]CCCC[NH2+]CCC=O	ADZORAWYLNDBGZ-UHFFFAOYSA-Q
sphinganine	CCCCCCCCCCCCCCC[C@@H](O)[C@@H](N)CO	OTKJDMGTUTTYMP-ZWKOTPCHSA-N
sphinganine-1-phosphate	CCCCCCCCCCCCCCC[C@@H](O)[C@@H](N)COP(=O)(O)O	YHEDRJPUIRMZMP-ZWKOTPCHSA-N
sphingosine	CCCCCCCCCCCCC/C=C/[C@@H](O)[C@@H](N)CO	WWUZIQQURGPMPG-KRWOKUGFSA-N
sphingosine-1-phosphate	CCCCCCCCCCCCC/C=C/[C@@H](O)[C@@H](N)COP(=O)(O)O	DUYSYHSSBDVJSM-KRWOKUGFSA-N
sphingosylphosphorylcholine	CCCCCCCCCCCCCC=CC(C(COP(=O)([O-])OCC[N+](C)(C)C)N)O	JLVSPVFPBBFMBE-HXSWCURESA-N
squalene	CC(C)=CCC/C(C)=C/CC/C(C)=C/CC/C=C(\C)CC/C=C(\C)CCC=C(C)C	YYGNTYWPHWGJRM-AAJYLUCBSA-N
squalene 2,3-oxide	CC(C)=CCC/C(C)=C/CC/C(C)=C/CC/C=C(\C)CC/C=C(\C)CC[C@@H]1OC1(C)C	QYIMSPSDBYKPPY-RSKUXYSASA-N
starch structure 1	OCC1OC(OC2C(CO)OC(OC3C(CO)OC(OC4C(CO)OC(OCC5OC(OC6C(CO)OC(OC7C(CO)OC(OC8C(CO)OC(OC9C(CO)OC(OC%10C(CO)OC(OC%11C(CO)OC(O)C(O)C%11O)C(O)C%10O)C(O)C9O)C(O)C8O)C(O)C7O)C(O)C6O)C(O)C(O)C5O)C(O)C4O)C(O)C3O)C(O)C2O)C(O)C(O)C1O	RZGVYAOTXSCCGK-UHFFFAOYSA-N
starch structure 2	OCC1OC(OC2C(CO)OC(OCC3OC(O)C(O)C(O)C3O)C(O)C2O)C(O)C(O)C1O	QSESWLKFTMBIPZ-UHFFFAOYSA-N
stearate	CCCCCCCCCCCCCCCCCC(=O)[O-]	QIQXTHQIDYTFRH-UHFFFAOYSA-M
stearidonic acid	CC/C=C\C/C=C\C/C=C\C/C=C\CCCCC(=O)O	JIWBIWFOSCKQMA-LTKCOYKYSA-N
stearoyl-CoA	CCCCCCCCCCCCCCCCCC(=O)SCCNC(=O)CCNC(=O)[C@H](O)C(C)(C)COP(=O)(O)OP(=O)(O)OC[C@H]1O[C@@H](n2cnc3c(N)ncnc32)[C@H](O)[C@@H]1OP(=O)(O)O	SIARJEKBADXQJG-LFZQUHGESA-N
stearoylcarnitine	CCCCCCCCCCCCCCCCCC(=O)OC(CC(=O)[O-])C[N+](C)(C)C	FNPHNLNTJNMAEE-UHFFFAOYSA-N
succinate	O=C([O-])CCC(=O)[O-]	KDYFGRWQOYBRFD-UHFFFAOYSA-L
succinate semialdehyde	O=CCCC(=O)[O-]	UIUJIQZEACWQSV-UHFFFAOYSA-M
succinyl-CoA	CC(C)(COP(=O)(O)OP(=O)(O)OC[C@H]1O[C@@H](n2cnc3c(N)ncnc32)[C@H](O)[C@@H]1OP(=O)(O)O)[C@@H](O)C(=O)NCCC(=O)NCCSC(=O)CCC(=O)O	VNOYUJKHFWYWIR-ITIYDSSPSA-N
sucrose	OC[C@H]1O[C@H](O[C@]2(CO)O[C@H](CO)[C@@H](O)[C@@H]2O)[C@H](O)[C@@H](O)[C@@H]1O	CZMRCDWAGMRECN-UGDNZRGBSA-N
sulfate	O=S(=O)([O-])[O-]	QAOWNCQODCNURD-UHFFFAOYSA-L
sulfatide	*C(=O)N[C@@H](CO[C@@H]1O[C@H](CO)[C@H](O)[C@H](OS(=O)(=O)O)[C@H]1O)[C@H](O)/C=C/CCCCCCCCCCCCC	
sulfite	O=S(O)O	LSNNMFCWUKXFEE-UHFFFAOYSA-N
sulfochenodeoxycholate	C[C@H](CCC(=O)O)[C@H]1CC[C@H]2[C@@H]3C(O)C[C@@H]4C[C@H](OS(=O)(=O)O)CC[C@]4(C)[C@H]3CC[C@@]21C	WHMOBEGYTDWMIG-HEGLNSLBSA-N
sulfoglycolithocholate	C[C@H](CCC(=O)NCC(=O)[O-])[C@H]1CC[C@H]2[C@@H]3CC[C@@H]4C[C@H](OS(=O)(=O)[O-])CC[C@]4(C)[C@H]3CC[C@@]21C	FHXBAFXQVZOILS-OETIFKLTSA-L
sulfotaurolithocholate	C[C@H](CCC(=O)NCCS(=O)(=O)[O-])[C@H]1CC[C@H]2[C@@H]3CC[C@@H]4C[C@H](OS(=O)(=O)[O-])CC[C@]4(C)[C@H]3CC[C@@]21C	HSNPMXROZIQAQD-GBURMNQMSA-L
tRNA	[*][C@@H]1O[C@H](COP(=O)(O)O[C@@H]2[C@@H](COP(=O)(O)O[C@@H]3[C@@H](CO)O[C@@H]([*])[C@@H]3O)O[C@@H]([*])[C@@H]2O)[C@@H](O)[C@H]1O	
tRNA containing N2-methylguanine	CNc1nc2c(ncn2[C@@H]2O[C@H](COP(=O)(O)O[C@@H]3[C@@H](COP(=O)(O)O)O[C@@H]([*])[C@@H]3O)[C@@H](OP(=O)(O)OC[C@H]3O[C@@H]([*])[C@H](O)[C@@H]3O)[C@H]2O)c(=O)[nH]1	
tRNA(ala)	[*]OP(=O)([O-])OC[C@H]1O[C@@H](n2ccc(N)nc2=O)[C@H](O)[C@@H]1OP(=O)([O-])OC[C@H]1O[C@@H](n2ccc(N)nc2=O)[C@H](O)[C@@H]1OP(=O)([O-])OC[C@H]1O[C@@H](n2cnc3c(N)ncnc32)[C@H](O)[C@@H]1O	
tRNA(arg)	[*]OP(=O)([O-])OC[C@H]1O[C@@H](n2ccc(N)nc2=O)[C@H](O)[C@@H]1OP(=O)([O-])OC[C@H]1O[C@@H](n2ccc(N)nc2=O)[C@H](O)[C@@H]1OP(=O)([O-])OC[C@H]1O[C@@H](n2cnc3c(N)ncnc32)[C@H](O)[C@@H]1O	
tRNA(asn)	[*]OP(=O)([O-])OC[C@H]1O[C@@H](n2ccc(N)nc2=O)[C@H](O)[C@@H]1OP(=O)([O-])OC[C@H]1O[C@@H](n2ccc(N)nc2=O)[C@H](O)[C@@H]1OP(=O)([O-])OC[C@H]1O[C@@H](n2cnc3c(N)ncnc32)[C@H](O)[C@@H]1O	
tRNA(asp)	[*]OP(=O)([O-])OC[C@H]1O[C@@H](n2ccc(N)nc2=O)[C@H](O)[C@@H]1OP(=O)([O-])OC[C@H]1O[C@@H](n2ccc(N)nc2=O)[C@H](O)[C@@H]1OP(=O)([O-])OC[C@H]1O[C@@H](n2cnc3c(N)ncnc32)[C@H](O)[C@@H]1O	
tRNA(cys)	[*]OP(=O)([O-])OC[C@H]1O[C@@H](n2ccc(N)nc2=O)[C@H](O)[C@@H]1OP(=O)([O-])OC[C@H]1O[C@@H](n2ccc(N)nc2=O)[C@H](O)[C@@H]1OP(=O)([O-])OC[C@H]1O[C@@H](n2cnc3c(N)ncnc32)[C@H](O)[C@@H]1O	
tRNA(gln)	[*]OP(=O)([O-])OC[C@H]1O[C@@H](n2ccc(N)nc2=O)[C@H](O)[C@@H]1OP(=O)([O-])OC[C@H]1O[C@@H](n2ccc(N)nc2=O)[C@H](O)[C@@H]1OP(=O)([O-])OC[C@H]1O[C@@H](n2cnc3c(N)ncnc32)[C@H](O)[C@@H]1O	
tRNA(glu)	[*]OP(=O)([O-])OC[C@H]1O[C@@H](n2ccc(N)nc2=O)[C@H](O)[C@@H]1OP(=O)([O-])OC[C@H]1O[C@@H](n2ccc(N)nc2=O)[C@H](O)[C@@H]1OP(=O)([O-])OC[C@H]1O[C@@H](n2cnc3c(N)ncnc32)[C@H](O)[C@@H]1O	
tRNA(gly)	[*]OP(=O)([O-])OC[C@H]1O[C@@H](n2ccc(N)nc2=O)[C@H](O)[C@@H]1OP(=O)([O-])OC[C@H]1O[C@@H](n2ccc(N)nc2=O)[C@H](O)[C@@H]1OP(=O)([O-])OC[C@H]1O[C@@H](n2cnc3c(N)ncnc32)[C@H](O)[C@@H]1O	
tRNA(his)	[*]OP(=O)([O-])OC[C@H]1O[C@@H](n2ccc(N)nc2=O)[C@H](O)[C@@H]1OP(=O)([O-])OC[C@H]1O[C@@H](n2ccc(N)nc2=O)[C@H](O)[C@@H]1OP(=O)([O-])OC[C@H]1O[C@@H](n2cnc3c(N)ncnc32)[C@H](O)[C@@H]1O	
tRNA(ile)	[*]OP(=O)([O-])OC[C@H]1O[C@@H](n2ccc(N)nc2=O)[C@H](O)[C@@H]1OP(=O)([O-])OC[C@H]1O[C@@H](n2ccc(N)nc2=O)[C@H](O)[C@@H]1OP(=O)([O-])OC[C@H]1O[C@@H](n2cnc3c(N)ncnc32)[C@H](O)[C@@H]1O	
tRNA(leu)	[*]OP(=O)([O-])OC[C@H]1O[C@@H](n2ccc(N)nc2=O)[C@H](O)[C@@H]1OP(=O)([O-])OC[C@H]1O[C@@H](n2ccc(N)nc2=O)[C@H](O)[C@@H]1OP(=O)([O-])OC[C@H]1O[C@@H](n2cnc3c(N)ncnc32)[C@H](O)[C@@H]1O	
tRNA(lys)	[*]OP(=O)([O-])OC[C@H]1O[C@@H](n2ccc(N)nc2=O)[C@H](O)[C@@H]1OP(=O)([O-])OC[C@H]1O[C@@H](n2ccc(N)nc2=O)[C@H](O)[C@@H]1OP(=O)([O-])OC[C@H]1O[C@@H](n2cnc3c(N)ncnc32)[C@H](O)[C@@H]1O	
tRNA(met)	[*]OP(=O)([O-])OC[C@H]1O[C@@H](n2ccc(N)nc2=O)[C@H](O)[C@@H]1OP(=O)([O-])OC[C@H]1O[C@@H](n2ccc(N)nc2=O)[C@H](O)[C@@H]1OP(=O)([O-])OC[C@H]1O[C@@H](n2cnc3c(N)ncnc32)[C@H](O)[C@@H]1O	
tRNA(phe)	[*]OP(=O)([O-])OC[C@H]1O[C@@H](n2ccc(N)nc2=O)[C@H](O)[C@@H]1OP(=O)([O-])OC[C@H]1O[C@@H](n2ccc(N)nc2=O)[C@H](O)[C@@H]1OP(=O)([O-])OC[C@H]1O[C@@H](n2cnc3c(N)ncnc32)[C@H](O)[C@@H]1O	
tRNA(pro)	[*]OP(=O)([O-])OC[C@H]1O[C@@H](n2ccc(N)nc2=O)[C@H](O)[C@@H]1OP(=O)([O-])OC[C@H]1O[C@@H](n2ccc(N)nc2=O)[C@H](O)[C@@H]1OP(=O)([O-])OC[C@H]1O[C@@H](n2cnc3c(N)ncnc32)[C@H](O)[C@@H]1O	
tRNA(ser)	[*]OP(=O)([O-])OC[C@H]1O[C@@H](n2ccc(N)nc2=O)[C@H](O)[C@@H]1OP(=O)([O-])OC[C@H]1O[C@@H](n2ccc(N)nc2=O)[C@H](O)[C@@H]1OP(=O)([O-])OC[C@H]1O[C@@H](n2cnc3c(N)ncnc32)[C@H](O)[C@@H]1O	
tRNA(thr)	[*]OP(=O)([O-])OC[C@H]1O[C@@H](n2ccc(N)nc2=O)[C@H](O)[C@@H]1OP(=O)([O-])OC[C@H]1O[C@@H](n2ccc(N)nc2=O)[C@H](O)[C@@H]1OP(=O)([O-])OC[C@H]1O[C@@H](n2cnc3c(N)ncnc32)[C@H](O)[C@@H]1O	
tRNA(trp)	[*]OP(=O)([O-])OC[C@H]1O[C@@H](n2ccc(N)nc2=O)[C@H](O)[C@@H]1OP(=O)([O-])OC[C@H]1O[C@@H](n2ccc(N)nc2=O)[C@H](O)[C@@H]1OP(=O)([O-])OC[C@H]1O[C@@H](n2cnc3c(N)ncnc32)[C@H](O)[C@@H]1O	
tRNA(tyr)	[*]OP(=O)([O-])OC[C@H]1O[C@@H](n2ccc(N)nc2=O)[C@H](O)[C@@H]1OP(=O)([O-])OC[C@H]1O[C@@H](n2ccc(N)nc2=O)[C@H](O)[C@@H]1OP(=O)([O-])OC[C@H]1O[C@@H](n2cnc3c(N)ncnc32)[C@H](O)[C@@H]1O	
tRNA(val)	[*]OP(=O)([O-])OC[C@H]1O[C@@H](n2ccc(N)nc2=O)[C@H](O)[C@@H]1OP(=O)([O-])OC[C@H]1O[C@@H](n2ccc(N)nc2=O)[C@H](O)[C@@H]1OP(=O)([O-])OC[C@H]1O[C@@H](n2cnc3c(N)ncnc32)[C@H](O)[C@@H]1O	
tRNA-uridine	[*][C@@H]1O[C@H](COP(=O)(O)O[C@@H]2[C@@H](COP(=O)(O)O[C@@H]3[C@@H](COP(=O)(O)O)O[C@@H]([*])[C@@H]3O)O[C@@H](n3ccc(=O)[nH]c3=O)[C@@H]2O)[C@@H](O)[C@H]1O	
tachysterol 3	CC1=C(/C=C/C2=CCC[C@@]3(C)[C@H]2CC[C@@H]3[C@H](C)CCCC(C)C)C[C@@H](O)CC1	YUGCAAVRZWBXEQ-FMCTZRJNSA-N
taurine	[NH3+]CCS(=O)(=O)[O-]	XOAAWQZATWQOTB-UHFFFAOYSA-N
tauro-alpha-muricholic acid	[H][C@@]12CC[C@]([H])([C@H](C)CCC(=O)NCCS(=O)(=O)[O-])[C@@]1(C)CC[C@]1([H])[C@@]3(C)CC[C@@H](O)C[C@@]3([H])[C@H](O)[C@@H](O)[C@@]21[H]	XSOLDPYUICCHJX-QQXJNSDFSA-M
tauro-omega-muricholic acid	C[C@H](CCC(=O)NCCS(=O)(=O)O)[C@H]1CC[C@H]2[C@H]3[C@H](CC[C@@]21C)[C@@]1(C)CC[C@@H](O)C[C@H]1[C@@H](O)[C@@H]3O	XSOLDPYUICCHJX-SYCKBGHMSA-N
taurochenodeoxycholate	[H][C@@]12C[C@H](O)CC[C@]1(C)[C@@]1([H])CC[C@@]3(C)[C@@]([H])(CC[C@]3([H])[C@H](C)CCC(=O)NCCS(=O)(=O)O)[C@]1([H])[C@H](O)C2	BHTRKEVKTKCXOH-BJLOMENOSA-N
taurocholate	[H][C@@]12C[C@H](O)CC[C@]1(C)[C@@]1([H])C[C@H](O)[C@@]3(C)[C@@]([H])(CC[C@]3([H])[C@H](C)CCC(=O)NCCS(=O)(=O)O)[C@]1([H])[C@H](O)C2	WBWWGRHZICKQGZ-HZAMXZRMSA-N
taurodeoxycholate	C[C@H](CCC(=O)NCCS(=O)(=O)[O-])[C@H]1CC[C@H]2[C@@H]3CC[C@@H]4C[C@H](O)CC[C@]4(C)[C@H]3C[C@H](O)[C@@]21C	AWDRATDZQPNJFN-VAYUFCLWSA-M
taurohyocholic acid	[H][C@@]12CC[C@]([H])([C@H](C)CCC(=O)NCCS(=O)(=O)O)[C@@]1(C)CC[C@]1([H])[C@@]3(C)CC[C@@H](O)C[C@@]3([H])[C@@H](O)[C@@H](O)[C@@]21[H]	XSOLDPYUICCHJX-QZEPYOAJSA-N
taurolithocholate	[H][C@]12CC[C@]3([H])[C@]([H])(CC[C@@]4(C)[C@@]3([H])CC[C@]4([H])[C@H](C)CCC(=O)NCCS(=O)(=O)O)[C@@]1(C)CC[C@@H](O)C2	QBYUNVOYXHFVKC-GBURMNQMSA-N
tauroursodeoxycholate	CC(CCC(=O)NCCS(=O)(=O)[O-])C1CCC2C1(CCC3C2C(CC4C3(CCC(C4)O)C)O)C	BHTRKEVKTKCXOH-LBSADWJPSA-M
testosterone	C[C@]12CC[C@H]3[C@@H](CCC4=CC(=O)CC[C@@]43C)[C@@H]1CC[C@@H]2O	MUMGGOZAMZWBJJ-DYKIIFRCSA-N
testosterone glucuronide	[H][C@@]12CCC3=CC(=O)CC[C@]3(C)[C@@]1([H])CC[C@]1(C)[C@@H](O[C@@H]3O[C@H](C(=O)O)[C@@H](O)[C@H](O)[C@H]3O)CC[C@@]21[H]	NIKZPECGCSUSBV-HMAFJQTKSA-N
testosterone sulfate	C[C@]12CC[C@H]3[C@@H](CCC4=CC(=O)CC[C@@]43C)[C@@H]1CC[C@@H]2OS(=O)(=O)O	WAQBISPOEAOCOG-DYKIIFRCSA-N
tetraHCA	CC(CCC(C(C)C(=O)O)O)C1CCC2C1(C(CC3C2C(CC4C3(CCC(C4)O)C)O)O)C	FAYYTQMQTAKHRM-UHFFFAOYSA-N
tetracosanoyl-CoA	CCCCCCCCCCCCCCCCCCCCCCCC(=O)SCCNC(=O)CCNC(=O)[C@H](O)C(C)(C)COP(=O)(O)OP(=O)(O)OC[C@H]1O[C@@H](n2cnc3c(N)ncnc32)[C@H](O)[C@@H]1OP(=O)(O)O	MOYMQYZWIUKGGY-JBKAVQFISA-N
tetracosanoylcarnitine	CCCCCCCCCCCCCCCCCCCCCCCCO[C@H](CC(=O)O)C[N+](C)(C)C	WMMCQGKGLKWABC-SSEXGKCCSA-O
tetradecanal	CCCCCCCCCCCCCC=O	UHUFTBALEZWWIH-UHFFFAOYSA-N
tetradecanoylcarnitine	CCCCCCCCCCCCCC(=O)O[C@H](CC(=O)[O-])C[N+](C)(C)C	PSHXNVGSVNEJBD-LJQANCHMSA-N
tetradecenoylcarnitine(5)	CCCCCCCC/C=C/CCCC(=O)O[C@H](CC(=O)[O-])C[N+](C)(C)C	NNCBVXBBLABOCB-JXOMPUQVSA-N
tetrahydrobiopterin	CC(O)C(O)C1CNc2nc(N)[nH]c(=O)c2N1	FNKQXYHWGSIFBK-UHFFFAOYSA-N
tetrahydropteroyltri-L-glutamate	Nc1nc2c(c(=O)n1)N[C@@H](CNc1ccc(C(=O)N[C@@H](CCC(=O)N[C@@H](CCC(=O)N[C@@H](CCC(=O)O)C(=O)O)C(=O)O)C(=O)O)cc1)CN2	RXWVHRYZTWZATH-XSLAGTTESA-N
thiamin	Cc1ncc(C[n+]2csc(CCO)c2C)c(N)n1	JZRWCGZRTZMZEH-UHFFFAOYSA-N
thiamin-P	Cc1ncc(C[n+]2csc(CCOP(=O)([O-])[O-])c2C)c(N)n1	HZSAJDVWZRBGIF-UHFFFAOYSA-M
thiamin-PP	Cc1ncc(C[n+]2csc(CCOP(=O)([O-])OP(=O)([O-])[O-])c2C)c(N)n1	AYEKOFBPNLCAJY-UHFFFAOYSA-L
thiamin-PPP	Cc1ncc(C[n+]2csc(CCOP(=O)([O-])OP(=O)([O-])OP(=O)([O-])[O-])c2C)c(N)n1	IWLROWZYZPNOFC-UHFFFAOYSA-K
thiocyanate	N#C[S-]	ZMZDMBWJUHKJPS-UHFFFAOYSA-M
thiocysteine	N[C@@H](CSS)C(=O)O	XBKONSCREBSMCS-REOHCLBHSA-N
thiol	[*]S	RWSOTUBLDIXVET-UHFFFAOYSA-N
thiopurine	S=c1[nH]cnc2nc[nH]c12	GLVAUDGFNGKCSF-UHFFFAOYSA-N
thioredoxin		SSISHJJTAXXQAX-ZETCQYMHSA-O
thiosulfate	O=S(=O)([O-])[S-]	DHCDFWKWKRSZHF-UHFFFAOYSA-L
threonate	O=C(O)[C@H](O)[C@@H](O)CO	JPIJQSOTBSSVTP-STHAYSLISA-N
threonine	C[C@@H](O)[C@H]([NH3+])C(=O)[O-]	AYFVYJQAPQTCCC-GBXIJSLDSA-N
thromboxane A2	CCCCC[C@H](O)/C=C/[C@H]1O[C@H]2C[C@H](O2)[C@@H]1C/C=C\CCCC(=O)[O-]	DSNBHJFQCNUKMA-SCKDECHMSA-M
thromboxane B2	CCCCC[C@H](O)/C=C/[C@H]1OC(O)C[C@H](O)[C@@H]1C/C=C\CCCC(=O)O	XNRNNGPBEPRNAR-JQBLCGNGSA-N
thymidine	Cc1cn([C@H]2C[C@H](O)[C@@H](CO)O2)c(=O)[nH]c1=O	IQFYYKKMVGJFEH-XLPZGREQSA-N
thymine	Cc1c[nH]c(=O)[nH]c1=O	RWQNBRDOKXIBIV-UHFFFAOYSA-N
thyroxine	N[C@@H](Cc1cc(I)c(Oc2cc(I)c(O)c(I)c2)c(I)c1)C(=O)O	XUIIKFGFIJCVMT-LBPRGKRZSA-N
tiglyl-CoA	C/C=C(\C)C(=O)SCCNC(=O)CCNC(=O)[C@H](O)C(C)(C)COP(=O)(O)OP(=O)(O)OC[C@H]1O[C@@H](n2cnc3c(N)ncnc32)[C@H](O)[C@@H]1OP(=O)(O)O	PMWATMXOQQZNBX-DKBZLLMOSA-N
tolbutamide	CCCCNC(=O)NS(=O)(=O)c1ccc(C)cc1	JLRGJRBPOGGCBT-UHFFFAOYSA-N
trans,cis,cis,cis,cis-2,10,13,16,19-docosapentaenoyl-CoA	CCC=CCC=CCC=CCC=CCCCCCCC=CC(=O)SCCNC(=O)CCNC(=O)C(C(C)(C)COP(=O)(O)OP(=O)(O)OCC1C(C(C(O1)N2C=NC3=C(N=CN=C32)N)O)OP(=O)(O)O)O	YGPXPVHOFOFFGA-ZTZKHISVSA-N
trans,cis,cis,cis,cis-2,12,15,18,21-tetracosapentaenoyl-CoA	CCC=CCC=CCC=CCC=CCCCCCCCCC=CC(=O)SCCNC(=O)CCNC(=O)C(C(C)(C)COP(=O)(O)OP(=O)(O)OCC1C(C(C(O1)N2C=NC3=C(N=CN=C32)N)O)OP(=O)(O)O)O	PJWUUOREXKKLME-RMETWYQESA-N
trans,cis,cis,cis-2,10,13,16-docosatetraenoyl-CoA	CCCCCC=CCC=CCC=CCCCCCCC=CC(=O)SCCNC(=O)CCNC(=O)C(C(C)(C)COP(=O)(O)OP(=O)(O)OCC1C(C(C(O1)N2C=NC3=C(N=CN=C32)N)O)OP(=O)(O)O)O	KFIUKMFBVDDVDZ-ARTVEORNSA-N
trans,cis,cis,cis-2,11,14,17-eicosatetraenoyl-CoA	CC/C=C\C/C=C\C/C=C\CCCCCCC/C=C/C(=O)SCCNC(=O)CCNC(=O)[C@H](O)C(C)(C)COP(=O)([O-])OP(=O)([O-])OC[C@H]1O[C@@H](n2cnc3c(N)ncnc32)[C@H](O)[C@@H]1OP(=O)([O-])[O-]	YJKOIKYLHSMLHC-ATRRWJJYSA-J
trans,cis,cis-2,11,14-eicosatrienoyl-CoA	CCCCCC=CCC=CCCCCCCCC=CC(=O)SCCNC(=O)CCNC(=O)C(C(C)(C)COP(=O)(O)OP(=O)(O)OCC1C(C(C(O1)N2C=NC3=C(N=CN=C32)N)O)OP(=O)(O)O)O	JLHULLPFTGLIGF-ZHDAHOHXSA-N
trans,cis-2,11-eicosadienoyl-CoA	CCCCCCCC/C=C\CCCCCCC/C=C/C(=O)SCCNC(=O)CCNC(=O)C(O)C(C)(C)COP(=O)([O-])OP(=O)([O-])OCC1O[C@H](n2cnc3c(N)ncnc32)C(O)C1OP(=O)([O-])[O-]	LAECEUXZOONXDY-HSHMGGPLSA-J
trans,cis-2,13-docosadienoyl-CoA	CCCCCCCC/C=C\CCCCCCCCC/C=C/C(=O)SCCNC(=O)CCNC(=O)C(O)C(C)(C)COP(=O)([O-])OP(=O)([O-])OCC1O[C@H](n2cnc3c(N)ncnc32)C(O)C1OP(=O)([O-])[O-]	UYOUIGJQABBRNN-NXIJUQBUSA-J
trans,cis-2,15-tetracosadienoyl-CoA	CCCCCCCC/C=C\CCCCCCCCCCC/C=C/C(=O)SCCNC(=O)CCNC(=O)C(O)C(C)(C)COP(=O)([O-])OP(=O)([O-])OCC1O[C@H](n2cnc3c(N)ncnc32)C(O)C1OP(=O)([O-])[O-]	VXYLAQGCUVCPNJ-HOOSPARASA-J
trans,cis-hexadeca-2,7-dienoyl-CoA	CCCCCCCC/C=C\CCC/C=C/C(=O)SCCNC(=O)CCNC(=O)[C@H](O)C(C)(C)COP(=O)([O-])OP(=O)([O-])OC[C@H]1O[C@@H](n2cnc3c(N)ncnc32)[C@H](O)[C@@H]1OP(=O)([O-])[O-]	YQARRKBGBKPBCX-DVZFGLDUSA-J
trans,cis-hexadeca-2,9-dienoyl-CoA	CCCCCC/C=C\CCCCC/C=C/C(=O)SCCN=C(O)CCN=C(O)[C@H](O)C(C)(C)COP(=O)(O)OP(=O)(O)OC[C@@H]1O[C@H](n2cnc3c(N)ncnc32)[C@H](O)[C@@H]1OP(=O)(O)O	BEQWCBBSKHMRCA-LQTMVLMDSA-N
trans,cis-lauro-2,6-dienoyl-CoA	CCCCC/C=C\CC/C=C/C(=O)SCCNC(=O)CCNC(=O)[C@H](O)C(C)(C)COP(=O)(O)OP(=O)(O)OC[C@H]1O[C@@H](n2cnc3c(N)ncnc32)[C@H](O)[C@@H]1OP(=O)(O)O	BNPQDIKRZDRREL-GQUYLXGASA-N
trans,cis-myristo-2,5-dienoyl-CoA	CCCCCCCC/C=C\C/C=C/C(=O)SCCNC(=O)CCNC(=O)[C@H](O)C(C)(C)COP(=O)([O-])OP(=O)([O-])OC[C@H]1O[C@@H](n2cnc3c(N)ncnc32)[C@H](O)[C@@H]1OP(=O)([O-])[O-]	JVEFYXPCQBMMAA-ZMLWRGBOSA-J
trans,cis-octadeca-2,11-dienoyl-CoA	CCCCCC/C=C\CCCCCCC/C=C/C(=O)SCCNC(=O)CCNC(=O)[C@H](O)C(C)(C)COP(=O)([O-])OP(=O)([O-])OC[C@H]1O[C@@H](n2cnc3c(N)ncnc32)[C@H](O)[C@@H]1OP(=O)([O-])[O-]	OPMPWWFMNYWBGF-PKYBCSRXSA-J
trans,cis-octadeca-2,9-dienoyl-CoA	CCCCCCCC/C=C\CCCCC/C=C/C(=O)SCCNC(=O)CCNC(=O)[C@H](O)C(C)(C)COP(=O)([O-])OP(=O)([O-])OC[C@H]1O[C@@H](n2cnc3c(N)ncnc32)[C@H](O)[C@@H]1OP(=O)([O-])[O-]	REOYMONHGHULEY-PPSVNWDXSA-J
trans-2,3-dehydropristanoyl-CoA	C/C(=C\CCC(C)CCCC(C)CCCC(C)C)C(=O)SCCNC(=O)CCNC(=O)[C@H](O)C(C)(C)COP(=O)([O-])OP(=O)([O-])OC[C@H]1O[C@@H](n2cnc3c(N)ncnc32)[C@H](O)[C@@H]1OP(=O)([O-])[O-]	WLOASZHRLIOYIA-TXRROMTDSA-J
trans-2-all-cis-6,9,12,15,18-tetracosahexaenoyl-CoA	CCCCC/C=C\C/C=C\C/C=C\C/C=C\C/C=C\CC/C=C/C(=O)SCCNC(=O)CCNC(=O)[C@H](O)C(C)(C)COP(=O)([O-])OP(=O)([O-])OC[C@H]1O[C@@H](n2cnc3c(N)ncnc32)[C@H](O)[C@@H]1OP(=O)([O-])[O-]	UYOKHWFEUAJFMG-UIYHDVLFSA-J
trans-2-cis,cis,cis-8,11,14-eicosatetraenoyl-CoA	CCCCC/C=C\C/C=C\C/C=C\CCCC/C=C/C(=O)SCCNC(=O)CCNC(=O)[C@H](O)C(C)(C)COP(=O)([O-])OP(=O)([O-])OC[C@H]1O[C@@H](n2cnc3c(N)ncnc32)[C@H](O)[C@@H]1OP(=O)([O-])[O-]	WQDZFNIBNFNRLF-XBLGNFGOSA-J
trans-2-methyl-5-isopropylhexa-2,5-dienoyl-CoA	CC(C)C(=C)CC=C(C)C(=O)SCCNC(=O)CCNC(=O)C(C(C)(C)COP(=O)(O)OP(=O)(O)OCC1C(C(C(O1)N2C=NC3=C(N=CN=C32)N)O)OP(=O)(O)O)O	MPYXOYHSKAAPLW-WIBDGYJISA-N
trans-3,4-dihydro-3,4-dihydroxy-7,12-dimethylbenz[a]anthracene	Cc1c2ccccc2c(C)c2c3c(ccc12)[C@H](O)[C@@H](O)C=C3	YZIIKMBFHLJAFT-ICSRJNTNSA-N
trans-3-cis-5,8,11,14-eicosapentaenoyl-CoA	CCCCC/C=C\C/C=C\C/C=C\C/C=C\C=C\CC(=O)SCCNC(=O)CCNC(=O)[C@H](O)C(C)(C)COP(=O)([O-])OP(=O)([O-])OC[C@H]1O[C@@H](n2cnc3c(N)ncnc32)[C@H](O)[C@@H]1OP(=O)([O-])[O-]	PHIGJHMEMQBUMA-MHBLKGGESA-J
trans-3-decenoyl-CoA	CCCCCC/C=C/CC(=O)SCCNC(=O)CCNC(=O)[C@H](O)C(C)(C)COP(=O)([O-])OP(=O)([O-])OC[C@H]1O[C@@H](n2cnc3c(N)ncnc32)[C@H](O)[C@@H]1OP(=O)([O-])[O-]	CQGVNMQHZQJNII-ZJZQAHHTSA-J
trans-4,5-epoxy-(2E)-decenal	CCCCCC1OC1/C=C/C=O	HIOMEXREAUSUBP-FNORWQNLSA-N
trans-4-hydroxy-L-proline	O=C(O)[C@@H]1C[C@@H](O)CN1	PMMYEEVYMWASQN-DMTCNVIQSA-N
trans-5,6-dihydro-5,6-dihydroxy-7,12-dimethylbenz[a]anthracene	Cc1c2c(c(C)c3ccccc13)[C@H](O)[C@@H](O)c1ccccc1-2	SGVWCDYKBWRHKJ-PMACEKPBSA-N
trehalose	OC[C@H]1O[C@H](O[C@H]2O[C@H](CO)[C@@H](O)[C@H](O)[C@H]2O)[C@H](O)[C@@H](O)[C@@H]1O	HDTRYLNUVZCQOY-LIZSDCNHSA-N
trichloroacetate	O=C([O-])C(Cl)(Cl)Cl	YNJBWRMUSHSURL-UHFFFAOYSA-M
trichloroethanol	OCC(Cl)(Cl)Cl	KPWDGTGXUYRARH-UHFFFAOYSA-N
trichloroethanol glucuronide	O=C(O)[C@H]1O[C@@H](OCC(Cl)(Cl)Cl)[C@H](O)[C@@H](O)[C@@H]1O	IQOASJJGUQMXDW-GHQVIJFQSA-N
trichloroethene	ClC=C(Cl)Cl	XSTXAVWGXDQKEL-UHFFFAOYSA-N
tricosanoic acid	CCCCCCCCCCCCCCCCCCCCCCC(=O)[O-]	XEZVDURJDFGERA-UHFFFAOYSA-M
tricosanoyl-CoA	CCCCCCCCCCCCCCCCCCCCCCC(=O)SCCNC(=O)CCNC(=O)[C@H](O)C(C)(C)COP(=O)([O-])OP(=O)([O-])OC[C@H]1O[C@@H](n2cnc3c(N)ncnc32)[C@H](O)[C@@H]1OP(=O)([O-])[O-]	GBAQBZWAXMYXRJ-IDCBOFBBSA-J
tricosanoylcarnitine	CCCCCCCCCCCCCCCCCCCCCCC(=O)OC(CC(=O)[O-])C[N+](C)(C)C	WMGNVECUKWPFJX-UHFFFAOYSA-N
tridecanoyl-CoA	CCCCCCCCCCCCC(=O)SCCNC(=O)CCNC(=O)[C@H](O)C(C)(C)COP(=O)([O-])OP(=O)([O-])OC[C@H]1O[C@@H](n2cnc3c(N)ncnc32)[C@H](O)[C@@H]1OP(=O)([O-])[O-]	TZKUYUHMJHEXOQ-QYIUPXBKSA-J
tridecanoylcarnitine	CCCCCCCCCCCCC(=O)OC(CC(=O)[O-])C[N+](C)(C)C	OLAOWMDKXPIITQ-UHFFFAOYSA-N
tridecylic acid	CCCCCCCCCCCCC(=O)O	SZHOJFHSIKHZHA-UHFFFAOYSA-N
triiodothyronine	[NH3+][C@@H](Cc1cc(I)c(Oc2ccc(O)c(I)c2)c(I)c1)C(=O)[O-]	AUYYCJSJGJYCDS-LBPRGKRZSA-N
trimethylamine	CN(C)C	GETQZCLCWQTVFV-UHFFFAOYSA-N
trimethylamine-N-oxide	C[N+](C)(C)[O-]	UYPYRKYUKCHHIB-UHFFFAOYSA-N
trioxilin A3	CCCCC/C=C\C[C@@H](O)C(O)/C=C/C(O)C/C=C\CCCC(=O)O	WPLPEZUSILBTGP-LTNYKQEOSA-N
trioxilin B3	CCCCC/C=C\C[C@@H](O)[C@H](O)C(O)/C=C\C/C=C\CCCC(=O)[O-]	GOHNIXDAQODZKP-OZPSOFALSA-M
triphosphate	O=P([O-])([O-])OP(=O)([O-])OP(=O)([O-])[O-]	UNXRWKVEANCORM-UHFFFAOYSA-I
tryptamine	[NH3+]CCc1c[nH]c2ccccc12	APJYDQYYACXCRM-UHFFFAOYSA-O
tryptophan	N[C@@H](Cc1cnc2ccccc12)C(=O)O	QIVBCDIJIAJPQS-VIFPVBQESA-N
type I A glycolipid	CCCCCCCCCCCCC/C=C/[C@@H](O)[C@H](CO[C@@H]1O[C@H](CO)[C@@H](O[C@@H]2O[C@H](CO)[C@H](O)[C@H](O[C@@H]3O[C@H](CO)[C@@H](O)[C@H](O[C@@H]4O[C@H](CO)[C@H](O)[C@H](O[C@H]5O[C@H](CO)[C@H](O)[C@H](O)[C@H]5NC(C)=O)[C@H]4O[C@@H]4O[C@@H](C)[C@@H](O)[C@@H](O)[C@@H]4O)[C@H]3NC(C)=O)[C@H]2O)[C@H](O)[C@H]1O)NC([*])=O	
type I B glycolipid	CCCCCCCCCCCCC/C=C/[C@@H](O)[C@H](CO[C@@H]1O[C@H](CO)[C@@H](O[C@@H]2O[C@H](CO)[C@H](O)[C@H](O[C@@H]3O[C@H](CO)[C@@H](O)[C@H](O[C@@H]4O[C@H](CO)[C@H](O)[C@H](O[C@H]5O[C@H](CO)[C@H](O)[C@H](O)[C@H]5O)[C@H]4O[C@@H]4O[C@@H](C)[C@@H](O)[C@@H](O)[C@@H]4O)[C@H]3NC(C)=O)[C@H]2O)[C@H](O)[C@H]1O)NC([*])=O	
type I H glycolipid	CCCCCCCCCCCCC/C=C/[C@@H](O)[C@H](CO[C@@H]1O[C@H](CO)[C@@H](O[C@@H]2O[C@H](CO)[C@H](O[C@@H]3O[C@H](CO)[C@@H](O)[C@H](O[C@@H]4O[C@H](CO)[C@H](O)[C@H](O)[C@H]4O[C@@H]4O[C@@H](C)[C@@H](O)[C@@H](O)[C@@H]4O)[C@H]3NC(C)=O)[C@H](O)[C@H]2O)[C@H](O)[C@H]1O)NC([*])=O	
type II A antigen	CCCCCCCCCCCCCC=CC(C(COC1C(C(C(C(O1)CO)OC2C(C(C(C(O2)CO)O)OC3C(C(C(C(O3)CO)OC4C(C(C(C(O4)CO)O)OC5C(C(C(C(O5)CO)O)O)NC(=O)C)OC6C(C(C(C(O6)C)O)O)O)O)NC(=O)C)O)O)O)NC=O)O	KVRRRBGUKMSKJJ-LYKMOTPCSA-N
type II B antigen	CCCCCCCCCCCCCC=CC(C(COC1C(C(C(C(O1)CO)OC2C(C(C(C(O2)CO)O)OC3C(C(C(C(O3)CO)OC4C(C(C(C(O4)CO)O)OC5C(C(C(C(O5)CO)O)O)O)OC6C(C(C(C(O6)C)O)O)O)O)NC(=O)C)O)O)O)NC=O)O	AHHUYYIVEONMDW-LLLQYKMPSA-N
tyramine	[NH3+]CCc1ccc(O)cc1	DZGWFCGJZKJUFP-UHFFFAOYSA-O
tyramine-O-sulfate	NCCc1ccc(OS(=O)(=O)O)cc1	DYDUXGMDSXJQFT-UHFFFAOYSA-N
tyrosine	[NH3+][C@@H](Cc1ccc(O)cc1)C(=O)[O-]	OUYCCCASQSFEME-QMMMGPOBSA-N
ubiquinol	COc1c(O)c(C)c(CC=C(C)C)c(O)c1OC	TVLSKGDBUQMDPR-UHFFFAOYSA-N
ubiquinone	COC1=C(OC)C(=O)C(CC=C(C)C)=C(C)C1=O	SOECUQMRSRVZQQ-UHFFFAOYSA-N
ubiquitin	C(C(=O)O)C(CC(=O)O)(C(=O)O)O	KRKNYBCHXYNGOX-UHFFFAOYSA-N
umbelliferone	O=c1ccc2ccc(O)cc2o1	ORHBXUUXSCNDEV-UHFFFAOYSA-N
undecanoyl-CoA	CCCCCCCCCCC(=O)SCCNC(=O)CCNC(=O)[C@H](O)C(C)(C)COP(=O)([O-])OP(=O)([O-])OC[C@H]1O[C@@H](n2cnc3c(N)ncnc32)[C@H](O)[C@@H]1OP(=O)([O-])[O-]	IZWCGXGZGYKDHR-GRBGHKMPSA-J
undecylic acid	CCCCCCCCCCC(=O)[O-]	ZDPHROOEEOARMN-UHFFFAOYSA-M
uracil	O=c1cc[nH]c(=O)[nH]1	ISAKRJDGNUQOIC-UHFFFAOYSA-N
urate	O=c1[nH]c(=O)c2[nH]c(=O)[nH]c2[nH]1	LEHOTFFKMJEONL-UHFFFAOYSA-N
urea	NC(N)=O	XSQUKJJJFZCRTK-UHFFFAOYSA-N
ureidoglycolate	NC(=O)N[C@@H](O)C(=O)O	NWZYYCVIOKVTII-SFOWXEAESA-N
uridine	O=c1ccn([C@@H]2O[C@H](CO)[C@@H](O)[C@H]2O)c(=O)[nH]1	DRTQHJPVMGBUCF-XVFCMESISA-N
urocanate	O=C(O)/C=C/c1cncn1	LOIYMIARKYCTBW-OWOJBTEDSA-N
uroporphyrin	O=C(O)CCC1=C(CC(=O)O)c2cc3[nH]c(cc4nc(cc5[nH]c(cc1n2)c(CC(=O)O)c5CCC(=O)O)C(CCC(=O)O)=C4CC(=O)O)c(CC(=O)O)c3CCC(=O)O	VZVFNUAIRVUCEW-UJJXFSCMSA-N
uroporphyrin I	O=C(O)CCC1=C(CC(=O)O)c2cc3[nH]c(cc4nc(cc5[nH]c(cc1n2)c(CC(=O)O)c5CCC(=O)O)C(CC(=O)O)=C4CCC(=O)O)c(CC(=O)O)c3CCC(=O)O	DAFUFNRZWDWXJP-JRHDEHKPSA-N
uroporphyrinogen	O=C([O-])CCc1c2[nH]c(c1CC(=O)[O-])Cc1[nH]c(c(CC(=O)[O-])c1CCC(=O)[O-])Cc1[nH]c(c(CC(=O)[O-])c1CCC(=O)[O-])Cc1[nH]c(c(CCC(=O)[O-])c1CC(=O)[O-])C2	HUHWZXWWOFSFKF-UHFFFAOYSA-F
uroporphyrinogen I	O=C(O)CCc1c2nc(c1CC(=O)O)Cc1nc(c(CC(=O)O)c1CCC(=O)O)Cc1nc(c(CC(=O)O)c1CCC(=O)O)Cc1nc(c(CC(=O)O)c1CCC(=O)O)C2	QTTNOSKSLATGQB-UHFFFAOYSA-N
ursodeoxycholate	[H][C@@]12C[C@H](O)CC[C@]1(C)[C@@]1([H])CC[C@@]3(C)[C@@]([H])(CC[C@]3([H])[C@H](C)CCC(=O)O)[C@]1([H])[C@@H](O)C2	RUDATBOHQWOJDD-UZVSRGJWSA-N
valeric acid	CCCCC(=O)[O-]	NQPDZGIKBAWPEJ-UHFFFAOYSA-M
valine	CC(C)[C@H]([NH3+])C(=O)[O-]	KZSNJWFQEVHDMF-BYPYZUCNSA-N
vanillylmandelate	COC1=C(C=CC(=C1)C(C(=O)[O-])O)O	CGQCWMIAEPEHNQ-UHFFFAOYSA-M
vitamin D2	C=C1CC[C@H](O)C/C1=C/C=C1\CCC[C@@]2(C)[C@H]1CC[C@@H]2[C@H](C)/C=C/[C@H](C)C(C)C	MECHNRXZTMCUDQ-RKHKHRCZSA-N
vitamin D3	C=C1CC[C@H](O)C/C1=C/C=C1\CCC[C@@]2(C)[C@H]1CC[C@@H]2[C@H](C)CCCC(C)C	QYSXJUFSXHHAJI-YRZJJWOYSA-N
vitamin K	CC1=C([*])C(=O)c2ccccc2C1=O	MBWXNTAXLNYFJB-LKUDQCMESA-N
vitamin K epoxide	CC12OC1([*])C(=O)c1ccccc1C2=O	KUTXFBIHPWIDJQ-UHFFFAOYSA-N
xanthine	O=c1[nH]c(=O)c2nc[nH]c2[nH]1	LRFVTYWOQMYALW-UHFFFAOYSA-N
xanthosine	O=c1[nH]c(=O)c2ncn([C@@H]3O[C@H](CO)[C@@H](O)[C@H]3O)c2[nH]1	UBORTCNDUKBEOP-UUOKFMHZSA-N
xanthosine-5-phosphate	O=c1nc(=O)c2ncn([C@@H]3O[C@H](COP(=O)(O)O)[C@@H](O)[C@H]3O)c2n1	DCTLYFZHFGENCW-UUOKFMHZSA-N
xanthurenate	O=C([O-])c1cc(O)c2cccc(O)c2n1	FBZONXHGGPHHIY-UHFFFAOYSA-M
xanthurenate-8-O-beta-D-glucoside	C1=CC2=C(C(=C1)OC3C(C(C(C(O3)CO)O)O)O)NC(=CC2=O)C(=O)O	MYFHOUJDPFBJLH-XGJKELJWSA-N
ximenic acid	CCCCCCCCC=CCCCCCCCCCCCCCCCC(=O)O	RQIDQEBURXNDKG-KTKRTIGZSA-N
xylitol	C(C(C(C(CO)O)O)O)O	HEBKCHPVOIAQTA-NGQZWQHPSA-N
zinc	[Zn+2]	PTFCDOFLOPIGGS-UHFFFAOYSA-N
zymosterol	CC(C)=CCC[C@@H](C)[C@H]1CC[C@H]2C3=C(CC[C@@]21C)[C@@]1(C)CC[C@H](O)C[C@@H]1CC3	CGSJXLIKVBJVRY-XTGBIJOFSA-N
