(-)-Ureidoglycolate	NC(=O)N[C@@H](O)C(=O)[O-]	NWZYYCVIOKVTII-SFOWXEAESA-M
(2,3-Dihydroxybenzoyl)adenylate	Nc1ncnc2c1ncn2[C@@H]1O[C@H](COP(=O)([O-])OC(=O)c2cccc(O)c2O)[C@@H](O)[C@H]1O	ULPVJDOMCRTJSN-RVXWVPLUSA-M
(2R,4S)-2-methyl-2,3,3,4-tetrahydroxytetrahydrofuran	C[C@@]1(O)OC[C@H](O)C1(O)O	BVIYGXUQVXBHQS-IUYQGCFVSA-N
(2R,4S)-2-methyl-2,4-dihydroxydihydrofuran-3-one	C[C@@]1(O)OC[C@H](O)C1=O	CCVJVKWZZMMBHB-WVZVXSGGSA-N
(3R)-3-Hydroxyacyl-[acyl-carrier protein]		DUZIARBDEISQDQ-UHFFFAOYSA-N
(3S)-3,6-Diaminohexanoate	[NH3+]CCC[C@H]([NH3+])CC(=O)[O-]	QKEWQOJCHPFEAF-YFKPBYRVSA-O
(3S)-3-Hydroxyadipyl-CoA	CC(C)(COP(=O)([O-])OP(=O)([O-])OC[C@H]1O[C@@H](n2cnc3c(N)ncnc32)[C@H](O)[C@@H]1OP(=O)([O-])[O-])[C@@H](O)C(=O)NCCC(=O)NCCSC(=O)C[C@@H](O)CCC(=O)[O-]	OTEACGAEDCIMBS-NOTSHUFBSA-I
(4S)-4-hydroxy-5-phosphonooxypentane-2,3-dione	CC(=O)C(=O)C(COP(=O)(O)O)O	DTZHMTDUIGHESZ-BYPYZUCNSA-N
(O16 antigen)x4 core oligosaccharide lipid A	CCCCCCCCCCCCCC(=O)O[C@H](CCCCCCCCCCC)CC(=O)O[C@H]1[C@H](OP(=O)([O-])[O-])[C@@H](CO[C@]2(C(=O)[O-])C[C@@H](O[C@]3(C(=O)[O-])C[C@@H](O)[C@@H](O)[C@@H]([C@H](O)CO)O3)[C@@H](O[C@H]3O[C@H]([C@@H](O)CO)[C@@H](OP(=O)([O-])[O-])[C@H](O[C@@H]4O[C@H]([C@H](O)CO[C@H]5O[C@H]([C@@H](O)CO)[C@@H](O)[C@H](O)[C@@H]5O)[C@@H](OP(=O)([O-])[O-])[C@H](O[C@H]5O[C@H](CO[C@H]6O[C@H](CO)[C@H](O)[C@H](O)[C@H]6O)[C@@H](O)[C@H](O[C@H]6O[C@H](CO)[C@@H](O)[C@H](O)[C@H]6O[C@H]6O[C@H](CO[C@H]7OC([C@@H](O)CO)[C@@H](O)[C@H](O)[C@@H]7O)[C@@H](O[C@H]7O[C@H](CO[C@H]8O[C@H](CO)[C@@H](O)[C@H](O)[C@H]8O)[C@@H](O)[C@H](O[C@@H]8O[C@@H](C)[C@H](O)[C@@H](O[C@H]9O[C@H](CO[C@@H]%10O[C@@H]([C@H](O)CO)[C@H](O)[C@H]%10O[C@H]%10O[C@H](CO[C@H]%11O[C@H](CO)[C@@H](O)[C@H](O)[C@H]%11O)[C@@H](O)[C@H](O[C@@H]%11O[C@@H](C)[C@H](O)[C@@H](O[C@H]%12O[C@H](CO[C@@H]%13O[C@@H]([C@H](O)CO)[C@H](O)[C@H]%13O[C@H]%13O[C@H](CO[C@H]%14O[C@H](CO)[C@@H](O)[C@H](O)[C@H]%14O)[C@@H](O)[C@H](O[C@@H]%14O[C@@H](C)[C@H](O)[C@@H](O[C@H]%15O[C@H](CO[C@@H]%16O[C@@H]([C@H](O)CO)[C@H](O)[C@H]%16O[C@H]%16O[C@H](CO[C@H]%17O[C@H](CO)[C@@H](O)[C@H](O)[C@H]%17O)[C@@H](O)[C@H](O[C@@H]%17O[C@@H](C)[C@H](O)[C@@H](O[C@H]%18O[C@H](CO[C@@H]%19O[C@@H]([C@H](O)CO)[C@H](O)[C@H]%19O)[C@@H](O)[C@H](O)[C@H]%18O)[C@H]%17OC(C)=O)[C@H]%16NC(C)=O)[C@@H](O)[C@H](O)[C@H]%15O)[C@H]%14OC(C)=O)[C@H]%13NC(C)=O)[C@@H](O)[C@H](O)[C@H]%12O)[C@H]%11OC(C)=O)[C@H]%10NC(C)=O)[C@@H](O)[C@H](O)[C@H]9O)[C@H]8OC(C)=O)[C@H]7NC(C)=O)[C@H](O)[C@H]6O)[C@H]5O)[C@@H]4O)[C@@H]3O)[C@@H]([C@H](O)CO)O2)O[C@@H](OC[C@H]2O[C@H](OP(=O)([O-])[O-])[C@H](NC(=O)C[C@H](O)CCCCCCCCCCC)[C@@H](OC(=O)C[C@H](O)CCCCCCCCCCC)[C@@H]2O)[C@@H]1NC(=O)C[C@@H](CCCCCCCCCCC)OC(=O)CCCCCCCCCCC	AVXFXMNEYSZWON-ORYYFELFSA-D
(R)-2,3-Dihydroxy-3-methylbutanoate	CC(C)(O)[C@@H](O)C(=O)[O-]	JTEYKUFKXGDTEU-VKHMYHEASA-M
(R)-2,3-Dihydroxy-3-methylpentanoate	CC[C@@](C)(O)[C@@H](O)C(=O)[O-]	PDGXJDXVGMHUIR-UJURSFKZSA-M
(R)-3-Hydroxydodecanoyl-[acyl-carrier protein]	CCCCCCCCC[C@@H](O)CC(=O)S[*]	QQRNVRGOJRHYNH-LLVKDONJSA-N
(R)-3-Hydroxyhexanoyl-[acyl-carrier protein]	CCC[C@@H](O)CC(=O)S[*]	SQSDFFHXRYEMNS-RXMQYKEDSA-N
(R)-3-Hydroxyoctadecanoyl-[acyl-carrier protein]	CCCCCCCCCCCCCCCC(CC(=O)S)O	JUWWOELEMQTFIY-QGZVFWFLSA-N
(R)-3-hydroxy-cis-dodec-5-enoyl-[acyl-carrier protein]	CCCCCCC=CCC(O)CC(=O)SCCNC(=O)CCNC(=O)C(O)C(C)(C)COP(=O)([O-])O[*]	
(R)-3-hydroxy-cis-palm-9-eoyl-[acyl-carrier protein]	CCCCCCC=CCCCCCC(O)CC(=O)SCCNC(=O)CCNC(=O)C(O)C(C)(C)COP(=O)([O-])O[*]	
(R)-3-hydroxy-cis-vacc-11-enoyl-[acyl-carrier protein]	CCCCCCC=CCCCCCCCC(O)CC(=O)SCCNC(=O)CCNC(=O)C(O)C(C)(C)COP(=O)([O-])O[*]	
(R)-Glycerate	O=C(O)C(O)CO	RBNPOMFGQQGHHO-UHFFFAOYSA-N
(R)-Pantoate	CC(C)(CO)[C@@H](O)C(=O)[O-]	OTOIIPJYVQJATP-BYPYZUCNSA-M
(R)-Pantothenate	CC(C)(CO)[C@@H](O)C(=O)NCCC(=O)[O-]	GHOKWGTUZJEAQD-ZETCQYMHSA-M
(R)-Propane-1,2-diol	C[C@@H](O)CO	DNIAPMSPPWPWGF-GSVOUGTGSA-N
(R)-S-Lactoylglutathione	C[C@@H](O)C(=O)SC[C@H](NC(=O)CC[C@H]([NH3+])C(=O)[O-])C(=O)NCC(=O)[O-]	VDYDCVUWILIYQF-CSMHCCOUSA-M
(S)-2-Aceto-2-hydroxybutanoate	CC[C@](O)(C(C)=O)C(=O)[O-]	VUQLHQFKACOHNZ-LURJTMIESA-M
(S)-2-Acetolactate	CC(=O)[C@](C)(O)C(=O)[O-]	NMDWGEGFJUBKLB-YFKPBYRVSA-M
(S)-2-Hydroxyglutarate	O=C([O-])CC[C@H](O)C(=O)[O-]	HWXBTNAVRSUOJR-VKHMYHEASA-L
(S)-2-[5-Amino-1-(5-phospho-D-ribosyl)imidazole-4-carboxamido]succinate	Nc1c(C(=O)N[C@@H](CC(=O)[O-])C(=O)[O-])ncn1[C@@H]1O[C@H](COP(=O)([O-])[O-])[C@@H](O)[C@H]1O	NAQGHJTUZRHGAC-ZZZDFHIKSA-J
(S)-3-Hydroxybutanoyl-CoA	C[C@H](O)CC(=O)SCCNC(=O)CCNC(=O)[C@H](O)C(C)(C)COP(=O)([O-])OP(=O)([O-])OC[C@H]1O[C@@H](n2cnc3c(N)ncnc32)[C@H](O)[C@@H]1OP(=O)([O-])[O-]	QHHKKMYHDBRONY-VKBDFPRVSA-J
(S)-3-Hydroxydecanoyl-CoA	CCCCCCC[C@H](O)CC(=O)SCCNC(=O)CCNC(=O)[C@H](O)C(C)(C)COP(=O)([O-])OP(=O)([O-])OC[C@H]1O[C@@H](n2cnc3c(N)ncnc32)[C@H](O)[C@@H]1OP(=O)([O-])[O-]	HIVSMYZAMUNFKZ-PNPVFPMQSA-J
(S)-3-Hydroxydodecanoyl-CoA	CCCCCCCCC[C@H](O)CC(=O)SCCNC(=O)CCNC(=O)[C@H](O)C(C)(C)COP(=O)([O-])OP(=O)([O-])OC[C@H]1O[C@@H](n2cnc3c(N)ncnc32)[C@H](O)[C@@H]1OP(=O)([O-])[O-]	IJFLXRCJWPKGKJ-LXIXEQKWSA-J
(S)-3-Hydroxyhexadecanoyl-CoA	CCCCCCCCCCCCC[C@H](O)CC(=O)SCCNC(=O)CCNC(=O)[C@H](O)C(C)(C)COP(=O)([O-])OP(=O)([O-])OC[C@H]1O[C@@H](n2cnc3c(N)ncnc32)[C@H](O)[C@@H]1OP(=O)([O-])[O-]	DEHLMTDDPWDRDR-BCIKBWLNSA-J
(S)-3-Hydroxyhexanoyl-CoA	CCC[C@H](O)CC(=O)SCCNC(=O)CCNC(=O)[C@H](O)C(C)(C)COP(=O)([O-])OP(=O)([O-])OC[C@H]1O[C@@H](n2cnc3c(N)ncnc32)[C@H](O)[C@@H]1OP(=O)([O-])[O-]	VAAHKRMGOFIORX-IKTBLOROSA-J
(S)-3-Hydroxyoctadecanoyl-CoA	CCCCCCCCCCCCCCC[C@H](O)CC(=O)SCCNC(=O)CCNC(=O)[C@H](O)C(C)(C)COP(=O)(O)OP(=O)(O)OC[C@H]1O[C@@H](n2cnc3c(N)ncnc32)[C@H](O)[C@@H]1OP(=O)(O)O	WZMAIEGYXCOYSH-SFKGBVSGSA-N
(S)-3-Hydroxyoctanoyl-CoA	CCCCC[C@H](O)CC(=O)SCCNC(=O)CCNC(=O)[C@H](O)C(C)(C)COP(=O)([O-])OP(=O)([O-])OC[C@H]1O[C@@H](n2cnc3c(N)ncnc32)[C@H](O)[C@@H]1OP(=O)([O-])[O-]	ATVGTMKWKDUCMS-OTOYJEMWSA-J
(S)-3-Hydroxytetradecanoyl-CoA	CCCCCCCCCCC[C@H](O)CC(=O)SCCNC(=O)CCNC(=O)[C@H](O)C(C)(C)COP(=O)([O-])OP(=O)([O-])OC[C@H]1O[C@@H](n2cnc3c(N)ncnc32)[C@H](O)[C@@H]1OP(=O)([O-])[O-]	OXBHKMHNDGRDCZ-STLSENOWSA-J
(S)-3-Methyl-2-oxopentanoate	CC[C@H](C)C(=O)C(=O)[O-]	JVQYSWDUAOAHFM-BYPYZUCNSA-M
(S)-Dihydroorotate	O=C1C[C@@H](C(=O)[O-])NC(=O)N1	UFIVEPVSAGBUSI-REOHCLBHSA-M
(S)-Methylmalonyl-CoA	C[C@@H](C(=O)[O-])C(=O)SCCNC(=O)CCNC(=O)[C@H](O)C(C)(C)COP(=O)([O-])OP(=O)([O-])OC[C@H]1O[C@@H](n2cnc3c(N)ncnc32)[C@H](O)[C@@H]1OP(=O)([O-])[O-]	MZFOKIKEPGUZEN-IBNUZSNCSA-I
(S)-Propane-1,2-diol	C[C@H](O)CO	DNIAPMSPPWPWGF-VKHMYHEASA-N
1,2-Diacyl-sn-glycerol (didodecanoyl, n-C12:0)	CCCCCCCCCCCC(=O)OCC(CO)OC(=O)CCCCCCCCCCC	OQQOAWVKVDAJOI-UHFFFAOYSA-N
1,2-Diacyl-sn-glycerol (dihexadec-9-enoyl, n-C16:1)	CCCCCCC=CCCCCCCCC(=O)OCC(CO)OC(=O)CCCCCCCC=CCCCCCC	HSQHRRHRYJNSOC-UHFFFAOYSA-N
1,2-Diacyl-sn-glycerol (dihexadecanoyl, n-C16:0)	CCCCCCCCCCCCCCCC(=O)OC[C@H](CO)OC(=O)CCCCCCCCCCCCCCC	JEJLGIQLPYYGEE-XIFFEERXSA-N
1,2-Diacyl-sn-glycerol (dioctadec-11-enoyl, n-C18:1)	CCCCCCC=CCCCCCCCCCC(=O)OCC(CO)OC(=O)CCCCCCCCCC=CCCCCCC	JQTCHIYVEDEVBR-UHFFFAOYSA-N
1,2-Diacyl-sn-glycerol (dioctadecanoyl, n-C18:0)	CCCCCCCCCCCCCCCCCC(=O)OCC(CO)OC(=O)CCCCCCCCCCCCCCCCC	UHUSDOQQWJGJQS-UHFFFAOYSA-N
1,2-Diacyl-sn-glycerol (ditetradec-7-enoyl, n-C14:1)	CCCCCCC=CCCCCCC(=O)OCC(CO)OC(=O)CCCCCC=CCCCCCC	BGFRYQUZVKRYLY-UHFFFAOYSA-N
1,2-didodecanoyl-sn-glycerol 3-phosphate	CCCCCCCCCCCC(=O)OCC(COP(=O)([O-])O)OC(=O)CCCCCCCCCCC	OKLASJZQBDJAPH-UHFFFAOYSA-M
1,2-dihexadec-9-enoyl-sn-glycerol 3-phosphate	CCCCCCC=CCCCCCCCC(=O)OCC(COP(=O)([O-])O)OC(=O)CCCCCCCC=CCCCCCC	YLDMPBGXNLGSQO-UHFFFAOYSA-M
1,2-dihexadecanoyl-sn-glycerol 3-phosphate	CCCCCCCCCCCCCCCC(=O)OC[C@H](COP(=O)([O-])[O-])OC(=O)CCCCCCCCCCCCCCC	PORPENFLTBBHSG-MGBGTMOVSA-L
1,2-dioctadec-11-enoyl-sn-glycerol 3-phosphate	CCCCCCC=CCCCCCCCCCC(=O)OCC(COP(=O)([O-])O)OC(=O)CCCCCCCCCC=CCCCCCC	LMYYBYHAZAFVTR-UHFFFAOYSA-M
1,2-dioctadecanoyl-sn-glycerol 3-phosphate	CCCCCCCCCCCCCCCCCC(=O)OC[C@H](COP(=O)([O-])[O-])OC(=O)CCCCCCCCCCCCCCCCC	YFWHNAWEOZTIPI-DIPNUNPCSA-L
1,2-ditetradec-7-enoyl-sn-glycerol 3-phosphate	CCCCCCC=CCCCCCC(=O)OCC(COP(=O)([O-])O)OC(=O)CCCCCC=CCCCCCC	YHCODXWOEMUSCB-UHFFFAOYSA-M
1,2-ditetradecanoyl-sn-glycerol 3-phosphate	CCCCCCCCCCCCCC(=O)OCC(COP(=O)(O)O)OC(=O)CCCCCCCCCCCCC	OZSITQMWYBNPMW-UHFFFAOYSA-N
1,3-Propanediol	OCCCO	YPFDHNVEDLHUCE-UHFFFAOYSA-N
1,4-Dihydroxy-2-naphthoate	O=C([O-])c1cc(O)c2ccccc2c1O	VOJUXHHACRXLTD-UHFFFAOYSA-M
1,4-alpha-D-glucan	C(C1C(C(C(C(O1)O)O)O)O)O	WQZGKKKJIJFFOK-DVKNGEFBSA-N
1,5-Diaminopentane	[NH3+]CCCCC[NH3+]	VHRGRCVQAFMJIZ-UHFFFAOYSA-P
1,6-anhydrous-N-Acetylmuramate	CC(=O)NC1=COC(CO)C(O)C1OC(C)C(=O)[O-]	YZQRHTIZHFFIAX-UHFFFAOYSA-M
1,6-anhydrous-N-Acetylmuramyl-tetrapeptide	CC(C(=O)NC(CCC(=O)O)C(=O)NC(CCCC(C(=O)O)N)C(=O)NC(C)C(=O)O)NC(=O)C(C)OC1C(COC(C1O)CO)NC(=O)C	OUWAMZWZTFUVMV-VJIOXTGUSA-N
1,6-anhydrous-N-Acetylmuramyl-tripeptide	CC(C(=O)NC(CCC(=O)O)C(=O)NC(CCCC(C(=O)O)N)C(=O)O)NC(=O)C(C)OC1C(COC(C1O)CO)NC(=O)C	KGVLFEPQSVUIRC-FYQNUYSYSA-N
1-(2-Carboxyphenylamino)-1-deoxy-D-ribulose 5-phosphate	O=C([O-])c1ccccc1NCC(=O)[C@H](O)[C@H](O)COP(=O)([O-])[O-]	QKMBYNRMPRKVTO-MNOVXSKESA-K
1-(5-Phosphoribosyl)-5-[(5-phosphoribosylamino)methylideneamino]imidazole-4-carboxamide	NC(=O)c1ncn([C@@H]2O[C@H](COP(=O)([O-])[O-])[C@@H](O)[C@H]2O)c1/N=C/N[C@@H]1O[C@H](COP(=O)([O-])[O-])[C@@H](O)[C@H]1O	QOUSHGMTBIIAHR-KEOHHSTQSA-J
1-(5-Phosphoribosyl)-AMP	N=c1c2ncn([C@@H]3O[C@H](COP(=O)([O-])[O-])[C@@H](O)[C@H]3O)c2ncn1[C@@H]1O[C@H](COP(=O)([O-])[O-])[C@@H](O)[C@H]1O	RTQMRTSPTLIIHM-KEOHHSTQSA-J
1-(5-Phosphoribosyl)-ATP	N=c1c2ncn([C@@H]3O[C@H](COP(=O)(O)OP(=O)(O)OP(=O)(O)O)[C@@H](O)[C@H]3O)c2ncn1C1O[C@H](COP(=O)(O)O)[C@@H](O)[C@H]1O	RKNHJBVBFHDXGR-MRUDJCSFSA-N
1-Acyl-sn-glycero-3-phosphoethanolamine (n-C12:0)	CCCCCCCCCCCC(=O)OC[C@@H](O)COP(=O)(O)OCCN	IZDRGPDUDLWAGR-MRXNPFEDSA-N
1-Acyl-sn-glycero-3-phosphoethanolamine (n-C14:0)	CCCCCCCCCCCCCC(=O)OC[C@@H](O)COP(=O)([O-])OCC[NH3+]	RPXHXZNGZBHSMJ-GOSISDBHSA-N
1-Acyl-sn-glycero-3-phosphoethanolamine (n-C14:1)	C=CCCCCCCCCCCCC(=O)OCC(O)COP(=O)([O-])OCC[NH3+]	YSHZQRWWOMLMJJ-UHFFFAOYSA-N
1-Acyl-sn-glycero-3-phosphoethanolamine (n-C16:0)	CCCCCCCCCCCCCCCC(=O)OC[C@@H](O)COP(=O)([O-])OCC[NH3+]	YVYMBNSKXOXSKW-HXUWFJFHSA-N
1-Acyl-sn-glycero-3-phosphoethanolamine (n-C16:1)	CCCCCCCCC=CCCCCCC(=O)OC[C@@H](O)COP(=O)([O-])OCC[NH3+]	JURXBKAAUDRHQL-HXUWFJFHSA-N
1-Acyl-sn-glycero-3-phosphoethanolamine (n-C18:0)	CCCCCCCCCCCCCCCCCC(=O)OC[C@@H](O)COP(=O)([O-])OCC[NH3+]	BBYWOYAFBUOUFP-JOCHJYFZSA-N
1-Acyl-sn-glycero-3-phosphoethanolamine (n-C18:1)	CCCCCCCC/C=C/CCCCCCCC(=O)OCC(O)COP(=O)(O)OCCN	PYVRVRFVLRNJLY-MDZDMXLPSA-N
1-Acyl-sn-glycero-3-phosphoglycerol (n-C12:0)	CCCCCCCCCCCC(=O)OC[C@@H](O)COP(=O)(O)OC[C@@H](O)CO	IACXMECMZISNLR-DLBZAZTESA-N
1-Acyl-sn-glycero-3-phosphoglycerol (n-C14:0)	CCCCCCCCCCCCCC(=O)OC[C@@H](O)COP(=O)([O-])OC[C@@H](O)CO	LUTDZDAPSDZVAL-RBUKOAKNSA-M
1-Acyl-sn-glycero-3-phosphoglycerol (n-C14:1)	C=CCCCCCCCCCCCC(=O)OCC(O)COP(=O)([O-])OCC(O)CO	GESRECYVWPNAJC-UHFFFAOYSA-M
1-Acyl-sn-glycero-3-phosphoglycerol (n-C16:0)	CCCCCCCCCCCCCCCC(=O)OC[C@@H](O)COP(=O)([O-])OC[C@@H](O)CO	BVJSKAUUFXBDOB-LEWJYISDSA-M
1-Acyl-sn-glycero-3-phosphoglycerol (n-C16:1)	CCCCCC/C=C\CCCCCCCC(=O)OC[C@@H](O)COP(=O)(O)OC[C@@H](O)CO	JSKJPUCKVIJTKI-PNHFMCTPSA-N
1-Acyl-sn-glycero-3-phosphoglycerol (n-C18:0)	CCCCCCCCCCCCCCCCCC(=O)OC[C@@H](O)COP(=O)([O-])OC[C@@H](O)CO	HFJVKBVEKQHVTO-XZOQPEGZSA-M
1-Acyl-sn-glycero-3-phosphoglycerol (n-C18:1)	CCCCCCCC/C=C\CCCCCCCC(=O)OC[C@@H](O)COP(=O)([O-])OC[C@@H](O)CO	FQQQKGAFQIIGLQ-SNZQZGEVSA-M
1-Aminopropan-2-ol	C[C@@H](O)C[NH3+]	HXKKHQJGJAFBHI-GSVOUGTGSA-O
1-Pyrroline-5-carboxylate	O=C([O-])[C@@H]1CCC=N1	DWAKNKKXGALPNW-BYPYZUCNSA-M
1-deoxy-D-xylulose	CC(=O)[C@@H](O)[C@H](O)CO	IGUZJYCAXLYZEE-RFZPGFLSSA-N
1-deoxy-D-xylulose 5-phosphate	CC(=O)[C@@H](O)[C@H](O)COP(=O)([O-])[O-]	AJPADPZSRRUGHI-RFZPGFLSSA-L
1-dodecanoyl-sn-glycerol 3-phosphate	CCCCCCCCCCCC(=O)OC[C@@H](O)COP(=O)([O-])[O-]	STTKJLVEXMKLNA-CQSZACIVSA-L
1-hydroxy-2-methyl-2-(E)-butenyl 4-diphosphate	C/C(=C\COP(=O)([O-])OP(=O)([O-])[O-])CO	MDSIZRKJVDMQOQ-GORDUTHDSA-K
1-octadecanoyl-sn-glycerol 3-phosphate	CCCCCCCCCCCCCCCCCC(=O)OC[C@@H](O)COP(=O)([O-])[O-]	LAYXSTYJRSVXIH-HXUWFJFHSA-L
1-tetradec-7-enoyl-sn-glycerol 3-phosphate	CCCCCC/C=C\CCCCCC(=O)OC[C@@H](O)COP(=O)([O-])[O-]	ABWKYTQKHWCOFM-XITLMJRVSA-L
1-tetradecanoyl-sn-glycerol 3-phosphate	CCCCCCCCCCCCCC(=O)OC[C@@H](O)COP(=O)([O-])[O-]	FAZBDRGXCKPVJU-MRXNPFEDSA-L
10-Formyltetrahydrofolate	Nc1nc2c(c(=O)[nH]1)N[C@@H](CN(C=O)c1ccc(C(=O)N[C@@H](CCC(=O)[O-])C(=O)[O-])cc1)CN2	AUFGTPPARQZWDO-YPMHNXCESA-L
1D-myo-Inositol 1-phosphate	O=P([O-])([O-])O[C@H]1[C@H](O)[C@@H](O)[C@H](O)[C@@H](O)[C@H]1O	INAPMGSXUVUWAF-UOTPTPDRSA-L
2 Deoxy D glucose	OC[C@H]1O[C@H](O)C[C@@H](O)[C@@H]1O	PMMURAAUARKVCB-ZXXMMSQZSA-N
2 Deoxy D glucose 6 phosphate	O=CC[C@@H](O)[C@H](O)[C@H](O)COP(=O)(O)O	MBPFNOMGYSRGQZ-PBXRRBTRSA-N
2',3'-Cyclic	Nc1ncnc2c1ncn2[C@@H]1O[C@H](CO)[C@H]2OP(=O)([O-])O[C@H]21	KMYWVDDIPVNLME-KQYNXXCUSA-M
2'-(5''-triphosphoribosyl)-3'-dephospho-CoA	CC(C)(COP(=O)([O-])OP(=O)([O-])OC[C@H]1O[C@@H](n2cnc3c(N)ncnc32)[C@H](O[C@H]2O[C@H](COP(=O)([O-])OP(=O)([O-])OP(=O)([O-])[O-])[C@@H](O)[C@H]2O)[C@@H]1O)[C@@H](O)C(=O)NCCC(=O)NCCS	NFWZJXFBUKDGOX-HWCXJHOSSA-H
2(alpha-D-Mannosyl)-D-glycerate	O=C([O-])[C@@H](CO)O[C@H]1O[C@H](CO)[C@@H](O)[C@H](O)[C@@H]1O	DDXCFDOPXBPUJC-SAYMMRJXSA-M
2(alpha-D-Mannosyl-6-phosphate)-D-glycerate	O=C([O-])[C@@H](CO)O[C@H]1O[C@H](COP(=O)([O-])[O-])[C@@H](O)[C@H](O)[C@@H]1O	BOLXAGHGKNGVBE-MTXRGOKVSA-K
2,3,2'3'-Tetrakis(beta-hydroxymyristoyl)-D-glucosaminyl-1,6-beta-D-glucosamine 1,4'-bisphosphate	CCCCCCCCCCC[C@@H](O)CC(=O)N[C@H]1[C@@H](OP(=O)([O-])[O-])O[C@H](CO[C@@H]2O[C@H](CO)[C@@H](OP(=O)([O-])[O-])[C@H](OC(=O)C[C@H](O)CCCCCCCCCCC)[C@H]2NC(=O)C[C@H](O)CCCCCCCCCCC)[C@@H](O)[C@@H]1OC(=O)C[C@H](O)CCCCCCCCCCC	KVJWZTLXIROHIL-QDORLFPLSA-J
2,3,4,5-Tetrahydrodipicolinate	O=C([O-])C1=N[C@H](C(=O)[O-])CCC1	CXMBCXQHOXUCEO-BYPYZUCNSA-L
2,3-Bis(3-hydroxytetradecanoyl)-beta-D-glucosaminyl 1-phosphate	CCCCCCCCCCC[C@@H](O)CC(=O)N[C@H]1[C@@H](OP(=O)([O-])[O-])O[C@H](CO)[C@@H](O)[C@@H]1OC(=O)C[C@H](O)CCCCCCCCCCC	HEHQDWUWJVPREQ-XQJZMFRCSA-L
2,3-Dihydro-2,3-dihydroxybenzoate	O=C([O-])C1=CC=C[C@H](O)[C@H]1O	INCSWYKICIYAHB-WDSKDSINSA-M
2,3-Dihydrodipicolinate	O=C([O-])C1=N[C@H](C(=O)[O-])CC=C1	UWOCFOFVIBZJGH-YFKPBYRVSA-L
2,3-Dihydroxybenzoate	O=C([O-])c1cccc(O)c1O	GLDQAMYCGOIJDV-UHFFFAOYSA-M
2,3-Dihydroxypropane-1-sulfonate	C(C(CS(=O)(=O)[O-])O)O	YPFUJZAAZJXMIP-UHFFFAOYSA-M
2,3-Dioxo-L-gulonate	O=C([O-])C(=O)C(=O)[C@H](O)[C@@H](O)CO	GJQWCDSAOUMKSE-STHAYSLISA-M
2,3-dehydroadipyl-CoA	CC(C)(COP(=O)([O-])OP(=O)([O-])OC[C@H]1O[C@@H](n2cnc3c(N)ncnc32)[C@H](O)[C@@H]1OP(=O)([O-])[O-])[C@@H](O)C(=O)NCCC(=O)NCCSC(=O)/C=C\CCC(=O)[O-]	ZFXICKRXPZTFPB-FZHFFJAKSA-I
2,3-diaminopropionate	NCC(N)C(=O)O	PECYZEOJVXMISF-UHFFFAOYSA-N
2,3-dihydroxicinnamic acid	O=C([O-])/C=C/c1cccc(O)c1O	SIUKXCMDYPYCLH-SNAWJCMRSA-M
2,3-dihydroxybenzoylserine	O=C(N[C@@H](CO)C(=O)[O-])c1cccc(O)c1O	VDTYHTVHFIIEIL-LURJTMIESA-M
2,5-Diamino-6-(ribosylamino)-4-(3H)-pyrimidinone 5'-phosphate	Nc1nc(O)c(N)c(N[C@@H]2O[C@H](COP(=O)([O-])[O-])[C@@H](O)[C@H]2O)n1	OCLCLRXKNJCOJD-UMMCILCDSA-L
2,5-Diketo-3-deoxy-D-gluconate	C(C(C(=O)CO)O)C(=O)C(=O)O	IBGYNIRCYXIAON-VKHMYHEASA-N
2,5-diketo-D-gluconate	O=C([O-])C(=O)[C@@H](O)[C@H](O)C(=O)CO	RXMWXENJQAINCC-DMTCNVIQSA-M
2-(Formamido)-N1-(5-phospho-D-ribosyl)acetamidine	N=C(CNC=O)NC1O[C@H](COP(=O)(O)O)[C@@H](O)[C@H]1O	PMCOGCVKOAOZQM-ZRTZXPPTSA-N
2-Acyl-sn-glycero-3-phosphoethanolamine (n-C12:0)	CCCCCCCCCCCC(=O)O[C@H](CO)COP(=O)([O-])OCC[NH3+]	NPAZKTOOMVQLIH-MRXNPFEDSA-N
2-Acyl-sn-glycero-3-phosphoethanolamine (n-C14:0)	CCCCCCCCCCCCCC(=O)O[C@H](CO)COP(=O)(O)OCCN	DDUZNLUWXLYPCP-GOSISDBHSA-N
2-Acyl-sn-glycero-3-phosphoethanolamine (n-C14:1)	CCCCCCC=CCCCCCC(=O)OCC(O)COP(=O)([O-])OCC[NH3+]	RBKXDGUVZHKXHJ-UHFFFAOYSA-N
2-Acyl-sn-glycero-3-phosphoethanolamine (n-C16:0)	CCCCCCCCCCCCCCCC(=O)O[C@H](CO)COP(=O)(O)OCCN	CKPBBEOJHAPPBT-HXUWFJFHSA-N
2-Acyl-sn-glycero-3-phosphoethanolamine (n-C18:0)	CCCCCCCCCCCCCCCCCC(=O)O[C@H](CO)COP(=O)([O-])OCC[NH3+]	KIHAGWUUUHJRMS-JOCHJYFZSA-N
2-Acyl-sn-glycero-3-phosphoethanolamine (n-C18:1)	CCCCCCC=CCCCCCCCCCC(=O)OCC(O)COP(=O)([O-])OCC[NH3+]	WAYKKNOEMJFLDI-UHFFFAOYSA-N
2-Acyl-sn-glycero-3-phosphoglycerol (n-C14:0)	CCCCCCCCCCCCCC(=O)O[C@H](CO)COP(=O)([O-])OC[C@@H](O)CO	NHYJQQUDLXESED-RBUKOAKNSA-M
2-Acyl-sn-glycero-3-phosphoglycerol (n-C14:1)	CCCCCCC=CCCCCCC(=O)OCC(O)COP(=O)([O-])OCC(O)CO	JPZRBXGDTBKBHT-UHFFFAOYSA-M
2-Acyl-sn-glycero-3-phosphoglycerol (n-C16:0)	CCCCCCCCCCCCCCCC(=O)O[C@H](CO)COP(=O)([O-])OC[C@@H](O)CO	ODJYINYQGFIIRK-LEWJYISDSA-M
2-Acyl-sn-glycero-3-phosphoglycerol (n-C18:0)	CCCCCCCCCCCCCCCCCC(=O)OC(CO)COP(=O)([O-])OCC(CO)O	ZYKIFISVQNGKFE-OZAIVSQSSA-M
2-Acyl-sn-glycero-3-phosphoglycerol (n-C18:1)	CCCCCCC=CCCCCCCCCCC(=O)OCC(O)COP(=O)([O-])OCC(O)CO	OUQWQZICCOQXOG-UHFFFAOYSA-M
2-Amino-4-hydroxy-6-(erythro-1,2,3-trihydroxypropyl)dihydropteridine triphosphate	Nc1nc2c(c(=O)[nH]1)N=C([C@H](O)[C@H](O)COP(=O)([O-])OP(=O)([O-])OP(=O)([O-])[O-])CN2	DGGUVLXVLHAAGT-XINAWCOVSA-J
2-Aminomalonate semialdehyde	[NH3+][C@@H](C=O)C(=O)[O-]	XMTCKNXTTXDPJX-REOHCLBHSA-N
2-C-methyl-D-erythritol 2,4-cyclodiphosphate	C[C@@]1(CO)OP(=O)([O-])OP(=O)([O-])OC[C@H]1O	SFRQRNJMIIUYDI-UHNVWZDZSA-L
2-C-methyl-D-erythritol 4-phosphate	C[C@](O)(CO)[C@H](O)COP(=O)([O-])[O-]	XMWHRVNVKDKBRG-UHNVWZDZSA-L
2-Dehydro-3-deoxy-D-arabino-heptonate 7-phosphate	O=C([O-])C(=O)C[C@@H](O)[C@H](O)[C@H](O)COP(=O)([O-])[O-]	PJWIPEXIFFQAQZ-PUFIMZNGSA-K
2-Dehydro-3-deoxy-D-galactonate	O=C([O-])C(=O)C[C@@H](O)[C@H](O)CO	WPAMZTWLKIDIOP-NQXXGFSBSA-M
2-Dehydro-3-deoxy-D-galactonate 6-phosphate	O=C([O-])C(=O)C[C@@H](O)[C@H](O)COP(=O)([O-])[O-]	OVPRPPOVAXRCED-NQXXGFSBSA-K
2-Dehydro-3-deoxy-D-gluconate	O=C([O-])C(=O)C[C@H](O)[C@H](O)CO	WPAMZTWLKIDIOP-WVZVXSGGSA-M
2-Dehydro-3-deoxy-D-gluconate 6-phosphate	O=C([O-])C(=O)C[C@H](O)[C@H](O)COP(=O)([O-])[O-]	OVPRPPOVAXRCED-WVZVXSGGSA-K
2-Dehydro-L-gulonate	C(C(C(C(C(=O)C(=O)[O-])O)O)O)O	VBUYCZFBVCCYFD-NUNKFHFFSA-M
2-Dehydropantoate	CC(C)(CO)C(=O)C(=O)[O-]	PKVVTUWHANFMQC-UHFFFAOYSA-M
2-Demethylmenaquinol 8	CC(C)=CCC/C(C)=C/CC/C(C)=C/CC/C(C)=C/CC/C(C)=C/CC/C(C)=C/CC/C(C)=C/CC/C(C)=C/Cc1cc(O)c2ccccc2c1O	FGYPGICSXJEKCG-AENDIINCSA-N
2-Demethylmenaquinone 8	CC(C)=CCC/C(C)=C/CC/C(C)=C/CC/C(C)=C/CC/C(C)=C/CC/C(C)=C/CC/C(C)=C/CC/C(C)=C/CC1=CC(=O)c2ccccc2C1=O	GDUBPWSFXUAETN-AENDIINCSA-N
2-Deoxy-D-ribose 1-phosphate	O=P([O-])([O-])O[C@@H]1C[C@H](O)[C@@H](CO)O1	KBDKAJNTYKVSEK-VPENINKCSA-L
2-Deoxy-D-ribose 5-phosphate	O=CC[C@H](O)[C@H](O)COP(=O)(O)O	ALQNUOMIEBHXQG-CRCLSJGQSA-N
2-Hydroxy-3-oxopropanoate	O=CC(O)C(=O)[O-]	QWBAFPFNGRFSFB-UHFFFAOYSA-M
2-Hydroxy-6-oxonona-2,4-diene-1,9-dioate	O=C([O-])CCC(=O)/C=C/C=C(\O)C(=O)[O-]	RFENOVFRMPRRJI-YDCWOTKKSA-L
2-Isopropylmaleate	CC(C)/C(=C/C(=O)[O-])C(=O)[O-]	NJMGRJLQRLFQQX-HYXAFXHYSA-L
2-Methyl-4-amino-5-hydroxymethylpyrimidine diphosphate	Cc1ncc(COP(=O)([O-])OP(=O)([O-])[O-])c(N)n1	AGQJQCFEPUVXNK-UHFFFAOYSA-K
2-Methylcitrate	C[C@H](C(=O)[O-])[C@](O)(CC(=O)[O-])C(=O)[O-]	YNOXCRMFGMSKIJ-WVBDSBKLSA-K
2-N-acetamidomethylphosphonate	CC(=O)NCP(=O)(O)[O-]	FDNUAHPLMXZWLS-UHFFFAOYSA-M
2-Octaprenyl-3-methyl-5-hydroxy-6-methoxy-1,4-benzoquinol	COc1c(O)c(O)c(C)c(C/C=C(\C)CC/C=C(\C)CC/C=C(\C)CC/C=C(\C)CC/C=C(\C)CC/C=C(\C)CC/C=C(\C)CCC=C(C)C)c1O	QURLIMHPCRKMJP-WDXILIIOSA-N
2-Octaprenyl-3-methyl-6-methoxy- 1,4-benzoquinol	COc1cc(O)c(C)c(C/C=C(\C)CC/C=C(\C)CC/C=C(\C)CC/C=C(\C)CC/C=C(\C)CC/C=C(\C)CC/C=C(\C)CCC=C(C)C)c1O	HDSGDGSLNMIMKU-KFSSTAEESA-N
2-Octaprenyl-6-hydroxyphenol	CC(C)=CCC/C(C)=C/CC/C(C)=C/CC/C(C)=C/CC/C(C)=C/CC/C(C)=C/CC/C(C)=C/CC/C(C)=C/Cc1cccc(O)c1O	YNPGYMZVNLIZLD-BQFKTQOQSA-N
2-Octaprenyl-6-methoxy-1,4-benzoquinol	COc1cc(O)cc(C/C=C(\C)CC/C=C(\C)CC/C=C(\C)CC/C=C(\C)CC/C=C(\C)CC/C=C(\C)CC/C=C(\C)CCC=C(C)C)c1O	CZFRMASEEPTBAQ-MYCGWMCTSA-N
2-Octaprenyl-6-methoxyphenol	COc1cccc(C/C=C(\C)CC/C=C(\C)CC/C=C(\C)CC/C=C(\C)CC/C=C(\C)CC/C=C(\C)CC/C=C(\C)CCC=C(C)C)c1O	MARGKPIMNMASKJ-CMAXTTDKSA-N
2-Octaprenylphenol	CC(C)=CCC/C(C)=C/CC/C(C)=C/CC/C(C)=C/CC/C(C)=C/CC/C(C)=C/CC/C(C)=C/CC/C(C)=C/Cc1ccccc1O	VUNQJPPPTJIREN-CMAXTTDKSA-N
2-Oxo-3-hydroxy-4-phosphobutanoate	O=C([O-])C(=O)[C@H](O)COP(=O)([O-])[O-]	MZJFVXDTNBHTKZ-UWTATZPHSA-K
2-Oxobutanoate	CCC(=O)C(=O)[O-]	TYEYBOSBBBHJIV-UHFFFAOYSA-M
2-Oxoglutarate	O=C([O-])CCC(=O)C(=O)[O-]	KPGXRSRHYNQIFN-UHFFFAOYSA-L
2-Oxopent-4-enoate	C=CCC(=O)C(=O)[O-]	NOXRYJAWRSNUJD-UHFFFAOYSA-M
2-Phosphoglycolate	O=C([O-])COP(=O)([O-])[O-]	ASCFNMCAHFUBCO-UHFFFAOYSA-K
2-Succinyl-6-hydroxy-2,4-cyclohexadiene-1-carboxylate	O=C([O-])CCC(=O)C1=CC=C[C@@H](O)[C@@H]1C(=O)[O-]	QJYRAJSESKVEAE-PSASIEDQSA-L
2-dehydro-3-deoxy-D-arabinonate	C(C(CO)O)C(=O)C(=O)[O-]	UQIGQRSJIKIPKZ-VKHMYHEASA-M
2-hexadecanoyl-sn-glycerol 3-phosphate	CCCCCCCCCCCCCCCC(=O)O[C@H](CO)COP(=O)(O)O	LPQBQFLKBCPNAV-GOSISDBHSA-N
2-hydroxy-6-ketononatrienedioate	O=C([O-])/C=C/C(=O)/C=C\C=C(\O)C(=O)[O-]	WCJYZUFKKTYNLB-PFCALIJCSA-L
2-hydroxycyclohepta-1,4,6-triene-1-carboxyl-CoA	CC(C)(COP(=O)([O-])OP(=O)([O-])OCC1C(C(C(O1)N2C=NC3=C(N=CN=C32)N)O)OP(=O)([O-])[O-])C(C(=O)NCCC(=O)NCCSC(=O)C4=C(CC=CC=C4)O)O	YDSDSXNAKPLRMX-SXQYHYLKSA-J
2-hydroxycyclohepta-1,4,6-triene-1-carboxylate	C1C=CC=CC(=C1[O-])C(=O)O	FIQAFBCVOCRLKV-UHFFFAOYSA-M
2-hydroxyethyldisulfide	C(CSSCCO)O	KYNFOMQIXZUKRK-UHFFFAOYSA-N
2-octadecanoyl-sn-glycerol 3-phosphate	CCCCCCCCCCCCCCCCCC(=O)O[C@H](CO)COP(=O)(O)O	RPAOEHFOGLEBTJ-HXUWFJFHSA-N
2-oxepin-2(3H)-ylideneacetyl-CoA	CC(C)(COP(=O)([O-])OP(=O)([O-])OC[C@H]1O[C@@H](n2cnc3c(N)ncnc32)[C@H](O)[C@@H]1OP(=O)([O-])[O-])[C@@H](O)C(=O)NCCC(=O)NCCSC(=O)/C=C1/CC=CC=CO1	ZQZCWPBSHHYCMM-BETJHJQZSA-J
2-phospho-4-(cytidine 5'-diphospho)-2-C-methyl-D-erythritol	C[C@@](CO)(OP(=O)([O-])[O-])[C@H](O)COP(=O)([O-])OP(=O)([O-])OC[C@H]1O[C@@H](n2ccc(N)nc2=O)[C@H](O)[C@@H]1O	HTJXTKBIUVFUAR-XHIBXCGHSA-J
2-succinyl-5-enolpyruvyl-6-hydroxy-3-cyclohexene-1-carboxylate	C=C(O[C@H]1C=C[C@H](C(=O)CCC(=O)[O-])[C@@H](C(=O)[O-])[C@@H]1O)C(=O)[O-]	XYCATPIYKOARSZ-OAIFWDMCSA-K
2-tetradec-7-enoyl-sn-glycerol 3-phosphate	CCCCCCC=CCCCCCC(=O)OC(CO)COP(=O)([O-])[O-]	KKNDQWWVDATMLV-XITLMJRVSA-L
3  AMP	Nc1ncnc2c1ncn2[C@@H]1O[C@H](CO)[C@@H](OP(=O)([O-])[O-])[C@H]1O	LNQVTSROQXJCDD-KQYNXXCUSA-L
3  CMP	Nc1ccn([C@@H]2O[C@H](CO)[C@@H](OP(=O)([O-])[O-])[C@H]2O)c(=O)n1	UOOOPKANIPLQPU-XVFCMESISA-L
3  UMP	O=c1ccn([C@@H]2O[C@H](CO)[C@@H](OP(=O)([O-])[O-])[C@H]2O)c(=O)[nH]1	FOGRQMPFHUHIGU-XVFCMESISA-L
3',5'-Cyclic	Nc1nc2c(ncn2[C@@H]2O[C@@H]3COP(=O)([O-])O[C@H]3[C@H]2O)c(=O)[nH]1	ZOOGRGPOEVQQDX-UUOKFMHZSA-M
3'-Phosphoadenylyl sulfate	Nc1ncnc2c1ncn2[C@@H]1O[C@H](COP(=O)([O-])OS(=O)(=O)[O-])[C@@H](OP(=O)([O-])[O-])[C@H]1O	GACDQMDRPRGCTN-KQYNXXCUSA-J
3,4-Dihydroxyphenylacetaldehyde	O=CCc1ccc(O)c(O)c1	IADQVXRMSNIUEL-UHFFFAOYSA-N
3,4-dihydroxy-2-butanone 4-phosphate	CC(=O)C(O)COP(=O)(O)O	OKYHYXLCTGGOLM-UHFFFAOYSA-N
3,4-dihydroxyphenylacetyl-CoA	CC(C)(COP(=O)([O-])OP(=O)([O-])OCC1C(C(C(O1)N2C=NC3=C(N=CN=C32)N)O)OP(=O)([O-])[O-])C(C(=O)NCCC(=O)NCCSC(=O)CC4=CC(=C(C=C4)O)O)O	BWFUCVJSCADRJW-CECATXLMSA-J
3-(2,3-Dihydroxyphenyl)propanoate	O=C([O-])CCc1cccc(O)c1O	QZDSXQJWBGMRLU-UHFFFAOYSA-M
3-(3-hydroxy-phenyl)propionate	O=C([O-])CCc1cccc(O)c1	QVWAEZJXDYOKEH-UHFFFAOYSA-M
3-(4-Hydroxyphenyl)pyruvate	O=C([O-])C(=O)Cc1ccc(O)cc1	KKADPXVIOXHVKN-UHFFFAOYSA-M
3-(Imidazol-4-yl)-2-oxopropyl phosphate	O=C(COP(=O)([O-])[O-])Cc1c[nH]cn1	YCFFMSOLUMRAMD-UHFFFAOYSA-L
3-4-Dihydroxyphenylacetate	O=C([O-])Cc1ccc(O)c(O)c1	CFFZDZCDUFSOFZ-UHFFFAOYSA-M
3-Aminoacrylate	N/C=C\C(=O)[O-]	YTLYLLTVENPWFT-UPHRSURJSA-M
3-Carboxy-2-hydroxy-4-methylpentanoate	CC(C)[C@H](C(=O)[O-])[C@@H](O)C(=O)[O-]	RNQHMTFBUSSBJQ-CRCLSJGQSA-L
3-Carboxy-3-hydroxy-4-methylpentanoate	CC(C)[C@@](O)(CC(=O)[O-])C(=O)[O-]	BITYXLXUCSKTJS-ZETCQYMHSA-L
3-Carboxy-4-methyl-2-oxopentanoate	CC(C)[C@H](C(=O)[O-])C(=O)C(=O)[O-]	HIIZAGQWABAMRR-BYPYZUCNSA-L
3-Dehydro-L-gulonate	O=C([O-])[C@@H](O)C(=O)[C@H](O)[C@@H](O)CO	WTAHRPBPWHCMHW-LWKDLAHASA-M
3-Dehydroquinate	O=C1C[C@@](O)(C(=O)[O-])C[C@@H](O)[C@@H]1O	WVMWZWGZRAXUBK-SYTVJDICSA-M
3-Dehydroshikimate	O=C([O-])C1=CC(=O)[C@@H](O)[C@H](O)C1	SLWWJZMPHJJOPH-PHDIDXHHSA-M
3-Deoxy-D-manno-2-octulosonate	O=C([O-])[C@@]1(O)C[C@@H](O)[C@@H](O)[C@@H]([C@H](O)CO)O1	NNLZBVFSCVTSLA-HXUQBWEZSA-M
3-Deoxy-D-manno-octulosonate 8-phosphate	O=C(O)C(=O)C[C@@H](O)[C@@H](O)[C@H](O)[C@H](O)COP(=O)(O)O	RTNBXJBOAIDPME-SHUUEZRQSA-N
3-Hydroxybenzoate	C1=CC(=CC(=C1)[O-])C(=O)O	IJFXRHURBJZNAO-UHFFFAOYSA-M
3-Hydroxypropanal	O=CCCO	AKXKFZDCRYJKTF-UHFFFAOYSA-N
3-Hydroxypropanoate	O=C([O-])CCO	ALRHLSYJTWAHJZ-UHFFFAOYSA-M
3-Methyl-2-oxobutanoate	CC(C)C(=O)C(=O)[O-]	QHKABHOOEWYVLI-UHFFFAOYSA-M
3-Octaprenyl-4-hydroxybenzoate	CC(C)=CCC/C(C)=C/CC/C(C)=C/CC/C(C)=C/CC/C(C)=C/CC/C(C)=C/CC/C(C)=C/CC/C(C)=C/Cc1cc(C(=O)[O-])ccc1O	UTIBHEBNILDQKX-LQOKPSQISA-M
3-Oxoadipyl-CoA	CC(C)(COP(=O)([O-])OP(=O)([O-])OC[C@H]1O[C@@H](n2cnc3c(N)ncnc32)[C@H](O)[C@@H]1OP(=O)([O-])[O-])[C@@H](O)C(=O)NCCC(=O)NCCSC(=O)CC(=O)CCC(=O)[O-]	VKKKAAPGXHWXOO-BIEWRJSYSA-I
3-Oxodecanoyl-CoA	CCCCCCCC(=O)CC(=O)SCCNC(=O)CCNC(=O)[C@H](O)C(C)(C)COP(=O)([O-])OP(=O)([O-])OC[C@H]1O[C@@H](n2cnc3c(N)ncnc32)[C@H](O)[C@@H]1OP(=O)([O-])[O-]	AZCVXMAPLHSIKY-HSJNEKGZSA-J
3-Oxodecanoyl-[acyl-carrier protein]	CCCCCCCC(=O)CC(=O)S[*]	
3-Oxododecanoyl-CoA	CCCCCCCCCC(=O)CC(=O)SCCNC(=O)CCNC(=O)[C@H](O)C(C)(C)COP(=O)([O-])OP(=O)([O-])OC[C@H]1O[C@@H](n2cnc3c(N)ncnc32)[C@H](O)[C@@H]1OP(=O)([O-])[O-]	HQANBZHVWIDNQZ-GMHMEAMDSA-J
3-Oxododecanoyl-[acyl-carrier protein]	CCCCCCCCCC(=O)CC(=O)S[*]	
3-Oxohexadecanoyl-CoA	CCCCCCCCCCCCCC(=O)CC(=O)SCCNC(=O)CCNC(=O)[C@H](O)C(C)(C)COP(=O)([O-])OP(=O)([O-])OC[C@H]1O[C@@H](n2cnc3c(N)ncnc32)[C@H](O)[C@@H]1OP(=O)([O-])[O-]	NQMPLXPCRJOSHL-BBECNAHFSA-J
3-Oxohexadecanoyl-[acyl-carrier protein]	CCCCCCCCCCCCCC(=O)CC(=O)S[*]	
3-Oxohexanoyl-CoA	CCCC(=O)CC(=O)SCCNC(=O)CCNC(=O)[C@H](O)C(C)(C)COP(=O)([O-])OP(=O)([O-])OC[C@H]1O[C@@H](n2cnc3c(N)ncnc32)[C@H](O)[C@@H]1OP(=O)([O-])[O-]	NFOYYXQAVVYWKV-HDRQGHTBSA-J
3-Oxohexanoyl-[acyl-carrier protein]	CCCC(=O)CC(=O)S[*]	
3-Oxooctadecanoyl-CoA	CCCCCCCCCCCCCCCC(=O)CC(=O)SCCNC(=O)CCNC(=O)[C@H](O)C(C)(C)COP(=O)([O-])OP(=O)([O-])OC[C@H]1O[C@@H](n2cnc3c(N)ncnc32)[C@H](O)[C@@H]1OP(=O)([O-])[O-]	LGOGWHDPDVAUNY-LFZQUHGESA-J
3-Oxooctadecanoyl-[acyl-carrier protein]	CCCCCCCCCCCCCCCC(=O)CC(=O)SCCNC(=O)CCNC(=O)C(O)C(C)(C)COP(=O)([O-])O[*]	
3-Oxooctanoyl-CoA	CCCCCC(=O)CC(=O)SCCNC(=O)CCNC(=O)[C@H](O)C(C)(C)COP(=O)([O-])OP(=O)([O-])OC[C@H]1O[C@@H](n2cnc3c(N)ncnc32)[C@H](O)[C@@H]1OP(=O)([O-])[O-]	WPIVBCGRGVNDDT-CECATXLMSA-J
3-Oxooctanoyl-[acyl-carrier protein]	CCCCCC(=O)CC(=O)S[*]	
3-Oxotetradecanoyl-CoA	CCCCCCCCCCCC(=O)CC(=O)SCCNC(=O)CCNC(=O)[C@H](O)C(C)(C)COP(=O)([O-])OP(=O)([O-])OC[C@H]1O[C@@H](n2cnc3c(N)ncnc32)[C@H](O)[C@@H]1OP(=O)([O-])[O-]	IQNFBGHLIVBNOU-QSGBVPJFSA-J
3-Oxotetradecanoyl-[acyl-carrier protein]	CCCCCCCCCCCC(=O)CC(=O)S[*]	
3-Phospho-D-glycerate	O=C([O-])[C@H](O)COP(=O)([O-])[O-]	OSJPPGNTCRNQQC-UWTATZPHSA-K
3-Phospho-D-glyceroyl phosphate	O=C(OP(=O)([O-])[O-])[C@H](O)COP(=O)([O-])[O-]	LJQLQCAXBUHEAZ-UWTATZPHSA-J
3-Phosphohydroxypyruvate	O=C([O-])C(=O)COP(=O)([O-])[O-]	LFLUCDOSQPJJBE-UHFFFAOYSA-K
3-Sulfino-L-alanine	[NH3+][C@@H](CS(=O)[O-])C(=O)[O-]	ADVPTQAUNPRNPO-REOHCLBHSA-M
3-hydroxy-5-phosphonooxypentane-2,4-dione	CC(=O)C(C(=O)COP(=O)(O)O)O	AKHNGSPNHAFBII-UHFFFAOYSA-N
3-hydroxybenzoyl-CoA	CC(C)(COP(=O)(O)OP(=O)(O)OCC1C(C(C(O1)N2C=NC3=C(N=CN=C32)N)O)OP(=O)(O)O)C(C(=O)NCCC(=O)NCCSC(=O)C4=CC(=CC=C4)O)O	JTBCMZVWWNFUFR-TYHXJLICSA-N
3-hydroxycinnamic acid	O=C(O)C=Cc1cccc(O)c1	KKSDGJDHHZEWEP-UHFFFAOYSA-N
3-keto-L-gulonate-6-phosphate	O=C([O-])[C@@H](O)C(=O)[C@H](O)[C@@H](O)COP(=O)([O-])[O-]	BDUIIKXSXFDPEC-LWKDLAHASA-K
3-oxo-5,6-dehydrosuberyl-CoA	[H]C(CC(=O)O)=C([H])CC(=O)CC(=O)SCCNC(=O)CCNC(=O)[C@H](O)C(C)(C)COP(=O)(O)OP(=O)(O)OC[C@H]1O[C@@H](n2cnc3c(N)ncnc32)[C@H](O)[C@@H]1OP(=O)(O)O	IFFFDKYRRUVOFP-NOQDIWQESA-N
3-oxo-cis-dodec-5-enoyl-[acyl-carrier protein]	CCCCCCC=CCC(=O)CC(=O)SCCNC(=O)CCNC(=O)C(O)C(C)(C)COP(=O)([O-])O[*]	
3-oxo-cis-myristol-7-eoyl-[acyl-carrier protein]	CCCCCCC=CCCCC(=O)CC(=O)SCCNC(=O)CCNC(=O)C(O)C(C)(C)COP(=O)([O-])O[*]	
3-oxo-cis-palm-9-eoyl-[acyl-carrier protein]	C=CCCCCCCCCCCCC(=O)CC(=O)SCCNC(=O)CCNC(=O)C(O)C(C)(C)COP(=O)([O-])O[*]	
4,5-dihydroxy-2,3-pentanedione	CC(=O)C(=O)[C@@H](O)CO	UYTRITJAZOPLCZ-BYPYZUCNSA-N
4-(1-D-Ribitylamino)-5-aminouracil	Nc1c(NC[C@H](O)[C@H](O)[C@H](O)CO)[nH]c(=O)[nH]c1=O	XKQZIXVJVUPORE-RPDRRWSUSA-N
4-(cytidine 5'-diphospho)-2-C-methyl-D-erythritol	C[C@](O)(CO)[C@H](O)COP(=O)([O-])OP(=O)([O-])OC[C@H]1O[C@@H](n2ccc(N)nc2=O)[C@H](O)[C@@H]1O	YFAUKWZNPVBCFF-XHIBXCGHSA-L
4-Amino-2-methyl-5-phosphomethylpyrimidine	[H]OP(=O)(O[H])OC([H])([H])c1c([H])nc(C([H])([H])[H])nc1N([H])[H]	PKYFHKIYHBRTPI-UHFFFAOYSA-N
4-Amino-5-hydroxymethyl-2-methylpyrimidine	Cc1ncc(CO)c(N)n1	VUTBELPREDJDDH-UHFFFAOYSA-N
4-Aminobenzoate	Nc1ccc(C(=O)[O-])cc1	ALYNCZNDIQEVRV-UHFFFAOYSA-M
4-Aminobutanal	[NH3+]CCCC=O	DZQLQEYLEYWJIB-UHFFFAOYSA-O
4-Aminobutanoate	[NH3+]CCCC(=O)[O-]	BTCSSZJGUNDROE-UHFFFAOYSA-N
4-Deoxy-L-threo-5-hexosulose uronate	C(C(C(C=O)O)O)C(=O)C(=O)[O-]	IMUGYKFHMJLTOU-UCORVYFPSA-M
4-Hydroxy-2-oxopentanoate	C[C@H](O)CC(=O)C(=O)[O-]	HFKQINMYQUXOCH-VKHMYHEASA-M
4-Hydroxy-L-threonine	[NH3+][C@H](C(=O)[O-])[C@H](O)CO	JBNUARFQOCGDRK-GBXIJSLDSA-N
4-Hydroxybenzoate	O=C([O-])c1ccc(O)cc1	FJKROLUGYXJWQN-UHFFFAOYSA-M
4-Hydroxyphenylacetaldehyde	O=CCc1ccc(O)cc1	IPRPPFIAVHPVJH-UHFFFAOYSA-N
4-Methyl-2-oxopentanoate	CC(C)CC(=O)C(=O)[O-]	BKAJNAXTPSGJCU-UHFFFAOYSA-M
4-Methyl-5-(2-hydroxyethyl)-thiazole	Cc1ncsc1CCO	BKAWJIRCKVUVED-UHFFFAOYSA-N
4-Methyl-5-(2-phosphoethyl)-thiazole	Cc1ncsc1CCOP(=O)([O-])[O-]	OCYMERZCMYJQQO-UHFFFAOYSA-L
4-Phospho-D-erythronate	O=C([O-])[C@H](O)[C@H](O)COP(=O)([O-])[O-]	ZCZXOHUILRHRQJ-PWNYCUMCSA-K
4-Phospho-L-aspartate	[NH3+][C@@H](CC(=O)OP(=O)([O-])[O-])C(=O)[O-]	IXZNKTPIYKDIGG-REOHCLBHSA-L
4-amino-4-deoxychorismate	C=C(O[C@@H]1C=C(C(=O)[O-])C=C[C@H]1[NH3+])C(=O)[O-]	OIUJHGOLFKDBSU-HTQZYQBOSA-M
4-aminobenzoyl-glutamate	C1=CC(=CC=C1C(=O)NC(CCC(=O)[O-])C(=O)[O-])N	GADGMZDHLQLZRI-VIFPVBQESA-L
5'-Deoxyadenosine	C[C@H]1O[C@@H](n2cnc3c(N)ncnc32)[C@H](O)[C@@H]1O	XGYIMTFOTBMPFP-KQYNXXCUSA-N
5'-deoxyribose	C[C@@H](O)[C@@H](O)[C@@H](O)C=O	WDRISBUVHBMJEF-MROZADKFSA-N
5,10-Methenyltetrahydrofolate	Nc1nc2c(c(=O)[nH]1)[N+]1=CN(c3ccc(C(=O)N[C@@H](CCC(=O)[O-])C(=O)[O-])cc3)C[C@H]1CN2	MEANFMOQMXYMCT-OLZOCXBDSA-M
5,10-Methylenetetrahydrofolate	Nc1nc2c(c(=O)[nH]1)N1CN(c3ccc(C(=O)N[C@@H](CCC(=O)[O-])C(=O)[O-])cc3)C[C@H]1CN2	QYNUQALWYRSVHF-OLZOCXBDSA-L
5,6,7,8-Tetrahydrofolate	Nc1nc2c(c(=O)[nH]1)N[C@@H](CNc1ccc(C(=O)N[C@@H](CCC(=O)[O-])C(=O)[O-])cc1)CN2	MSTNYGQPCMXVAQ-RYUDHWBXSA-L
5,6,7,8-tetrahydropteridine	c1ncc2c(n1)NCCN2	IDAICLIJTRXNER-UHFFFAOYSA-N
5,6-Dimethylbenzimidazole	Cc1cc2nc[nH]c2cc1C	LJUQGASMPRMWIW-UHFFFAOYSA-N
5,6-dihydrouracil	O=C1CCNC(=O)N1	OIVLITBTBDPEFK-UHFFFAOYSA-N
5-Amino-1-(5-Phospho-D-ribosyl)imidazole-4-carboxamide	NC(=O)c1ncn([C@@H]2O[C@H](COP(=O)([O-])[O-])[C@@H](O)[C@H]2O)c1N	NOTGFIUVDGNKRI-UUOKFMHZSA-L
5-Amino-4-oxopentanoate	[NH3+]CC(=O)CCC(=O)[O-]	ZGXJTSGNIOSYLO-UHFFFAOYSA-N
5-Amino-6-(5'-phosphoribitylamino)uracil	Nc1c(NC[C@H](O)[C@H](O)[C@H](O)COP(=O)([O-])[O-])[nH]c(=O)[nH]c1=O	RQRINYISXYAZKL-RPDRRWSUSA-L
5-Amino-6-(5'-phosphoribosylamino)uracil	Nc1c(N[C@@H]2O[C@H](COP(=O)([O-])[O-])[C@@H](O)[C@H]2O)[nH]c(=O)[nH]c1=O	LZEXYCAGPMYXLX-UMMCILCDSA-L
5-Dehydro-4-deoxy-D-glucarate	O=C([O-])C(=O)C[C@H](O)[C@@H](O)C(=O)[O-]	QUURPCHWPQNNGL-ZAFYKAAXSA-L
5-Dehydro-D-gluconate	O=C(CO)[C@@H](O)[C@H](O)[C@@H](O)C(=O)[O-]	IZSRJDGCGRAUAR-MROZADKFSA-M
5-Formamido-1-(5-phospho-D-ribosyl)imidazole-4-carboxamide	NC(=O)c1ncn([C@@H]2O[C@H](COP(=O)([O-])[O-])[C@@H](O)[C@H]2O)c1NC=O	ABCOOORLYAOBOZ-KQYNXXCUSA-L
5-Formyltetrahydrofolate	Nc1nc2c(c(=O)[nH]1)N(C=O)[C@@H](CNc1ccc(C(=O)N[C@@H](CCC(=O)[O-])C(=O)[O-])cc1)CN2	VVIAGPKUTFNRDU-STQMWFEESA-L
5-Methyltetrahydrofolate	CN1c2c(nc(N)[nH]c2=O)NC[C@@H]1CNc1ccc(C(=O)N[C@@H](CCC(=O)[O-])C(=O)[O-])cc1	ZNOVTXRBGFNYRX-STQMWFEESA-L
5-Methylthio-D-ribose	CSC[C@@H](O)[C@@H](O)[C@@H](O)C=O	ACWASDPGAVYCNI-JKUQZMGJSA-N
5-Methylthioadenosine	CSC[C@H]1O[C@@H](n2cnc3c(N)ncnc32)[C@H](O)[C@@H]1O	WUUGFSXJNOTRMR-IOSLPCCCSA-N
5-O-(1-Carboxyvinyl)-3-phosphoshikimate	C=C(O[C@@H]1CC(C(=O)[O-])=C[C@@H](OP(=O)([O-])[O-])[C@H]1O)C(=O)[O-]	QUTYKIXIUDQOLK-PRJMDXOYSA-J
5-Phospho-alpha-D-ribose 1-diphosphate	O=P([O-])([O-])OC[C@H]1O[C@H](OP(=O)([O-])OP(=O)([O-])[O-])[C@H](O)[C@@H]1O	PQGCEDQWHSBAJP-TXICZTDVSA-I
5-Phospho-beta-D-ribosylamine	[NH3+][C@@H]1O[C@H](COP(=O)([O-])[O-])[C@@H](O)[C@H]1O	SKCBPEVYGOQGJN-TXICZTDVSA-M
5-Phosphoguanylyl(3->5)guanosine	Nc1nc2c(ncn2[C@@H]2O[C@H](COP(=O)([O-])O[C@@H]3[C@@H](COP(=O)([O-])[O-])O[C@@H](n4cnc5c(=O)[nH]c(N)nc54)[C@@H]3O)[C@@H](O)[C@H]2O)c(=O)[nH]1	ZEHOHLFQOXAZHX-MHARETSRSA-K
5-[(5-phospho-1-deoxyribulos-1-ylamino)methylideneamino]-1-(5-phosphoribosyl)imidazole-4-carboxamide	NC(=O)c1ncn([C@@H]2O[C@H](COP(=O)([O-])[O-])[C@@H](O)[C@H]2O)c1NC=NCC(=O)[C@H](O)[C@H](O)COP(=O)([O-])[O-]	BLKFNHOCHNCLII-GHVQHMAVSA-J
5-amino-1-(5-phospho-D-ribosyl)imidazole	Nc1cncn1C1O[C@H](COP(=O)(O)O)[C@@H](O)[C@H]1O	PDACUKOKVHBVHJ-ZRTZXPPTSA-N
5-amino-1-(5-phospho-D-ribosyl)imidazole-4-carboxylate	Nc1c(C(=O)[O-])[nH+]cn1[C@@H]1O[C@H](COP(=O)([O-])[O-])[C@@H](O)[C@H]1O	XFVULMDJZXYMSG-ZIYNGMLESA-L
5-phosphoribosyl-5-carboxyaminoimidazole	O=C([O-])Nc1cncn1[C@@H]1O[C@H](COP(=O)([O-])[O-])[C@@H](O)[C@H]1O	JHLXDWGVSYMXPL-XVFCMESISA-K
6,7-Dihydropteridine	c1ncc2c(n1)=NCCN=2	KVDQMARGGBLIJM-UHFFFAOYSA-N
6,7-Dimethyl-8-(1-D-ribityl)lumazine	Cc1nc2c(=O)[n-]c(=O)nc-2n(C[C@H](O)[C@H](O)[C@H](O)CO)c1C	SXDXRJZUAJBNFL-XKSSXDPKSA-M
6-Acetyl-D-glucose	CC(=O)OC[C@H]1O[C@@H](O)[C@H](O)[C@@H](O)[C@@H]1O	ILLOJQCWUBEHBA-JAJWTYFOSA-N
6-Phospho-D-gluconate	O=C([O-])[C@H](O)[C@@H](O)[C@H](O)[C@H](O)COP(=O)([O-])[O-]	BIRSGZKFKXLSJQ-SQOUGZDYSA-K
6-Phospho-beta-D-glucosyl-(1,4)-D-glucose	C(C1C(C(C(C(O1)O)O)O)OC2C(C(C(C(O2)COP(=O)(O)O)O)O)O)O	ITPHOIFCAFNCLL-CUHNMECISA-N
6-carboxy-5,6,7,8-tetrahydropterin	Nc1nc2c(c(=O)[nH]1)NC(C(=O)[O-])CN2	QSIYONWVWDSRRO-UHFFFAOYSA-M
6-hydroxymethyl dihydropterin	Nc1nc2c(c(=O)[nH]1)N=C(CO)CN2	CQQNNQTXUGLUEV-UHFFFAOYSA-N
6-hydroxymethyl-dihydropterin pyrophosphate	Nc1nc2c(c(=O)[nH]1)N=C(COP(=O)([O-])OP(=O)([O-])[O-])CN2	FCQGJGLSOWZZON-UHFFFAOYSA-K
6-phospho-D-glucono-1,5-lactone	O=C1O[C@H](COP(=O)([O-])[O-])[C@@H](O)[C@H](O)[C@H]1O	IJOJIVNDFQSGAB-SQOUGZDYSA-L
7,8-Diaminononanoate	C[C@H]([NH3+])[C@H]([NH3+])CCCCCC(=O)[O-]	KCEGBPIYGIWCDH-JGVFFNPUSA-O
7,8-Dihydrofolate	Nc1nc2c(c(=O)[nH]1)N=C(CNc1ccc(C(=O)N[C@@H](CCC(=O)[O-])C(=O)[O-])cc1)CN2	OZRNSSUDZOLUSN-LBPRGKRZSA-L
7-aminomethyl-7-deazaguanine	Nc1nc2[nH]cc(C[NH3+])c2c(=O)[nH]1	MEYMBLGOKYDGLZ-UHFFFAOYSA-O
7-cyano-7-carbaguanine	N#Cc1c[nH]c2nc(N)[nH]c(=O)c12	FMKSMYDYKXQYRV-UHFFFAOYSA-N
7-deaza-7-carboxyguanine	Nc1nc2[nH]cc(C(=O)[O-])c2c(=O)[nH]1	XIUIRSLBMMTDSK-UHFFFAOYSA-M
8-Amino-7-oxononanoate	CC([NH3+])C(=O)CCCCCC(=O)[O-]	GUAHPAJOXVYFON-UHFFFAOYSA-N
ADP	Nc1ncnc2c1ncn2[C@@H]1O[C@H](COP(=O)([O-])OP(=O)([O-])[O-])[C@@H](O)[C@H]1O	XTWYTFMLZFPYCI-KQYNXXCUSA-K
ADP-D-glycero-D-manno-heptose	Nc1ncnc2c1ncn2[C@@H]1O[C@H](COP(=O)([O-])OP(=O)([O-])O[C@@H]2O[C@H]([C@H](O)CO)[C@@H](O)[C@H](O)[C@@H]2O)[C@@H](O)[C@H]1O	KMSFWBYFWSKGGR-FQBROAFUSA-L
ADP-L-glycero-D-manno-heptose	Nc1ncnc2c1ncn2[C@@H]1O[C@H](COP(=O)(O)OP(=O)(O)OC2O[C@H]([C@@H](O)CO)[C@@H](O)[C@H](O)[C@@H]2O)[C@@H](O)[C@H]1O	KMSFWBYFWSKGGR-XRLZOAFQSA-N
ADPglucose	Nc1ncnc2c1ncn2[C@@H]1O[C@H](COP(=O)([O-])OP(=O)([O-])O[C@H]2O[C@H](CO)[C@@H](O)[C@H](O)[C@H]2O)[C@@H](O)[C@H]1O	WFPZSXYXPSUOPY-ROYWQJLOSA-L
ADPribose	Nc1ncnc2c1ncn2[C@@H]1O[C@H](COP(=O)(O)OP(=O)(O)OC[C@H]2OC(O)[C@H](O)[C@@H]2O)[C@@H](O)[C@H]1O	SRNWOUGRCWSEMX-TYASJMOZSA-N
AMP	Nc1ncnc2c1ncn2[C@@H]1O[C@H](COP(=O)([O-])[O-])[C@@H](O)[C@H]1O	UDMBCSSLTHHNCD-KQYNXXCUSA-L
ATP	Nc1ncnc2c1ncn2[C@@H]1O[C@H](COP(=O)([O-])OP(=O)([O-])OP(=O)([O-])[O-])[C@@H](O)[C@H]1O	ZKHQWZAMYRWXGA-KQYNXXCUSA-J
Acetaldehyde	CC=O	IKHGUXGNUITLKF-UHFFFAOYSA-N
Acetate	CC(=O)[O-]	QTBSBXVTEAMEQO-UHFFFAOYSA-M
Acetoacetate	C=C(O)CC(=O)O	YMXHTKKMLXGXDC-UHFFFAOYSA-N
Acetoacetyl-ACP	CC(=O)CC(=O)S[*]	
Acetoacetyl-CoA	CC(=O)CC(=O)SCCNC(=O)CCNC(=O)[C@H](O)C(C)(C)COP(=O)([O-])OP(=O)([O-])OC[C@H]1O[C@@H](n2cnc3c(N)ncnc32)[C@H](O)[C@@H]1OP(=O)([O-])[O-]	OJFDKHTZOUZBOS-CITAKDKDSA-J
Acetol cytosol	CC(=O)CO	XLSMFKSTNGKWQX-UHFFFAOYSA-N
Acetyl phosphate	CC(=O)OP(=O)([O-])[O-]	LIPOUNRJVLNBCD-UHFFFAOYSA-L
Acetyl-ACP	[1*]SC(C)=O	
Acetyl-CoA	CC(=O)SCCNC(=O)CCNC(=O)[C@H](O)C(C)(C)COP(=O)([O-])OP(=O)([O-])OC[C@H]1O[C@@H](n2cnc3c(N)ncnc32)[C@H](O)[C@@H]1OP(=O)([O-])[O-]	ZSLZBFCDCINBPY-ZSJPKINUSA-J
Acetyl-maltose	CC(=O)OCC1C(C(C(C(O1)OC2C(OC(C(C2O)O)O)CO)O)O)O	IJVLHLCOMOKFHH-DURRTVQMSA-N
Acyl carrier protein	[*]S	
Acyl phosphatidylglycerol (n-C12:0)	CCCCCCCCCCCC(=O)OCC(COP(=O)([O-])OCC(COC(=O)CCCCCCCCCCC)OC(=O)CCCCCCCCCCC)O	AJCVDIXUOBZCPE-ZESVVUHVSA-M
Acyl phosphatidylglycerol (n-C14:0)	CCCCCCCCCCCCCC(=O)OCC(COP(=O)([O-])OCC(COC(=O)CCCCCCCCCCCCC)OC(=O)CCCCCCCCCCCCC)O	HLSZVIULNVUBQI-YWPUXERESA-M
Acyl phosphatidylglycerol (n-C14:1)	CCCCCCC=CCCCCCC(=O)OCC(O)COP(=O)([O-])OCC(COC(=O)CCCCCC=CCCCCCC)OC(=O)CCCCCC=CCCCCCC	GKHYJHGQULCCBX-UHFFFAOYSA-M
Acyl phosphatidylglycerol (n-C16:0)	CCCCCCCCCCCCCCCC(=O)OCC(COP(=O)([O-])OCC(COC(=O)CCCCCCCCCCCCCCC)OC(=O)CCCCCCCCCCCCCCC)O	BSAFHIMUDGXOPA-OKPYTHRESA-M
Acyl phosphatidylglycerol (n-C16:1)	CCCCCCC=CCCCCCCCC(=O)OCC(O)COP(=O)([O-])OCC(COC(=O)CCCCCCCC=CCCCCCC)OC(=O)CCCCCCCC=CCCCCCC	ISOXHMBLKVGIAT-UHFFFAOYSA-M
Acyl phosphatidylglycerol (n-C18:0)	CCCCCCCCCCCCCCCCCC(=O)OCC(COP(=O)([O-])OCC(COC(=O)CCCCCCCCCCCCCCCCC)OC(=O)CCCCCCCCCCCCCCCCC)O	WCMVNCVROQLVSH-JBQXKKLXSA-M
Acyl phosphatidylglycerol (n-C18:1)	CCCCCCC=CCCCCCCCCCC(=O)OCC(O)COP(=O)([O-])OCC(COC(=O)CCCCCCCCCC=CCCCCCC)OC(=O)CCCCCCCCCC=CCCCCCC	MNEWMEXDRDMOEP-UHFFFAOYSA-M
Adenine	Nc1ncnc2[nH]cnc12	GFFGJBXGBJISGV-UHFFFAOYSA-N
Adenosine	Nc1ncnc2c1ncn2[C@@H]1O[C@H](CO)[C@@H](O)[C@H]1O	OIRDTQYFTABQOQ-KQYNXXCUSA-N
Adenosine 3',5'-bisphosphate	Nc1ncnc2c1ncn2[C@@H]1O[C@H](COP(=O)([O-])[O-])[C@@H](OP(=O)([O-])[O-])[C@H]1O	WHTCPDAXWFLDIH-KQYNXXCUSA-J
Adenosine 5'-phosphosulfate	Nc1ncnc2c1ncn2[C@@H]1O[C@H](COP(=O)([O-])OS(=O)(=O)[O-])[C@@H](O)[C@H]1O	IRLPACMLTUPBCL-KQYNXXCUSA-L
Adenosine thiamine triphosphate	Cc1ncc(C[n+]2csc(CCOP(=O)([O-])OP(=O)([O-])OP(=O)([O-])OC[C@H]3O[C@@H](n4cnc5c(N)ncnc54)[C@H](O)[C@@H]3O)c2C)c(N)n1	FGOYXNBJKMNPDH-SAJUPQAESA-L
Adenosine-GDP-cobinamide	CC1=C2[N+]3=C(C=C4[N+]5=C(C(C)=C6N7[C@H]([C@H](CC(N)=O)[C@@]6(C)CCC(=O)NC[C@@H](C)OP(=O)([O-])OP(=O)([O-])OC[C@H]6O[C@@H](n8cnc9c(=O)[nH]c(N)nc98)[C@H](O)[C@@H]6O)[C@]6(C)[N+](=C1[C@@H](CCC(N)=O)[C@]6(C)CC(N)=O)[Co-2]753C[C@H]1O[C@@H](n3cnc5c(N)ncnc53)[C@H](O)[C@@H]1O)[C@@H](CCC(N)=O)C4(C)C)[C@@H](CCC(N)=O)[C@]2(C)CC(N)=O	IQTYKHRKNGVJEO-RRMAJTJESA-K
Adenosyl cobinamide	CC1=C2C(C(C([N-]2)C3(C(C(C(=N3)C(=C4C(C(C(=N4)C=C5C(C(C1=N5)CCC(=O)N)(C)C)CCC(=O)N)(C)CC(=O)N)C)CCC(=O)N)(C)CC(=O)N)C)CC(=O)N)(C)CCC(=O)NCC(C)O.[CH2-]C1C(C(C(O1)N2C=NC3=C(N=CN=C32)N)O)O.[Co]	ISIJQGZVIFYXMD-QMUWONGRSA-M
Adenosyl cobinamide phosphate	CC1=C2[N+]3=C(C=C4[N+]5=C(C(C)=C6N7[C@H]([C@H](CC(N)=O)[C@@]6(C)CCC(=O)NC[C@@H](C)OP(=O)([O-])[O-])[C@]6(C)[N+](=C1[C@@H](CCC(N)=O)[C@]6(C)CC(N)=O)[Co-2]753C[C@H]1O[C@@H](n3cnc5c(N)ncnc53)[C@H](O)[C@@H]1O)[C@@H](CCC(N)=O)C4(C)C)[C@@H](CCC(N)=O)[C@]2(C)CC(N)=O	MQCMBMUJJHSGIF-QMUWONGRSA-K
Adenosylcobalamin	CC1=CC2=C(C=C1C)N(C=N2)C3C(C(C(O3)CO)OP(=O)([O-])OC(C)CNC(=O)CCC4(C(C5C6(C(C(C(=N6)C(=C7C(C(C(=N7)C=C8C(C(C(=N8)C(=C4[N-]5)C)CCC(=O)N)(C)C)CCC(=O)N)(C)CC(=O)N)C)CCC(=O)N)(C)CC(=O)N)C)CC(=O)N)C)O.[CH2-]C1C(C(C(O1)N2C=NC3=C(N=CN=C32)N)O)O.[Co]	DFDCDQDATCDZSO-OUCXYWSSSA-L
Adenylated molybdopterin	Nc1nc2c(c(=O)[nH]1)N[C@H]1C(S)=C([S-])[C@@H](COP(=O)([O-])OP(=O)([O-])OC[C@H]3O[C@@H](n4cnc5c(N)ncnc54)[C@H](O)[C@@H]3O)O[C@H]1N2	XJXFAXLUOKQPAQ-YPRLVJTJSA-K
Aerobactin	CC(=O)N(O)CCCC[C@H](NC(=O)CC(O)(CC(=O)N[C@@H](CCCCN(O)C(C)=O)C(=O)[O-])C(=O)[O-])C(=O)[O-]	KDHHWXGBNUCREU-HOTGVXAUSA-K
Aerobactin minus Fe3	CC(=O)N(CCCCC(C(=O)[O-])NC(=O)CC(CC(=O)NC(CCCCN(C(=O)C)O)C(=O)[O-])(C(=O)[O-])O)O	KDHHWXGBNUCREU-HOTGVXAUSA-K
Agmatine	NC(=[NH2+])NCCCC[NH3+]	QYPPJABKJHAVHS-UHFFFAOYSA-P
All-trans-Octaprenyl diphosphate	CC(C)=CCC/C(C)=C/CC/C(C)=C/CC/C(C)=C/CC/C(C)=C/CC/C(C)=C/CC/C(C)=C/CC/C(C)=C/COP(=O)([O-])OP(=O)([O-])[O-]	IKKLDISSULFFQO-DJMILUHSSA-K
Allantoate	NC(=O)NC(NC(N)=O)C(=O)[O-]	NUCLJNSWZCHRKL-UHFFFAOYSA-M
Allantoin	NC(=O)NC1NC(=O)NC1=O	POJWUDADGALRAB-UHFFFAOYSA-N
Allulose 6-phosphate	O=C(CO)[C@H](O)[C@H](O)[C@H](O)COP(=O)([O-])[O-]	GSXOAOHZAIYLCY-NGJCXOISSA-L
Alpha,alpha'-Trehalose 6-phosphate	O=P([O-])([O-])OC[C@H]1O[C@H](O[C@H]2O[C@H](CO)[C@@H](O)[C@H](O)[C@H]2O)[C@H](O)[C@@H](O)[C@@H]1O	LABSPYBHMPDTEL-LIZSDCNHSA-L
Alpha-D-Galactose 1-phosphate	O=P([O-])([O-])O[C@H]1O[C@H](CO)[C@H](O)[C@H](O)[C@H]1O	HXXFSFRBOHSIMQ-FPRJBGLDSA-L
Alpha-D-Ribose 1-phosphate	O=P([O-])([O-])O[C@H]1O[C@H](CO)[C@@H](O)[C@H]1O	YXJDFQJKERBOBM-TXICZTDVSA-L
Alpha-D-Ribose 5-phosphate	O=P(O)(O)OC[C@H]1O[C@H](O)[C@H](O)[C@@H]1O	KTVPXOYAKDPRHY-AIHAYLRMSA-N
Aminoacetaldehyde	[NH3+]CC=O	LYIIBVSRGJSHAV-UHFFFAOYSA-O
Aminoacetone	CC(=O)C[NH3+]	BCDGQXUMWHRQCB-UHFFFAOYSA-O
Aminomethylphosphonate	C([NH3+])P(=O)([O-])[O-]	MGRVRXRGTBOSHW-UHFFFAOYSA-M
Ammonium	[NH2-]	HYGWNUKOUCZBND-UHFFFAOYSA-N
Anthranilate	Nc1ccccc1C(=O)[O-]	RWZYAGGXGHYGMB-UHFFFAOYSA-M
Apoprotein [acyl carrier protein]	[*][NH2+][C@@H](CO)C([*])=O	
Arbutin	OC[C@H]1O[C@@H](Oc2ccc(O)cc2)[C@H](O)[C@@H](O)[C@@H]1O	BJRNKVDFDLYUGJ-RMPHRYRLSA-N
Arbutin 6-phosphate	O=P([O-])([O-])OC[C@H]1O[C@@H](Oc2ccc(O)cc2)[C@H](O)[C@@H](O)[C@@H]1O	FBHYCDOVYMVLEN-RMPHRYRLSA-L
Arsenate	O=[As]([O-])([O-])O	DJHGAFSJWGLOIV-UHFFFAOYSA-L
Arsenite	O[As](O)O	GCPXMJHSNVMWNM-UHFFFAOYSA-N
Beta D-Galactose	OC[C@H]1O[C@@H](O)[C@H](O)[C@@H](O)[C@H]1O	WQZGKKKJIJFFOK-FPRJBGLDSA-N
Beta-Alanine	[NH3+]CCC(=O)[O-]	UCMIRNVEIXFBKS-UHFFFAOYSA-N
Betaine aldehyde	C[N+](C)(C)CC=O	SXKNCCSPZDCRFD-UHFFFAOYSA-N
Bicarbonate	O=C([O-])O	BVKZGUZCCUSVTD-UHFFFAOYSA-M
Biotin	O=C([O-])CCCC[C@@H]1SC[C@@H]2NC(=O)N[C@H]12	YBJHBAHKTGYVGT-ZKWXMUAHSA-M
Branching glycogen	OCC1OC(OCC2OC(OC3C(CO)OC(O)C(O)C3O)C(O)C(O)C2OC2OC(CO)C(O)C(O)C2O)C(O)C(O)C1O	BYSGBSNPRWKUQH-UHFFFAOYSA-N
But-2-enoyl-[acyl-carrier protein]	CC=CC(=O)S	YTTALSLGBLXCOB-NSCUHMNNSA-N
Butanal	CCCC=O	ZTQSAGDEMFDKMZ-UHFFFAOYSA-N
Butanesulfonate	CCCCS(=O)(=O)[O-]	QDHFHIQKOVNCNC-UHFFFAOYSA-M
Butanoyl-CoA	CCCC(=O)SCCNC(=O)CCNC(=O)[C@H](O)C(C)(C)COP(=O)([O-])OP(=O)([O-])OC[C@H]1O[C@@H](n2cnc3c(N)ncnc32)[C@H](O)[C@@H]1OP(=O)([O-])[O-]	CRFNGMNYKDXRTN-CITAKDKDSA-J
Butyryl-ACP (n-C4:0ACP)	CCCC(=O)SCCNC(=O)CCNC(=O)C(O)C(C)(C)COP(=O)([O-])O[*]	
C'-(3-Indolyl)-glycerol 3-phosphate	O=P([O-])([O-])OC[C@@H](O)[C@@H](O)c1c[nH]c2ccccc12	NQEQTYPJSIEPHW-MNOVXSKESA-L
CAMP	Nc1ncnc2c1ncn2[C@@H]1O[C@@H]2COP(=O)([O-])O[C@H]2[C@H]1O	IVOMOUWHDPKRLL-KQYNXXCUSA-M
CDP	Nc1ccn([C@@H]2O[C@H](COP(=O)([O-])OP(=O)([O-])[O-])[C@@H](O)[C@H]2O)c(=O)n1	ZWIADYZPOWUWEW-XVFCMESISA-K
CDP-1,2-didodecanoylglycerol	CCCCCCCCCCCC(=O)OCC(COP(=O)([O-])OP(=O)([O-])OCC1OC(n2ccc(N)nc2=O)C(O)C1O)OC(=O)CCCCCCCCCCC	PTPPKXVNJJIECF-UHFFFAOYSA-L
CDP-1,2-dihexadec-9-enoylglycerol	CCCCCCC=CCCCCCCCC(=O)OC[C@H](COP(=O)(O)OP(=O)(O)OC[C@H]1O[C@@H](n2ccc(N)nc2=O)[C@H](O)[C@@H]1O)OC(=O)CCCCCCCC=CCCCCCC	LBKBJHVQQNUXGQ-BQUKFSKHSA-N
CDP-1,2-dioctadec-11-enoylglycerol	CCCCCCC=CCCCCCCCCCC(=O)OC[C@H](COP(=O)(O)OP(=O)(O)OC[C@H]1O[C@@H](n2ccc(N)nc2=O)[C@H](O)[C@@H]1O)OC(=O)CCCCCCCCCC=CCCCCCC	KISJWPWNABZPGN-IGIWICMZSA-N
CDP-1,2-dioctadecanoylglycerol	CCCCCCCCCCCCCCCCCC(=O)OC[C@H](COP(=O)(O)OP(=O)(O)OC[C@H]1O[C@@H](n2ccc(N)nc2=O)[C@H](O)[C@@H]1O)OC(=O)CCCCCCCCCCCCCCCCC	PDCWLWQTNQCGRI-IGIWICMZSA-N
CDP-1,2-ditetradec-7-enoylglycerol	CCCCCCC=CCCCCCC(=O)OC[C@H](COP(=O)(O)OP(=O)(O)OC[C@H]1O[C@@H](n2ccc(N)nc2=O)[C@H](O)[C@@H]1O)OC(=O)CCCCCC=CCCCCCC	VDJIEKQUDMPHPA-WNAWUNHNSA-N
CDP-1,2-ditetradecanoylglycerol	CCCCCCCCCCCCCC(=O)OC[C@H](COP(=O)(O)OP(=O)(O)OC[C@H]1O[C@@H](n2ccc(N)nc2=O)[C@H](O)[C@@H]1O)OC(=O)CCCCCCCCCCCCC	ICFWXMWHAMIZGF-WNAWUNHNSA-N
CMP	Nc1ccn([C@@H]2O[C@H](COP(=O)([O-])[O-])[C@@H](O)[C@H]2O)c(=O)n1	IERHLVCPSMICTF-XVFCMESISA-L
CMP-3-deoxy-D-manno-octulosonate	Nc1ccn([C@@H]2O[C@H](COP(=O)(O)O[C@]3(C(=O)O)C[C@@H](O)[C@@H](O)[C@@H]([C@H](O)CO)O3)[C@@H](O)[C@H]2O)c(=O)n1	YWWJKULNWGRYAS-XKKDATLGSA-N
CO2	O=C=O	CURLTUGMZLYLDI-UHFFFAOYSA-N
CTP	Nc1ccn([C@@H]2O[C@H](COP(=O)([O-])OP(=O)([O-])OP(=O)([O-])[O-])[C@@H](O)[C@H]2O)c(=O)n1	PCDQPRRSZKQHHS-XVFCMESISA-J
Cadmium	[Cd+2]	WLZRMCYVCSSEQC-UHFFFAOYSA-N
Calcium	[Ca+2]	BHPQYMZQTOCNFJ-UHFFFAOYSA-N
Carbamate	NC(=O)[O-]	KXDHJXZQYSOELW-UHFFFAOYSA-M
Carbamoyl phosphate	NC(=O)OP(=O)([O-])[O-]	FFQKYPRQEYGKAF-UHFFFAOYSA-L
Carboxy-S-adenosyl-L-methionine	C1=NC(=C2C(=N1)N(C=N2)C3C(C(C(O3)C[S+](CCC(C(=O)[O-])[NH3+])CC(=O)[O-])O)O)N	VFFTYSZNZJBRBG-DYXDMYNLSA-N
Cardiolipin (tetradodecanoyl, n-C12:0)	CCCCCCCCCCCC(=O)OCC(COP(=O)([O-])OCC(O)COP(=O)([O-])OCC(COC(=O)CCCCCCCCCCC)OC(=O)CCCCCCCCCCC)OC(=O)CCCCCCCCCCC	LNSKUBQTAKEJOP-UHFFFAOYSA-L
Cardiolipin (tetrahexadec-9-enoyl, n-C16:1)	CCCCCCC=CCCCCCCCC(=O)OC[C@H](COP(=O)(O)OCC(O)COP(=O)(O)OC[C@@H](COC(=O)CCCCCCCC=CCCCCCC)OC(=O)CCCCCCCC=CCCCCCC)OC(=O)CCCCCCCC=CCCCCCC	UYSHBKYVDAZLKJ-GMUISZSCSA-N
Cardiolipin (tetrahexadecanoyl, n-C16:0)	CCCCCCCCCCCCCCCC(=O)OC[C@H](COP(=O)(O)OCC(O)COP(=O)(O)OC[C@@H](COC(=O)CCCCCCCCCCCCCCC)OC(=O)CCCCCCCCCCCCCCC)OC(=O)CCCCCCCCCCCCCCC	GRTNLBQYBYZCCM-ULKDXPJMSA-N
Cardiolipin (tetraoctadec-11-enoyl, n-C18:1)	CCCCCCC=CCCCCCCCCCC(=O)OC[C@H](COP(=O)(O)OCC(O)COP(=O)(O)OC[C@@H](COC(=O)CCCCCCCCCC=CCCCCCC)OC(=O)CCCCCCCCCC=CCCCCCC)OC(=O)CCCCCCCCCC=CCCCCCC	HSSSADMXQPKIEB-GXYAQEMJSA-N
Cardiolipin (tetraoctadecanoyl, n-C18:0)	CCCCCCCCCCCCCCCCCC(=O)OCC(COP(=O)([O-])OCC(O)COP(=O)([O-])OCC(COC(=O)CCCCCCCCCCCCCCCCC)OC(=O)CCCCCCCCCCCCCCCCC)OC(=O)CCCCCCCCCCCCCCCCC	XVTUQDWPJJBEHJ-UHFFFAOYSA-L
Cardiolipin (tetratetradec-7-enoyl, n-C14:1)	CCCCCCC=CCCCCCC(=O)OCC(COP(=O)([O-])OCC(O)COP(=O)([O-])OCC(COC(=O)CCCCCC=CCCCCCC)OC(=O)CCCCCC=CCCCCCC)OC(=O)CCCCCC=CCCCCCC	JFMBCSNNHZGVDL-UHFFFAOYSA-L
Cardiolipin (tetratetradecanoyl, n-C14:0)	CCCCCCCCCCCCCC(=O)OC[C@H](COP(=O)(O)OCC(O)COP(=O)(O)OC[C@@H](COC(=O)CCCCCCCCCCCCC)OC(=O)CCCCCCCCCCCCC)OC(=O)CCCCCCCCCCCCC	SDCJNZZAOLRVCP-GTOSQJSUSA-N
Cellobiose	OC[C@H]1O[C@@H](O[C@@H]2[C@@H](CO)O[C@@H](O)[C@H](O)[C@H]2O)[C@H](O)[C@@H](O)[C@@H]1O	GUBGYTABKSRVRQ-QRZGKKJRSA-N
Cesium ion	[Cs+]	NCMHKCKGHRPLCM-UHFFFAOYSA-N
Chloramphenicol	O=C(N[C@H](CO)[C@H](O)c1ccc([N+](=O)[O-])cc1)C(Cl)Cl	WIIZWVCIJKGZOK-RKDXNWHRSA-N
Chloride	[ClH2+]	IGJWHVUMEJASKV-UHFFFAOYSA-N
Cholate c	C[C@H](CCC(=O)[O-])[C@H]1CC[C@H]2[C@H]3[C@H](C[C@H](O)[C@@]21C)[C@@]1(C)CC[C@@H](O)C[C@H]1C[C@H]3O	BHQCQFFYRZLCQQ-OELDTZBJSA-M
Choline	C[N+](C)(C)CCO	OEYIOHPDSNJKLS-UHFFFAOYSA-N
Chorismate	C=C(O[C@@H]1C=C(C(=O)[O-])C=C[C@H]1O)C(=O)[O-]	WTFXTQVDAKGDEY-HTQZYQBOSA-L
Cis-2-Methylaconitate	C/C(C(=O)[O-])=C(\CC(=O)[O-])C(=O)[O-]	NUZLRKBHOBPTQV-ARJAWSKDSA-K
Cis-3-(3-carboxyethenyl)-3,5-cyclohexadiene-1,2-diol	O=C(O)C=CC1=CC=C[C@H](O)[C@@H]1O	AEUBLTTWYCDTGM-IONNQARKSA-N
Cis-3-(3-carboxyethyl)-3,5-cyclohexadiene-1,2-diol	O=C([O-])CCC1=CC=C[C@@H](O)[C@H]1O	RKDFGWAXBBGKMR-APPZFPTMSA-M
Cis-Aconitate	O=C([O-])/C=C(/CC(=O)[O-])C(=O)[O-]	GTZCVFVGUGFEME-IWQZZHSRSA-K
Cis-dec-3-enoyl-[acyl-carrier protein] (n-C10:1)	CCCCCCC=CCC(=O)SCCNC(=O)CCNC(=O)C(O)C(C)(C)COP(=O)([O-])O[*]	
Cis-dodec-5-enoyl-[acyl-carrier protein] (n-C12:1)	CCCCCCC=CCCCC(=O)SCCNC(=O)CCNC(=O)C(O)C(C)(C)COP(=O)([O-])O[*]	
Cis-hexadec-9-enoyl-[acyl-carrier protein] (n-C16:1)	CCCCCCC=CCCCCCCCC(=O)SCCNC(=O)CCNC(=O)C(O)C(C)(C)COP(=O)([O-])O[*]	
Cis-octadec-11-enoyl-[acyl-carrier protein] (n-C18:1)	C=CCCCCCCCCCCCCCCCC(=O)SCCNC(=O)CCNC(=O)C(O)C(C)(C)COP(=O)([O-])O[*]	
Cis-tetradec-7-enoyl-[acyl-carrier protein] (n-C14:1)	C=CCCCCCCCCCCCC(=O)SCCNC(=O)CCNC(=O)C(O)C(C)(C)COP(=O)([O-])O[*]	
Citrate	O=C([O-])CC(O)(CC(=O)[O-])C(=O)[O-]	KRKNYBCHXYNGOX-UHFFFAOYSA-K
Co2+	[Co+2]	XLJKHNWPARRRJB-UHFFFAOYSA-N
Cob(I)alamin	CC1=C2[N+]3=C(C=C4[N+]5=C(C(C)=C6N7[C@@H]8[C@H](CC(N)=O)[C@@]6(C)CCC(=O)NC[C@@H](C)OP(=O)([O-])O[C@@H]6[C@@H](CO)O[C@@H]([C@@H]6O)n6c[n+](c9cc(C)c(C)cc96)[Co-4]753[N+]3=C1[C@@H](CCC(N)=O)[C@](C)(CC(N)=O)[C@]83C)[C@@H](CCC(N)=O)C4(C)C)[C@@H](CCC(N)=O)[C@]2(C)CC(N)=O	OMAOKVYASDIYQG-DSRCUDDDSA-L
Cobinamide	[H][C@@]12[C@H](CC(N)=O)[C@@](C)(CCC(=O)NC[C@@H](C)O)C3=C(C)C4=[N+]5C(=CC6=[N+]7C(=C(C)C8=[N+]([C@]1(C)[C@@](C)(CC(N)=O)[C@@H]8CCC(N)=O)[Co-3]57[N]32)[C@@](C)(CC(N)=O)[C@@H]6CCC(N)=O)C(C)(C)[C@@H]4CCC(N)=O	XQRJFEVDQXEIAX-JFYQDRLCSA-M
Coenzyme A	CC(C)(COP(=O)([O-])OP(=O)([O-])OC[C@H]1O[C@@H](n2cnc3c(N)ncnc32)[C@H](O)[C@@H]1OP(=O)([O-])[O-])[C@@H](O)C(=O)NCCC(=O)NCCS	RGJOEKWQDUBAIZ-IBOSZNHHSA-J
Cold adapted KDO(2)-lipid (A)	CCCCCC/C=C\CCCCCCCC(=O)O[C@H](CCCCCCCCCCC)CC(=O)N[C@H]1[C@H](OC[C@H]2O[C@H](OP(=O)([O-])[O-])[C@H](NC(=O)C[C@H](O)CCCCCCCCCCC)[C@@H](OC(=O)C[C@H](O)CCCCCCCCCCC)[C@@H]2O)O[C@H](CO[C@]2(C(=O)[O-])C[C@@H](O[C@]3(C(=O)[O-])C[C@@H](O)[C@@H](O)[C@@H]([C@H](O)CO)O3)[C@@H](O)[C@@H]([C@H](O)CO)O2)[C@@H](OP(=O)([O-])[O-])[C@@H]1OC(=O)C[C@@H](CCCCCCCCCCC)OC(=O)CCCCCCCCCCCCC	YMYMIWUIGJUAIZ-LSPGFKFTSA-H
Copper	[Cu+2]	JPVYNHNXODAKFH-UHFFFAOYSA-N
Coprogen	CC(=O)N[C@@H](CCCN([O-])C(=O)/C=C(\C)CCO)C(=O)OCC/C(C)=C/C(=O)N([O-])CCC[C@@H]1NC(=O)[C@H](CCCN([O-])C(=O)/C=C(\C)CCO)NC1=O.[Fe+3]	FQIVLXIUJLOKPL-DWZMLRRXSA-N
Coprogen unloaded (no Fe(III))	CC(=O)NC(CCN(O)C(=O)/C=C(\C)CCO)CC(=O)OCC/C(C)=C/C(=O)N(O)CCCC1NC(=O)C(CCCN(O)C(=O)/C=C(/C)CCO)NC1=O	UOAJJXLNFIOBGG-WGRRYVMGSA-N
Coproporphyrinogen	Cc1c2[nH]c(c1CCC(=O)[O-])Cc1[nH]c(c(CCC(=O)[O-])c1C)Cc1[nH]c(c(CCC(=O)[O-])c1C)Cc1[nH]c(c(C)c1CCC(=O)[O-])C2	NIUVHXTXUXOFEB-UHFFFAOYSA-J
Core oligosaccharide lipid A	CCCCCCCCCCCCCC(=O)O[C@H](CCCCCCCCCCC)CC(=O)O[C@H]1[C@H](OP(=O)([O-])[O-])C(COC2(C(=O)[O-])CC(OC3(C(=O)[O-])CC(OC4(C(=O)[O-])CC(O)C(O)C(C(O)CO)O4)C(OC4OC(C)C(O)C(O)C4O)C(C(O)CO)O3)C(OC3OC(C(O)CO)C(OP(=O)([O-])[O-])C(OC4OC(C(O)COC5OC(C(O)CO)C(O)C(O)C5O)C(OP(=O)([O-])[O-])C(OC5OC(COC6OC(CO)C(O)C(O)C6O)C(O)C(OC6OC(CO)C(O)C(O)C6OC6OC(COC7OC(C(O)CO)C(O)C(O)C7O)C(O)C(O)C6O)C5O)C4O)C3O)C(C(O)CO)O2)O[C@@H](OC[C@H]2OC(OP(=O)([O-])[O-])[C@H](NC(=O)C[C@H](O)CCCCCCCCCCC)[C@@H](OC(=O)C[C@H](O)CCCCCCCCCCC)[C@@H]2O)[C@@H]1NC(=O)C[C@@H](CCCCCCCCCCC)OC(=O)CCCCCCCCCCC	SFVRSCGTAWOHDB-JMYCZVSXSA-C
Crotonobetaine	C[N+](C)(C)C/C=C/C(=O)[O-]	GUYHPGUANSLONG-SNAWJCMRSA-N
Crotonobetainyl-CoA	CC(C)(COP(=O)([O-])OP(=O)([O-])OC[C@H]1O[C@@H](n2cnc3c(N)ncnc32)[C@H](O)[C@@H]1OP(=O)([O-])[O-])[C@@H](O)C(=O)NCCC(=O)NCCSC(=O)/C=C/C[N+](C)(C)C	WAUPBDVHJXXZGW-HXPULJKESA-K
Crotonoyl-CoA	C/C=C/C(=O)SCCNC(=O)CCNC(=O)[C@H](O)C(C)(C)COP(=O)([O-])OP(=O)([O-])OC[C@H]1O[C@@H](n2cnc3c(N)ncnc32)[C@H](O)[C@@H]1OP(=O)([O-])[O-]	KFWWCMJSYSSPSK-PAXLJYGASA-J
Cu+	[Cu+]	VMQMZMRVKUZKQL-UHFFFAOYSA-N
Curcumin	COC1=C(C=CC(=C1)C=CC(=O)CC(=O)C=CC2=CC(=C(C=C2)O)OC)O	VFLDPWHFBUODDF-FCXRPNKRSA-N
Cyanate	N=C=O	OWIKHYCFFJSOEH-UHFFFAOYSA-N
Cyclic diguanosine monophosphate	C1C2C(C(C(O2)N3C=NC4=C3N=C(NC4=O)N)O)OP(=O)(OCC5C(C(C(O5)N6C=NC7=C6N=C(NC7=O)N)O)OP(=O)(O1)O)O	PKFDLKSEZWEFGL-MHARETSRSA-N
Cyclic pyranopterin monophosphate	C1C2C(C(C3C(O2)NC4=C(N3)C(=O)NC(=N4)N)(O)O)OP(=O)(O1)O	CZAKJJUNKNPTTO-AJFJRRQVSA-N
Cyclopropane phosphatidylethanolamine (dihexadec-9,10-cyclo-anoyl, n-C16:0 cyclo)	CCCCCCC1CC1CCCCCCCC(=O)OCC(COP(=O)([O-])OCC[NH3+])OC(=O)CCCCCCCC2CC2CCCCCC	FTCITDHJQWUTEF-GGTDZKDPSA-N
Cyclopropane phosphatidylglycerol (dihexadec-9,10-cyclo-anoyl, n-C16:0 cyclo)	CCCCCCC1CC1CCCCCCCC(=O)OCC(COP(=O)([O-])OCC(CO)O)OC(=O)CCCCCCCC2CC2CCCCCC	OBXHKDVMOWISFV-GWHWHECRSA-M
Cyclopropane phosphatidylglycerol (dioctadec-11,12-cyclo-anoyl, n-C18:0 cyclo)	CCCCCCC1CC1CCCCCCCCCC(=O)OCC(COP(=O)([O-])OCC(CO)O)OC(=O)CCCCCCCCCC2CC2CCCCCC	ACOSNNHXZDLJJE-HBLNEQHKSA-M
Cys Gly	[NH3+][C@@H](CS)C(=O)NCC(=O)[O-]	ZUKPVRWZDMRIEO-VKHMYHEASA-N
Cytidine	Nc1ccn([C@@H]2O[C@H](CO)[C@@H](O)[C@H]2O)c(=O)n1	UHDGCWIWMRVCDJ-XVFCMESISA-N
Cytosine	Nc1cc[nH]c(=O)n1	OPTASPLRGRRNAP-UHFFFAOYSA-N
D Arabinose	OC1OC[C@@H](O)[C@@H](O)[C@@H]1O	SRBFZHDQGSBBOR-ZRMNMSDTSA-N
D-4'-Phosphopantothenate	CC(C)(COP(=O)([O-])[O-])[C@@H](O)C(=O)NCCC(=O)[O-]	XHFVGHPGDLDEQO-ZETCQYMHSA-K
D-Alanine	C[C@@H]([NH3+])C(=O)[O-]	QNAYBMKLOCPYGJ-UWTATZPHSA-N
D-Alanyl-D-alanine	C[C@@H]([NH3+])C(=O)N[C@H](C)C(=O)[O-]	DEFJQIDDEAULHB-QWWZWVQMSA-N
D-Allose	OC[C@H]1OC(O)[C@H](O)[C@H](O)[C@@H]1O	WQZGKKKJIJFFOK-IVMDWMLBSA-N
D-Allose 6-phosphate	O=C[C@H](O)[C@H](O)[C@H](O)[C@H](O)COP(=O)([O-])[O-]	VFRROHXSMXFLSN-BGPJRJDNSA-L
D-Altronate	O=C([O-])[C@@H](O)[C@H](O)[C@H](O)[C@H](O)CO	RGHNJXZEOKUKBD-AIHAYLRMSA-M
D-Arabinose 5-phosphate	O=C[C@@H](O)[C@H](O)[C@H](O)COP(=O)([O-])[O-]	PPQRONHOSHZGFQ-WDCZJNDASA-L
D-Carnitine	C[N+](C)(C)C[C@@H](O)CC(=O)[O-]	PHIQHXFUZVPYII-LURJTMIESA-N
D-Cysteine	[NH3+][C@H](CS)C(=O)[O-]	XUJNEKJLAYXESH-UWTATZPHSA-N
D-Erythrose 4-phosphate	O=C[C@H](O)[C@H](O)COP(=O)([O-])[O-]	NGHMDNPXVRFFGS-IUYQGCFVSA-L
D-Fructose	OCC1(O)OC[C@@H](O)[C@@H](O)[C@@H]1O	LKDRXBCSQODPBY-VRPWFDPXSA-N
D-Fructose 1,6-bisphosphate	O=P(O)(O)OC[C@H]1OC(O)(COP(=O)(O)O)[C@@H](O)[C@@H]1O	RNBGYGVWRKECFJ-VRPWFDPXSA-N
D-Fructose 1-phosphate	O=P(O)(O)OCC1(O)O[C@H](CO)[C@@H](O)[C@@H]1O	RHKKZBWRNHGJEZ-VRPWFDPXSA-N
D-Fructose 6-phosphate	O=P([O-])([O-])OC[C@H]1O[C@](O)(CO)[C@@H](O)[C@@H]1O	BGWGXPAPYGQALX-ARQDHWQXSA-L
D-Fructuronate	O=C([O-])[C@@H](O)[C@@H](O)[C@H](O)C(=O)CO	IZSRJDGCGRAUAR-WISUUJSJSA-M
D-Galactarate	O=C([O-])[C@@H](O)[C@H](O)[C@H](O)[C@@H](O)C(=O)[O-]	DSLZVSRJTYRBFB-DUHBMQHGSA-L
D-Galactonate	O=C([O-])[C@H](O)[C@@H](O)[C@@H](O)[C@H](O)CO	RGHNJXZEOKUKBD-MGCNEYSASA-M
D-Galactose	OC[C@H]1OC(O)[C@H](O)[C@@H](O)[C@H]1O	WQZGKKKJIJFFOK-SVZMEOIVSA-N
D-Galacturonate		AEMOLEFTQBMNLQ-YMDCURPLSA-N
D-Glucarate	O=C([O-])[C@@H](O)[C@@H](O)[C@H](O)[C@@H](O)C(=O)[O-]	DSLZVSRJTYRBFB-LLEIAEIESA-L
D-Gluconate	O=C([O-])[C@H](O)[C@@H](O)[C@H](O)[C@H](O)CO	RGHNJXZEOKUKBD-SQOUGZDYSA-M
D-Glucosamine	[NH3+][C@H]1C(O)O[C@H](CO)[C@@H](O)[C@@H]1O	MSWZFWKMSRAUBD-IVMDWMLBSA-O
D-Glucosamine 1-phosphate	[NH3+][C@H]1[C@@H](OP(=O)([O-])[O-])O[C@H](CO)[C@@H](O)[C@@H]1O	YMJBYRVFGYXULK-QZABAPFNSA-M
D-Glucosamine 6-phosphate		XHMJOUIAFHJHBW-IVMDWMLBSA-N
D-Glucose	OC[C@H]1OC(O)[C@H](O)[C@@H](O)[C@@H]1O	WQZGKKKJIJFFOK-GASJEMHNSA-N
D-Glucose 1-phosphate	O=P([O-])([O-])O[C@H]1O[C@H](CO)[C@@H](O)[C@H](O)[C@H]1O	HXXFSFRBOHSIMQ-VFUOTHLCSA-L
D-Glucose 6-phosphate	O=P([O-])([O-])OC[C@H]1OC(O)[C@H](O)[C@@H](O)[C@@H]1O	NBSCHQHZLSJFNQ-GASJEMHNSA-L
D-Glucuronate	O=C([O-])[C@H]1OC(O)[C@H](O)[C@@H](O)[C@@H]1O	AEMOLEFTQBMNLQ-AQKNRBDQSA-M
D-Glucuronate 1-phosphate	O=C([O-])[C@H]1O[C@H](OP(=O)([O-])[O-])[C@H](O)[C@@H](O)[C@@H]1O	AIQDYKMWENWVQJ-QIUUJYRFSA-K
D-Glutamate	[NH3+][C@H](CCC(=O)[O-])C(=O)[O-]	WHUUTDBJXJRKMK-GSVOUGTGSA-M
D-Glyceraldehyde	O=C[C@H](O)CO	MNQZXJOMYWMBOU-VKHMYHEASA-N
D-Glycerate 2-phosphate	O=C([O-])[C@@H](CO)OP(=O)([O-])[O-]	GXIURPTVHJPJLF-UWTATZPHSA-K
D-Glycero-D-manno-heptose 1,7-bisphosphate	O=P([O-])([O-])OC[C@@H](O)[C@H]1OC(OP(=O)([O-])[O-])[C@@H](O)[C@@H](O)[C@@H]1O	LMTGTTLGDUACSJ-NNPWBXLPSA-J
D-Glycero-D-manno-heptose 1-phosphate	O=P([O-])([O-])OC1O[C@H]([C@H](O)CO)[C@@H](O)[C@H](O)[C@@H]1O	KMEJCSKJXSBBAN-NNPWBXLPSA-L
D-Glycero-D-manno-heptose 7-phosphate	O=P(O)(O)OC[C@@H](O)[C@H]1OC(O)[C@@H](O)[C@@H](O)[C@@H]1O	SDADNVAZGVDAIM-NNPWBXLPSA-N
D-Lactaldehyde	C[C@@H](O)C=O	BSABBBMNWQWLLU-GSVOUGTGSA-N
D-Lactate	C[C@@H](O)C(=O)[O-]	JVTAAEKCZFNVCJ-UWTATZPHSA-M
D-Malate	O=C([O-])C[C@@H](O)C(=O)[O-]	BJEPYKJPYRNKOW-UWTATZPHSA-L
D-Mannitol	OC[C@@H](O)[C@@H](O)[C@H](O)[C@H](O)CO	FBPFZTCFMRRESA-KVTDHHQDSA-N
D-Mannitol 1-phosphate	O=P([O-])([O-])OC[C@@H](O)[C@@H](O)[C@H](O)[C@H](O)CO	GACTWZZMVMUKNG-KVTDHHQDSA-L
D-Mannonate	O=C([O-])[C@@H](O)[C@@H](O)[C@H](O)[C@H](O)CO	RGHNJXZEOKUKBD-MBMOQRBOSA-M
D-Mannose	OC[C@H]1OC(O)[C@@H](O)[C@@H](O)[C@@H]1O	WQZGKKKJIJFFOK-QTVWNMPRSA-N
D-Mannose 1-phosphate	O=P([O-])([O-])O[C@H]1O[C@H](CO)[C@@H](O)[C@H](O)[C@@H]1O	HXXFSFRBOHSIMQ-RWOPYEJCSA-L
D-Mannose 6-phosphate	O=C[C@@H](O)[C@@H](O)[C@H](O)[C@H](O)COP(=O)(O)O	VFRROHXSMXFLSN-KVTDHHQDSA-N
D-Methionine	CSCC[C@@H]([NH3+])C(=O)[O-]	FFEARJCKVFRZRR-SCSAIBSYSA-N
D-Ribose	OC[C@H]1OC(O)[C@H](O)[C@@H]1O	HMFHBZSHGGEWLO-SOOFDHNKSA-N
D-Ribose 1,5-bisphosphate	O=P([O-])([O-])OC[C@H]1O[C@H](OP(=O)([O-])[O-])[C@H](O)[C@@H]1O	AAAFZMYJJHWUPN-TXICZTDVSA-J
D-Ribulose	O=C(CO)[C@H](O)[C@H](O)CO	ZAQJHHRNXZUBTE-NQXXGFSBSA-N
D-Ribulose 5-phosphate	O=C(CO)[C@H](O)[C@H](O)COP(=O)([O-])[O-]	FNZLKVNUWIIPSJ-UHNVWZDZSA-L
D-Serine	[NH3+][C@H](CO)C(=O)[O-]	MTCFGRXMJLQNBG-UWTATZPHSA-N
D-Sorbitol	OC[C@H](O)[C@@H](O)[C@H](O)[C@H](O)CO	FBPFZTCFMRRESA-JGWLITMVSA-N
D-Sorbitol 6-phosphate	O=P([O-])([O-])OC[C@@H](O)[C@@H](O)[C@H](O)[C@@H](O)CO	GACTWZZMVMUKNG-SLPGGIOYSA-L
D-Tagatose 1,6-biphosphate	O=P([O-])([O-])OC[C@H]1OC(O)(COP(=O)([O-])[O-])[C@@H](O)[C@H]1O	RNBGYGVWRKECFJ-OEXCPVAWSA-J
D-Tagatose 6-phosphate	O=P([O-])([O-])OC[C@H]1OC(O)(CO)[C@@H](O)[C@H]1O	BGWGXPAPYGQALX-OEXCPVAWSA-L
D-Tagaturonate	O=C([O-])[C@@H](O)[C@H](O)[C@H](O)C(=O)CO	IZSRJDGCGRAUAR-WDCZJNDASA-M
D-Xylonate	C(C(C(C(C(=O)[O-])O)O)O)O	QXKAIJAYHKCRRA-FLRLBIABSA-M
D-Xylose	OC1OC[C@@H](O)[C@H](O)[C@H]1O	SRBFZHDQGSBBOR-IOVATXLUSA-N
D-Xylulose	O=C(CO)[C@@H](O)[C@H](O)CO	ZAQJHHRNXZUBTE-WUJLRWPWSA-N
D-Xylulose 5-phosphate	O=C(CO)[C@@H](O)[C@H](O)COP(=O)([O-])[O-]	FNZLKVNUWIIPSJ-RFZPGFLSSA-L
D-biotin d-sulfoxide	O=C([O-])CCCC[C@H]1[C@H]2NC(=O)N[C@H]2CS1=O	KCSKCIQYNAOBNQ-YBSFLMRUSA-M
D-carnitinyl-CoA	CC(C)(COP(=O)([O-])OP(=O)([O-])OC[C@H]1O[C@@H](n2cnc3c(N)ncnc32)[C@H](O)[C@@H]1OP(=O)([O-])[O-])[C@@H](O)C(=O)NCCC(=O)NCCSC(=O)C[C@H](O)C[N+](C)(C)C	BBRISSLDTUHWKG-ZORKKWTOSA-K
D-erythro-1-(Imidazol-4-yl)glycerol 3-phosphate	O=P([O-])([O-])OC[C@@H](O)[C@@H](O)c1c[nH]cn1	HFYBTHCYPKEDQQ-RITPCOANSA-L
D-erythrose	C(C(C(C=O)O)O)O	YTBSYETUWUMLBZ-IUYQGCFVSA-N
D-tartrate	O=C([O-])[C@@H](O)[C@H](O)C(=O)[O-]	FEWJPZIEWOKRBE-LWMBPPNESA-L
DADP	Nc1ncnc2c1ncn2[C@H]1C[C@H](O)[C@@H](COP(=O)([O-])OP(=O)([O-])[O-])O1	DAEAPNUQQAICNR-RRKCRQDMSA-K
DAMP	Nc1ncnc2c1ncn2[C@H]1C[C@H](O)[C@@H](COP(=O)([O-])[O-])O1	KHWCHTKSEGGWEX-RRKCRQDMSA-L
DATP	Nc1ncnc2c1ncn2[C@H]1C[C@H](O)[C@@H](COP(=O)([O-])OP(=O)([O-])OP(=O)([O-])[O-])O1	SUYVUBYJARFZHO-RRKCRQDMSA-J
DCDP	Nc1ccn([C@H]2C[C@H](O)[C@@H](COP(=O)([O-])OP(=O)([O-])[O-])O2)c(=O)n1	FTDHDKPUHBLBTL-SHYZEUOFSA-K
DCMP	Nc1ccn([C@H]2C[C@H](O)[C@@H](COP(=O)([O-])[O-])O2)c(=O)n1	NCMVOABPESMRCP-SHYZEUOFSA-L
DCTP	Nc1ccn([C@H]2C[C@H](O)[C@@H](COP(=O)([O-])OP(=O)([O-])OP(=O)([O-])[O-])O2)c(=O)n1	RGWHQCVHVJXOKC-SHYZEUOFSA-J
DGDP	Nc1nc2c(ncn2[C@H]2C[C@H](O)[C@@H](COP(=O)([O-])OP(=O)([O-])[O-])O2)c(=O)[nH]1	CIKGWCTVFSRMJU-KVQBGUIXSA-K
DGMP	Nc1nc2c(ncn2[C@H]2C[C@H](O)[C@@H](COP(=O)([O-])[O-])O2)c(=O)[nH]1	LTFMZDNNPPEQNG-KVQBGUIXSA-L
DGTP	Nc1nc2c(ncn2[C@H]2C[C@H](O)[C@@H](COP(=O)([O-])OP(=O)([O-])OP(=O)([O-])[O-])O2)c(=O)[nH]1	HAAZLUGHYHWQIW-KVQBGUIXSA-J
DIDP; 2'-deoxyinosine-5'-diphosphate(3-)	O=c1[nH]cnc2c1ncn2[C@H]1C[C@H](O)[C@@H](COP(=O)([O-])OP(=O)([O-])[O-])O1	BKUSIKGSPSFQAC-RRKCRQDMSA-K
DIMP	O=c1[nH]cnc2c1ncn2[C@H]1C[C@H](O)[C@@H](COP(=O)([O-])[O-])O1	PHNGFPPXDJJADG-RRKCRQDMSA-L
DITP(4-)	O=c1[nH]cnc2c1ncn2[C@H]1C[C@H](O)[C@@H](COP(=O)([O-])OP(=O)([O-])OP(=O)([O-])[O-])O1	UFJPAQSLHAGEBL-RRKCRQDMSA-J
DTDP	Cc1cn([C@H]2C[C@H](O)[C@@H](COP(=O)([O-])OP(=O)([O-])[O-])O2)c(=O)[nH]c1=O	UJLXYODCHAELLY-XLPZGREQSA-K
DTDP-4-acetamido-4,6-dideoxy-D-galactose	CC(=O)N[C@@H]1[C@H](O)[C@@H](O)[C@@H](OP(=O)([O-])OP(=O)([O-])OC[C@H]2O[C@@H](n3cc(C)c(=O)[nH]c3=O)C[C@@H]2O)O[C@@H]1C	YHXQWYBLXUELDA-HYPDDMKDSA-L
DTDP-4-amino-4,6-dideoxy-D-galactose	Cc1cn([C@H]2C[C@H](O)[C@@H](COP(=O)([O-])OP(=O)([O-])O[C@H]3O[C@H](C)[C@H]([NH3+])[C@H](O)[C@H]3O)O2)c(=O)[nH]c1=O	UIVJXHWSIFBBCY-FQLHZTMTSA-M
DTDP-4-dehydro-6-deoxy-D-glucose	Cc1cn([C@H]2C[C@H](O)[C@@H](COP(=O)([O-])OP(=O)([O-])O[C@H]3O[C@H](C)C(=O)[C@H](O)[C@H]3O)O2)c(=O)[nH]c1=O	PSXWNITXWWECNY-UCBTUHGZSA-L
DTDP-4-dehydro-6-deoxy-L-mannose	Cc1cn([C@H]2C[C@H](O)[C@@H](COP(=O)([O-])OP(=O)([O-])O[C@H]3O[C@@H](C)C(=O)[C@@H](O)[C@H]3O)O2)c(=O)[nH]c1=O	PSXWNITXWWECNY-LPVGZGSHSA-L
DTDP-L-rhamnose	Cc1cn([C@H]2C[C@H](O)[C@@H](COP(=O)(O)OP(=O)(O)OC3OC(C)C(O)C(O)C3O)O2)c(=O)[nH]c1=O	ZOSQFDVXNQFKBY-ZORVDHEWSA-N
DTDPglucose	Cc1cn([C@H]2C[C@H](O)[C@@H](COP(=O)([O-])OP(=O)([O-])O[C@H]3O[C@H](CO)[C@@H](O)[C@H](O)[C@H]3O)O2)c(=O)[nH]c1=O	YSYKRGRSMLTJNL-URARBOGNSA-L
DTMP	Cc1cn([C@H]2C[C@H](O)[C@@H](COP(=O)([O-])[O-])O2)c(=O)[nH]c1=O	GYOZYWVXFNDGLU-XLPZGREQSA-L
DTTP	Cc1cn([C@H]2C[C@H](O)[C@@H](COP(=O)([O-])OP(=O)([O-])OP(=O)([O-])[O-])O2)c(=O)[nH]c1=O	NHVNXKFIZYSCEB-XLPZGREQSA-J
DUDP	O=c1ccn([C@H]2C[C@H](O)[C@@H](COP(=O)([O-])OP(=O)([O-])[O-])O2)c(=O)[nH]1	QHWZTVCCBMIIKE-SHYZEUOFSA-K
DUMP	O=c1ccn([C@H]2C[C@H](O)[C@@H](COP(=O)([O-])[O-])O2)c(=O)[nH]1	JSRLJPSBLDHEIO-SHYZEUOFSA-L
DUTP	O=c1ccn([C@H]2C[C@H](O)[C@@H](COP(=O)([O-])OP(=O)([O-])OP(=O)([O-])[O-])O2)c(=O)[nH]1	AHCYMLUZIRLXAA-SHYZEUOFSA-J
Deamino-NAD+	Nc1ncnc2c1ncn2[C@@H]1O[C@H](COP(=O)([O-])OP(=O)([O-])OC[C@H]2O[C@@H]([n+]3cccc(C(=O)[O-])c3)[C@H](O)[C@@H]2O)[C@@H](O)[C@H]1O	SENPVEZBRZQVST-HISDBWNOSA-L
Decanoyl-CoA (n-C10:0CoA)	CCCCCCCCCC(=O)SCCNC(=O)CCNC(=O)C(C(C)(C)COP(=O)(O)OP(=O)(O)OCC1C(C(C(O1)N2C=NC3=C(N=CN=C32)N)O)OP(=O)(O)O)O	CNKJPHSEFDPYDB-BOJFXZHGSA-N
Dehydroglycine	[NH2+]=CC(=O)[O-]	TVMUHOAONWHJBV-UHFFFAOYSA-N
Deoxyadenosine	Nc1ncnc2c1ncn2[C@H]1C[C@H](O)[C@@H](CO)O1	OLXZPDWKRNYJJZ-RRKCRQDMSA-N
Deoxycytidine	Nc1ccn([C@H]2C[C@H](O)[C@@H](CO)O2)c(=O)n1	CKTSBUTUHBMZGZ-SHYZEUOFSA-N
Deoxyguanosine	Nc1nc2c(ncn2[C@H]2C[C@H](O)[C@@H](CO)O2)c(=O)[nH]1	YKBGVTZYEHREMT-KVQBGUIXSA-N
Deoxyinosine	O=c1[nH]cnc2c1ncn2[C@H]1C[C@H](O)[C@@H](CO)O1	VGONTNSXDCQUGY-RRKCRQDMSA-N
Deoxyuridine	O=c1ccn([C@H]2C[C@H](O)[C@@H](CO)O2)c(=O)[nH]1	MXHRCPNRJAMMIM-SHYZEUOFSA-N
Dephospho-CoA	CC(C)(COP(=O)([O-])OP(=O)([O-])OC[C@H]1O[C@@H](n2cnc3c(N)ncnc32)[C@H](O)[C@@H]1O)[C@@H](O)C(=O)NCCC(=O)NCCS	KDTSHFARGAKYJN-IBOSZNHHSA-L
Dethiobiotin	C[C@@H]1NC(=O)N[C@@H]1CCCCCC(=O)[O-]	AUTOLBMXDDTRRT-JGVFFNPUSA-M
Diacetylchitobiose-6-phosphate	CC(=O)N[C@H]1C(O)O[C@H](CO)[C@@H](O[C@@H]2O[C@H](COP(=O)([O-])[O-])[C@@H](O)[C@H](O)[C@H]2NC(C)=O)[C@@H]1O	KYKNQNQCPWDNAK-CBTAGEKQSA-L
Dihydrocurcumin	COC1=C(C=CC(=C1)CCC(=O)CC(=O)C=CC2=CC(=C(C=C2)O)OC)O	MUYJSOCNDLUHPJ-XVNBXDOJSA-N
Dihydromonapterin-triphosphate	C1C(=NC2=C(N1)N=C(NC2=O)N)C(C(COP(=O)([O-])OP(=O)([O-])OP(=O)([O-])[O-])O)O	DGGUVLXVLHAAGT-NJGYIYPDSA-J
Dihydroneopterin	Nc1nc2c(c(=O)[nH]1)N=C([C@H](O)[C@H](O)CO)CN2	YQIFAMYNGGOTFB-XINAWCOVSA-N
Dihydroneopterin monophosphate	Nc1nc2c(c(=O)[nH]1)N=C([C@H](O)[C@H](O)COP(=O)([O-])[O-])CN2	PLSQMGZYOGSOCE-XINAWCOVSA-L
Dihydropteroate	Nc1nc2c(c(=O)[nH]1)N=C(CNc1ccc(C(=O)[O-])cc1)CN2	WBFYVDCHGVNRBH-UHFFFAOYSA-M
Dihydrosirohydrochlorin	C[C@@]1(CC(=O)[O-])/C2=C/c3[nH]c(c(CCC(=O)[O-])c3CC(=O)[O-])Cc3[nH]c(c(CC(=O)[O-])c3CCC(=O)[O-])/C=C3\[NH2+]/C(=C\C(=N2)[C@H]1CCC(=O)[O-])[C@@](C)(CC(=O)[O-])[C@@H]3CCC(=O)[O-]	OQIIYZQTTMKFAU-ZNLOQLQNSA-G
Dihydroxyacetone	O=C(CO)CO	RXKJFZQQPQGTFL-UHFFFAOYSA-N
Dihydroxyacetone phosphate	O=C(CO)COP(=O)([O-])[O-]	GNGACRATGGDKBX-UHFFFAOYSA-L
Dimethyl sulfide	CSC	QMMFVYPAHWMCMS-UHFFFAOYSA-N
Dimethyl sulfoxide	CS(C)=O	IAZDPXIOMUYVGZ-UHFFFAOYSA-N
Dimethylallyl diphosphate	CC(C)=CCOP(=O)([O-])OP(=O)([O-])[O-]	CBIDRCWHNCKSTO-UHFFFAOYSA-K
Diphosphate	O=P([O-])([O-])OP(=O)([O-])O	XPPKVPWEQAFLFU-UHFFFAOYSA-K
Dodecanoyl-CoA (n-C12:0CoA)	CCCCCCCCCCCC(=O)SCCNC(=O)CCNC(=O)[C@H](O)C(C)(C)COP(=O)([O-])OP(=O)([O-])OC[C@H]1O[C@@H](n2cnc3c(N)ncnc32)[C@H](O)[C@@H]1OP(=O)([O-])[O-]	YMCXGHLSVALICC-GMHMEAMDSA-J
Dopamine	[NH3+]CCc1ccc(O)c(O)c1	VYFYYTLLBUKUHU-UHFFFAOYSA-O
Doxorubicin	COc1cccc2c1C(=O)c1c(O)c3c(c(O)c1C2=O)C[C@@](O)(C(=O)CO)C[C@@H]3O[C@H]1C[C@H]([NH3+])[C@H](O)[C@H](C)O1	AOJJSUZBOXZQNB-TZSSRYMLSA-O
E-3-carboxy-2-pentenedioate 6-methyl ester	COC(=O)/C(=C/C(=O)[O-])CC(=O)[O-]	BRYKYSQCLNCYQW-DUXPYHPUSA-L
Enterochelin	O=C(N[C@H]1COC(=O)[C@@H](NC(=O)c2cccc(O)c2O)COC(=O)[C@@H](NC(=O)c2cccc(O)c2O)COC1=O)c1cccc(O)c1[O-]	SERBHKJMVBATSJ-BZSNNMDCSA-M
Ethanesulfonate	CCS(=O)(=O)[O-]	CCIVGXIOQKPBKL-UHFFFAOYSA-M
Ethanol	CCO	LFQSCWFLJHTTHZ-UHFFFAOYSA-N
Ethanolamine	[NH3+]CCO	HZAXFHJVJLSVMW-UHFFFAOYSA-O
FMN	Cc1cc2nc3c(=O)[n-]c(=O)nc-3n(C[C@H](O)[C@H](O)[C@H](O)COP(=O)([O-])[O-])c2cc1C	ANKZYBDXHMZBDK-SCRDCRAPSA-K
Farnesyl diphosphate	CC(C)=CCC/C(C)=C/CC/C(C)=C/COP(=O)([O-])OP(=O)([O-])[O-]	VWFJDQUYCIWHTN-YFVJMOTDSA-K
Fe(III)dicitrate	C(C(=O)[O-])C(CC(=O)[O-])(C(=O)[O-])O.C(C(=O)[O-])C(CC(=O)[O-])(C(=O)[O-])O.[Fe+3]	VAVAILGEOMLRRK-UHFFFAOYSA-H
Fe(III)hydoxamate, unloaded	[*]C(=O)N[O-].[*]C(=O)N[O-].[*]C(=O)N[O-]	
Fe(III)hydroxamate	[1*]C1=[O][Fe]23([O]N1)([O]NC([2*])=[O]2)[O]NC([3*])=[O]3	
Fe-enterobactin	O=C1N[C@H]2COC(=O)[C@@H]3COC(=O)[C@H](COC2=O)NC(=O)c2cccc4c2O[Fe-3]25(Oc6cccc1c6O2)(Oc1cccc(c1O5)C(=O)N3)O4	NGILTSZTOFYVBF-UVJOBNTFSA-H
Fe2+ mitochondria	[Fe+2]	CWYNVVGOOAEACU-UHFFFAOYSA-N
Ferrichrome	CC1=[O+][Fe-3]2345ON1CCC[C@@H]1NC(=O)CNC(=O)CNC(=O)CNC(=O)[C@H](CCCN(O2)C(C)=[O+]3)NC(=O)[C@H](CCCN(O4)C(C)=[O+]5)NC1=O	GGUNGDGGXMHBMJ-OCIDDWSYSA-N
Flavin adenine dinucleotide oxidized	Cc1cc2nc3c(=O)[nH]c(=O)nc-3n(C[C@H](O)[C@H](O)[C@H](O)COP(=O)(O)OP(=O)(O)OC[C@H]3O[C@@H](n4cnc5c(N)ncnc54)[C@H](O)[C@@H]3O)c2cc1C	VWWQXMAJTJZDQX-UYBVJOGSSA-N
Flavin adenine dinucleotide reduced	Cc1cc2c(cc1C)N(C[C@H](O)[C@H](O)[C@H](O)COP(=O)([O-])OP(=O)([O-])OC[C@H]1O[C@@H](n3cnc4c(N)ncnc43)[C@H](O)[C@@H]1O)c1[nH]c(=O)[nH]c(=O)c1N2	YPZRHBJKEMOYQH-UYBVJOGSSA-L
Fluoride	[F-]	KRHYYFGTRYWZRS-UHFFFAOYSA-M
Formaldehyde	C=O	WSFSSNUMVMOOMR-UHFFFAOYSA-N
Formate	O=C[O-]	BDAGIHXWWSANSR-UHFFFAOYSA-M
Formyl-CoA(4-)	CC(C)(COP(=O)([O-])OP(=O)([O-])OC[C@H]1O[C@@H](n2cnc3c(N)ncnc32)[C@H](O)[C@@H]1OP(=O)([O-])[O-])[C@@H](O)C(=O)NCCC(=O)NCCSC=O	SXMOKYXNAPLNCW-GORZOVPNSA-J
Fructoselysine	[NH3+][C@@H](CCCC[NH2+]CC(=O)[C@@H](O)[C@H](O)[C@H](O)CO)C(=O)[O-]	BFSYFTQDGRDJNV-AYHFEMFVSA-O
Fructoselysine Phosphate	[NH3+]C(CCCC[NH2+]C1OC(COP(=O)([O-])O)C(O)C(O)C1O)C(=O)[O-]	QIDCVMFXCBUXKB-UHFFFAOYSA-N
Fumarate	O=C([O-])/C=C/C(=O)[O-]	VZCYOOQTPOCHFL-OWOJBTEDSA-L
Fused thiol:disulfide interchange protein (oxidized)	[*]	
Fused thiol:disulfide interchange protein (reduced)	[*]	
Fusidic acid	CC(=O)O[C@H]1C[C@@]2(C)[C@@H](C[C@@H](O)[C@H]3[C@@]4(C)CC[C@@H](O)[C@@H](C)[C@@H]4CC[C@@]32C)/C1=C(\CCC=C(C)C)C(=O)[O-]	IECPWNUMDGFDKC-MZJAQBGESA-M
GDP	Nc1nc2c(ncn2[C@@H]2O[C@H](COP(=O)([O-])OP(=O)([O-])[O-])[C@@H](O)[C@H]2O)c(=O)[nH]1	QGWNDRXFNXRZMB-UUOKFMHZSA-K
GDP-4-dehydro-6-deoxy-D-mannose	C[C@H]1O[C@H](OP(=O)([O-])OP(=O)([O-])OC[C@H]2O[C@@H](n3cnc4c(=O)[nH]c(N)nc43)[C@H](O)[C@@H]2O)[C@@H](O)[C@@H](O)C1=O	PNHLMHWWFOPQLK-BKUUWRAGSA-L
GDP-4-oxo-L-fucose	C[C@@H]1OC(OP(=O)(O)OP(=O)(O)OC[C@H]2O[C@@H](n3cnc4c(=O)nc(N)nc43)[C@H](O)[C@@H]2O)[C@@H](O)[C@H](O)C1=O	PNHLMHWWFOPQLK-WAMCPPDZSA-N
GDP-D-mannose	Nc1nc2c(ncn2[C@@H]2O[C@H](COP(=O)([O-])OP(=O)([O-])O[C@H]3O[C@H](CO)[C@@H](O)[C@H](O)[C@@H]3O)[C@@H](O)[C@H]2O)c(=O)[nH]1	MVMSCBBUIHUTGJ-GDJBGNAASA-L
GDP-L-fucose	C[C@@H]1O[C@H](OP(=O)([O-])OP(=O)([O-])OC[C@H]2O[C@@H](n3cnc4c(=O)[nH]c(N)nc43)[C@H](O)[C@@H]2O)[C@@H](O)[C@H](O)[C@@H]1O	LQEBEXMHBLQMDB-JGQUBWHWSA-L
GMP	Nc1nc2c(ncn2[C@@H]2O[C@H](COP(=O)([O-])[O-])[C@@H](O)[C@H]2O)c(=O)[nH]1	RQFCJASXJCIDSX-UUOKFMHZSA-L
GTP	Nc1nc2c(ncn2[C@@H]2O[C@H](COP(=O)([O-])OP(=O)([O-])OP(=O)([O-])[O-])[C@@H](O)[C@H]2O)c(=O)[nH]1	XKMLYUALXHKNFT-UUOKFMHZSA-J
Galactitol	OC[C@H](O)[C@@H](O)[C@@H](O)[C@H](O)CO	FBPFZTCFMRRESA-GUCUJZIJSA-N
Galactitol 1-phosphate	O=P([O-])([O-])OC[C@H](O)[C@@H](O)[C@@H](O)[C@H](O)CO	GACTWZZMVMUKNG-DPYQTVNSSA-L
Galactofuranosyl-glucosyl-O-acetyl-rhamanosyl-N-acetylglucosamyl-undecaprenyl diphosphate	CC1C(C(C(C(O1)OC2C(C(OC(C2O)CO)OP(=O)([O-])OP(=O)([O-])OCC=C(C)CCC=C(C)CCC=C(C)CCC=C(C)CCC=C(C)CCC=C(C)CCC=C(C)CCC=C(C)CCC=C(C)CCC=C(C)CCC=C(C)C)NC(=O)C)OC(=O)C)OC3C(C(C(C(O3)COC4C(C(C(O4)C(CO)O)O)O)O)O)O)O	SOZYQWIVOMQYML-KIWKAZHESA-L
Galactosyl-glucosyl-inner core oligosaccharide lipid A	CCCCCCCCCCCCCC(=O)OC(CCCCCCCCCCC)CC(=O)OC1C(C(OC(C1OP(=O)([O-])[O-])COC2(CC(C(C(O2)C(CO)O)OC3C(C(C(C(O3)C(CO)O)OP(=O)([O-])[O-])OC4C(C(C(C(O4)C(COC5C(C(C(C(O5)C(CO)O)O)O)O)O)OP(=O)([O-])[O-])OC6C(C(C(C(O6)COC7C(C(C(C(O7)CO)O)O)O)O)O)O)O)O)OC8(CC(C(C(O8)C(CO)O)O)OC9(CC(C(C(O9)C(CO)O)OC1C(C(C(C(O1)C)O)O)O)O)C(=O)[O-])C(=O)[O-])C(=O)[O-])OCC1C(C(C(C(O1)OP(=O)([O-])[O-])NC(=O)CC(CCCCCCCCCCC)O)OC(=O)CC(CCCCCCCCCCC)O)O)NC(=O)CC(CCCCCCCCCCC)OC(=O)CCCCCCCCCCC	KHKIHAMHCBLKAG-JYIDRQHKSA-C
Gamma-L-Glutamyl-L-cysteine	[NH3+][C@@H](CCC(=O)N[C@@H](CS)C(=O)[O-])C(=O)[O-]	RITKHVBHSGLULN-WHFBIAKZSA-M
Gamma-butyrobetaine	C[N+](C)(C)CCCC(=O)[O-]	JHPNVNIEXXLNTR-UHFFFAOYSA-N
Gamma-butyrobetainyl-CoA	CC(C)(COP(=O)([O-])OP(=O)([O-])OC[C@H]1O[C@@H](n2cnc3c(N)ncnc32)[C@H](O)[C@@H]1OP(=O)([O-])[O-])[C@@H](O)C(=O)NCCC(=O)NCCSC(=O)CCC[N+](C)(C)C	QAMRRBGWSPTAEJ-SVHODSNWSA-K
Gamma-glutamyl-gamma aminobutyric acid	[NH3+][C@@H](CCC(=O)NCCCC(=O)[O-])C(=O)[O-]	MKYPKZSGLSOGLL-LURJTMIESA-M
Gamma-glutamyl-gamma-butyraldehyde	[NH3+][C@@H](CCC(=O)NCCCC=O)C(=O)[O-]	JZNLEPLZUABCSQ-ZETCQYMHSA-N
Gamma-glutamyl-putrescine	NCCCCNC(=O)CCC(N)C(=O)O	WKGTVHGVLRCTCF-UHFFFAOYSA-N
Gamma-hydroxybutyrate	O=C([O-])CCCO	SJZRECIVHVDYJC-UHFFFAOYSA-M
Generic ferrioxamine-Fe-III	CC1=[O]->[Fe]2345<-[O]=C(CCC(=O)NCCCCCN([O]2)C(=[O]->3)CCC(=O)NCCCCCN1[O]4)N(CCCCCN)[O]5	
Geranyl diphosphate	CC(C)=CCC/C(C)=C/COP(=O)([O-])OP(=O)([O-])[O-]	GVVPGTZRZFNKDS-JXMROGBWSA-K
Glucosyl-O-acetyl-rhamanosyl-N-acetylglucosamyl-undecaprenyl diphosphate	CC1C(C(C(C(O1)OC2C(C(OC(C2O)CO)OP(=O)([O-])OP(=O)([O-])OCC=C(C)CCC=C(C)CCC=C(C)CCC=C(C)CCC=C(C)CCC=C(C)CCC=C(C)CCC=C(C)CCC=C(C)CCC=C(C)CCC=C(C)C)NC(=O)C)OC(=O)C)OC3C(C(C(C(O3)CO)O)O)O)O	QZKSQRMITRSRFM-QUNHHUOXSA-L
Glucosyl-galactosyl-glucosyl-inner core oligosaccharide lipid A	CCCCCCCCCCCCCC(=O)OC(CCCCCCCCCCC)CC(=O)OC1C(C(OC(C1OP(=O)([O-])[O-])COC2(CC(C(C(O2)C(CO)O)OC3C(C(C(C(O3)C(CO)O)OP(=O)([O-])[O-])OC4C(C(C(C(O4)C(COC5C(C(C(C(O5)C(CO)O)O)O)O)O)OP(=O)([O-])[O-])OC6C(C(C(C(O6)COC7C(C(C(C(O7)CO)O)O)O)O)OC8C(C(C(C(O8)CO)O)O)O)O)O)O)OC9(CC(C(C(O9)C(CO)O)O)OC1(CC(C(C(O1)C(CO)O)OC1C(C(C(C(O1)C)O)O)O)O)C(=O)[O-])C(=O)[O-])C(=O)[O-])OCC1C(C(C(C(O1)OP(=O)([O-])[O-])NC(=O)CC(CCCCCCCCCCC)O)OC(=O)CC(CCCCCCCCCCC)O)O)NC(=O)CC(CCCCCCCCCCC)OC(=O)CCCCCCCCCCC	XAGXJFJJOGQDDH-MSWHYDLXSA-C
Glucosyl-glucosyl-galactosyl-glucosyl-inner core oligosaccharide lipid A	CCCCCCCCCCCCCC(=O)OC(CCCCCCCCCCC)CC(=O)OC1C(C(OC(C1OP(=O)([O-])[O-])COC2(CC(C(C(O2)C(CO)O)OC3C(C(C(C(O3)C(CO)O)OP(=O)([O-])[O-])OC4C(C(C(C(O4)C(COC5C(C(C(C(O5)C(CO)O)O)O)O)O)OP(=O)([O-])[O-])OC6C(C(C(C(O6)COC7C(C(C(C(O7)CO)O)O)O)O)OC8C(C(C(C(O8)CO)O)O)OC9C(C(C(C(O9)CO)O)O)O)O)O)O)OC1(CC(C(C(O1)C(CO)O)O)OC1(CC(C(C(O1)C(CO)O)OC1C(C(C(C(O1)C)O)O)O)O)C(=O)[O-])C(=O)[O-])C(=O)[O-])OCC1C(C(C(C(O1)OP(=O)([O-])[O-])NC(=O)CC(CCCCCCCCCCC)O)OC(=O)CC(CCCCCCCCCCC)O)O)NC(=O)CC(CCCCCCCCCCC)OC(=O)CCCCCCCCCCC	UEXAUCWUYXEMND-VPWIFIFJSA-C
Glutathionylspermidine	[NH3+]CCCC[NH2+]CCCNC(=O)CNC(=O)[C@H](CS)NC(=O)CC[C@H]([NH3+])C(=O)[O-]	NEDQLXHBVHSKNV-STQMWFEESA-P
Glyceraldehyde 3-phosphate	O=CC(O)COP(=O)(O)O	LXJXRIRHZLFYRP-UHFFFAOYSA-N
Glycerol	OCC(O)CO	PEDCQBHIVMGVHV-UHFFFAOYSA-N
Glycerol 2-phosphate	O=P([O-])([O-])OC(CO)CO	DHCLVCXQIBBOPH-UHFFFAOYSA-L
Glycerol 3-phosphate	O=P([O-])([O-])OC[C@H](O)CO	AWUCVROLDVIAJX-GSVOUGTGSA-L
Glycerophosphoglycerol	O=P([O-])(OCC(O)CO)OCC(O)CO	LLCSXHMJULHSJN-UHFFFAOYSA-M
Glycerophosphoserine	[NH3+][C@@H](COP(=O)([O-])OC[C@H](O)CO)C(=O)[O-]	ZWZWYGMENQVNFU-UHNVWZDZSA-M
Glycine	[NH3+]CC(=O)[O-]	DHMQDGOQFOQNFH-UHFFFAOYSA-N
Glycine betaine	C[N+](C)(C)CC(=O)[O-]	KWIUHFFTVRNATP-UHFFFAOYSA-N
Glycogen		BYSGBSNPRWKUQH-UJDJLXLFSA-N
Glycolaldehyde	O=CCO	WGCNASOHLSPBMP-UHFFFAOYSA-N
Glycolate	O=C([O-])CO	AEMRFAOFKBGASW-UHFFFAOYSA-M
Glyoxylate	O=CC(=O)[O-]	HHLFWLYXYJOTON-UHFFFAOYSA-M
Guanine	Nc1nc2[nH]cnc2c(=O)[nH]1	UYTPUPDQBNUYGX-UHFFFAOYSA-N
Guanosine	Nc1nc2c(ncn2[C@@H]2O[C@H](CO)[C@@H](O)[C@H]2O)c(=O)[nH]1	NYHBQMYGNKIUIF-UUOKFMHZSA-N
Guanosine 3  phosphate	Nc1nc2c(ncn2[C@@H]2O[C@H](CO)[C@@H](OP(=O)([O-])[O-])[C@H]2O)c(=O)[nH]1	ZDPUTNZENXVHJC-UUOKFMHZSA-L
Guanosine 3',5'-bis(diphosphate)	Nc1nc2c(ncn2[C@@H]2O[C@H](COP(=O)([O-])OP(=O)([O-])O)[C@@H](OP(=O)([O-])OP(=O)([O-])[O-])[C@H]2O)c(=O)[nH]1	BUFLLCUFNHESEH-UUOKFMHZSA-I
Guanosine 3'-diphosphate 5'-triphosphate	Nc1nc2c(ncn2[C@@H]2O[C@H](COP(=O)([O-])OP(=O)([O-])OP(=O)([O-])[O-])[C@@H](OP(=O)([O-])OP(=O)([O-])O)[C@H]2O)c(=O)[nH]1	KCPMACXZAITQAX-UUOKFMHZSA-H
H+	[H+]	GPRLSGONYQIRFK-UHFFFAOYSA-N
H2O	[H]O[H]	XLYOFNOQVPJJNP-UHFFFAOYSA-N
Heme O	C=CC1=C(C)C2=[N+]3C1=Cc1c(C)c(CCC(=O)[O-])c4n1[Fe-2]31n3c(c(C)c([C@@H](O)CC/C=C(\C)CC/C=C(\C)CCC=C(C)C)c3=C2)=CC2=[N+]1C(=C4)C(CCC(=O)[O-])=C2C	FISPASSVCDRERW-ARQJTVBPSA-J
Hepta-acylated core oligosaccharide lipid A (E. coli)	CCCCCCCCCCCCCCCC(=O)O[C@H](CCCCCCCCCCC)CC(=O)N[C@H]1[C@@H](OP(=O)([O-])[O-])O[C@H](CO[C@@H]2O[C@H](CO[C@]3(C(=O)[O-])C[C@@H](O[C@]4(C(=O)[O-])C[C@@H](O[C@]5(C(=O)[O-])C[C@@H](O)[C@@H](O[C@@H]6O[C@@H](C)[C@H](O)[C@@H](O)[C@H]6O)[C@@H]([C@H](O)CO)O5)[C@@H](O)[C@@H]([C@H](O)CO)O4)[C@@H](O[C@H]4O[C@H]([C@H](O)CO)[C@@H](OP(=O)([O-])[O-])[C@H](O[C@@H]5O[C@H]([C@H](O)CO[C@H]6O[C@H]([C@@H](O)CO)[C@@H](O)[C@H](O)[C@@H]6O)[C@@H](OP(=O)([O-])[O-])[C@H](O[C@@H]6O[C@H](CO[C@@H]7O[C@H](CO)[C@H](O)[C@H](O)[C@H]7O)[C@@H](O)[C@H](O[C@@H]7O[C@H](CO)[C@@H](O)[C@H](O)[C@H]7O[C@@H]7O[C@H](CO[C@H]8OC([C@@H](O)CO)[C@@H](O)[C@H](O)[C@@H]8O)[C@@H](O)[C@H](O)[C@H]7O)[C@H]6O)[C@@H]5O)[C@@H]4O)[C@@H]([C@H](O)CO)O3)[C@@H](OP(=O)([O-])[O-])[C@H](OC(=O)C[C@@H](CCCCCCCCCCC)OC(=O)CCCCCCCCCCCCC)[C@H]2NC(=O)C[C@@H](CCCCCCCCCCC)OC(=O)CCCCCCCCCCC)[C@@H](O)[C@@H]1OC(=O)C[C@H](O)CCCCCCCCCCC	VQLWGPMXDVGIPI-NACBSPIASA-C
Heptosyl-heptosyl-kdo2-lipidA	CCCCCCCCCCCCCC(=O)O[C@H](CCCCCCCCCCC)CC(=O)O[C@H]1[C@H](OP(=O)([O-])[O-])[C@@H](CO[C@]2(C(=O)[O-])C[C@@H](O[C@]3(C(=O)[O-])C[C@@H](O)[C@@H](O)[C@@H]([C@H](O)CO)O3)[C@@H](O[C@H]3O[C@H]([C@@H](O)CO)[C@@H](O)[C@H](O[C@H]4O[C@H]([C@@H](O)CO)[C@@H](O)[C@H](O)[C@@H]4O)[C@@H]3O)[C@@H]([C@H](O)CO)O2)O[C@@H](OC[C@H]2O[C@H](OP(=O)([O-])[O-])[C@H](NC(=O)C[C@H](O)CCCCCCCCCCC)[C@@H](OC(=O)C[C@H](O)CCCCCCCCCCC)[C@@H]2O)[C@@H]1NC(=O)C[C@@H](CCCCCCCCCCC)OC(=O)CCCCCCCCCCC	HHPCMWTVGVTYIC-CFEULOSXSA-H
Heptosyl-kdo2-lipidA	CCCCCCCCCCCCCC(=O)O[C@H](CCCCCCCCCCC)CC(=O)O[C@H]1[C@H](OP(=O)([O-])[O-])[C@@H](CO[C@]2(C(=O)[O-])C[C@@H](O[C@]3(C(=O)[O-])C[C@@H](O)[C@@H](O)[C@@H]([C@H](O)CO)O3)[C@@H](O[C@H]3O[C@H]([C@@H](O)CO)[C@@H](O)[C@H](O)[C@@H]3O)[C@@H]([C@H](O)CO)O2)O[C@@H](OC[C@H]2O[C@H](OP(=O)([O-])[O-])[C@H](NC(=O)C[C@H](O)CCCCCCCCCCC)[C@@H](OC(=O)C[C@H](O)CCCCCCCCCCC)[C@@H]2O)[C@@H]1NC(=O)C[C@@H](CCCCCCCCCCC)OC(=O)CCCCCCCCCCC	HPDZKCJEWNZSML-YOZKHJKSSA-H
Heptosyl-phospho-heptosyl-heptosyl-kdo2-lipidA	CCCCCCCCCCCCCC(=O)O[C@H](CCCCCCCCCCC)CC(=O)O[C@H]1[C@H](OP(=O)([O-])[O-])[C@@H](CO[C@]2(C(=O)[O-])C[C@@H](O[C@]3(C(=O)[O-])C[C@@H](O)[C@@H](O)[C@@H]([C@H](O)CO)O3)[C@@H](O[C@H]3O[C@H]([C@@H](O)CO)[C@@H](O)[C@H](O[C@@H]4O[C@H]([C@H](O)CO[C@H]5O[C@H]([C@@H](O)CO)[C@@H](O)[C@H](O)[C@@H]5O)[C@@H](OP(=O)([O-])[O-])[C@H](O)[C@@H]4O)[C@@H]3O)[C@@H]([C@H](O)CO)O2)O[C@@H](OC[C@H]2O[C@H](OP(=O)([O-])[O-])[C@H](NC(=O)C[C@H](O)CCCCCCCCCCC)[C@@H](OC(=O)C[C@H](O)CCCCCCCCCCC)[C@@H]2O)[C@@H]1NC(=O)C[C@@H](CCCCCCCCCCC)OC(=O)CCCCCCCCCCC	OCKKDDJUVZAABC-WTGYBBRTSA-F
Hexadecanoate (n-C16:0)	CCCCCCCCCCCCCCCC(=O)[O-]	IPCSVZSSVZVIGE-UHFFFAOYSA-M
Hexanoate (n-C6:0)	CCCCCC(=O)[O-]	FUZZWVXGSFPDMH-UHFFFAOYSA-M
Hydrogen	[H][H]	UFHFLCQGNIYNRP-UHFFFAOYSA-N
Hydrogen cyanide	C#N	LELOWRISYMNNSU-UHFFFAOYSA-N
Hydrogen peroxide	[O-][O-]	ANAIPYUSIMHBEL-UHFFFAOYSA-N
Hydrogen sulfide	[SH-]	RWSOTUBLDIXVET-UHFFFAOYSA-M
Hydroquinone	Oc1ccc(O)cc1	QIGBRXMKCJKVMJ-UHFFFAOYSA-N
Hydroxymethylbilane	O=C([O-])CCc1c[nH]c(Cc2[nH]c(Cc3[nH]c(Cc4[nH]c(CO)c(CC(=O)[O-])c4CCC(=O)[O-])c(CC(=O)[O-])c3CCC(=O)[O-])c(CC(=O)[O-])c2CCC(=O)[O-])c1CC(=O)[O-]	WDFJYRZCZIUBPR-UHFFFAOYSA-F
Hydroxymethylglutathione	[NH3+][C@@H](CCC(=O)N[C@@H](CSCO)C(=O)NCC(=O)[O-])C(=O)[O-]	PIUSLWSYOYFRFR-BQBZGAKWSA-M
Hydroxypyruvate	O=C([O-])C(=O)CO	HHDDCCUIIUWNGJ-UHFFFAOYSA-M
Hypoxanthine	O=c1[nH]cnc2nc[nH]c12	FDGQSTZJBFJUBT-UHFFFAOYSA-N
IDP	O=c1[nH]cnc2c1ncn2[C@@H]1O[C@H](COP(=O)([O-])OP(=O)([O-])[O-])[C@@H](O)[C@H]1O	JPXZQMKKFWMMGK-KQYNXXCUSA-K
IMP	O=c1[nH]cnc2c1ncn2[C@@H]1O[C@H](COP(=O)([O-])[O-])[C@@H](O)[C@H]1O	GRSZFWQUAKGDAV-KQYNXXCUSA-L
ITP	O=c1[nH]cnc2c1ncn2[C@@H]1O[C@H](COP(=O)([O-])OP(=O)([O-])OP(=O)([O-])[O-])[C@@H](O)[C@H]1O	HAEJPQIATWHALX-KQYNXXCUSA-J
Iminoaspartate	[NH2+]=C(CC(=O)[O-])C(=O)[O-]	NMUOATVLLQEYHI-UHFFFAOYSA-M
Indole	c1ccc2[nH]ccc2c1	SIKJAQJRHWYJAI-UHFFFAOYSA-N
Inorganic triphosphate	O=P([O-])([O-])OP(=O)([O-])OP(=O)([O-])[O-]	UNXRWKVEANCORM-UHFFFAOYSA-I
Inosine	OC[C@H]1O[C@@H](n2cnc3c(O)ncnc32)[C@H](O)[C@@H]1O	UGQMRVRMYYASKQ-KQYNXXCUSA-N
Iron (Fe3+)	[Fe+3]	VTLYFUHAOXGGBS-UHFFFAOYSA-N
Isethionic acid	O=S(=O)([O-])CCO	SUMDYPCJJOFFON-UHFFFAOYSA-M
Isochorismate	C=C(O[C@H]1C=CC=C(C(=O)[O-])[C@@H]1O)C(=O)[O-]	NTGWPRCCOQCMGE-YUMQZZPRSA-L
Isocitrate	O=C([O-])CC(C(=O)[O-])C(O)C(=O)[O-]	ODBLHEXUDAPZAU-UHFFFAOYSA-K
Isopentenyl diphosphate	C=C(C)CCOP(=O)([O-])OP(=O)([O-])[O-]	NUHSROFQTUXZQQ-UHFFFAOYSA-K
KDO(2)-lipid	CCCCCCCCCCC[C@@H](O)CC(=O)N[C@H]1[C@@H](OP(=O)([O-])[O-])O[C@H](CO[C@@H]2O[C@H](CO[C@]3(C(=O)[O-])C[C@@H](O[C@]4(C(=O)[O-])C[C@@H](O)[C@@H](O)[C@@H]([C@H](O)CO)O4)[C@@H](O)[C@@H]([C@H](O)CO)O3)[C@@H](OP(=O)([O-])[O-])[C@H](OC(=O)C[C@H](O)CCCCCCCCCCC)[C@H]2NC(=O)C[C@H](O)CCCCCCCCCCC)[C@@H](O)[C@@H]1OC(=O)C[C@H](O)CCCCCCCCCCC	XAOLJGCZESYRFT-VHSKNIDJSA-H
KDO(2)-lipid (A)	CCCCCCCCCCCCCC(=O)O[C@H](CCCCCCCCCCC)CC(=O)O[C@H]1[C@H](OP(=O)([O-])[O-])[C@@H](CO[C@]2(C(=O)[O-])C[C@@H](O[C@]3(C(=O)[O-])C[C@@H](O)[C@@H](O)[C@@H]([C@H](O)CO)O3)[C@@H](O)[C@@H]([C@H](O)CO)O2)O[C@@H](OC[C@H]2O[C@H](OP(=O)([O-])[O-])[C@H](NC(=O)C[C@H](O)CCCCCCCCCCC)[C@@H](OC(=O)C[C@H](O)CCCCCCCCCCC)[C@@H]2O)[C@@H]1NC(=O)C[C@@H](CCCCCCCCCCC)OC(=O)CCCCCCCCCCC	DIXUKJUHGLIZGU-OIPVZEHTSA-H
KDO(2)-lipid IV(A) with laurate	CCCCCCCCCCCC(=O)O[C@H](CCCCCCCCCCC)CC(=O)N[C@H]1[C@H](OC[C@H]2O[C@H](OP(=O)([O-])[O-])[C@H](NC(=O)C[C@H](O)CCCCCCCCCCC)[C@@H](OC(=O)C[C@H](O)CCCCCCCCCCC)[C@@H]2O)O[C@H](CO[C@]2(C(=O)[O-])C[C@@H](O[C@]3(C(=O)[O-])C[C@@H](O)[C@@H](O)[C@@H]([C@H](O)CO)O3)[C@@H](O)[C@@H]([C@H](O)CO)O2)[C@@H](OP(=O)([O-])[O-])[C@@H]1OC(=O)C[C@H](O)CCCCCCCCCCC	JVUUYJGQIVCMIU-ZODGSCPMSA-H
KDO-lipid	CCCCCCCCCCC[C@@H](O)CC(=O)N[C@H]1[C@@H](OP(=O)([O-])[O-])O[C@H](CO[C@@H]2O[C@H](CO[C@]3(C(=O)[O-])C[C@@H](O)[C@@H](O)[C@@H]([C@H](O)CO)O3)[C@@H](OP(=O)([O-])[O-])[C@H](OC(=O)C[C@H](O)CCCCCCCCCCC)[C@H]2NC(=O)C[C@H](O)CCCCCCCCCCC)[C@@H](O)[C@@H]1OC(=O)C[C@H](O)CCCCCCCCCCC	GPNCBCJEDRRCDW-ACUQGRCXSA-I
L Cystine	[NH3+][C@@H](CSSC[C@H]([NH3+])C(=O)[O-])C(=O)[O-]	LEVWYRKDKASIDU-IMJSIDKUSA-N
L-2-Amino-3-oxobutanoate	CC(=O)[C@H]([NH3+])C(=O)[O-]	SAUCHDKDCUROAO-VKHMYHEASA-N
L-Alanine	C[C@H]([NH3+])C(=O)[O-]	QNAYBMKLOCPYGJ-REOHCLBHSA-N
L-Allo-threonine	C[C@H](O)[C@H]([NH3+])C(=O)[O-]	AYFVYJQAPQTCCC-HRFVKAFMSA-N
L-Arabinose	O=C[C@H](O)[C@@H](O)[C@@H](O)CO	PYMYPHUHKUWMLA-VAYJURFESA-N
L-Arginine	NC(=[NH2+])NCCC[C@H]([NH3+])C(=O)[O-]	ODKSFYDXXFIFQN-BYPYZUCNSA-O
L-Ascorbate	O=C1O[C@H]([C@@H](O)CO)C([O-])=C1O	CIWBSHSKHKDKBQ-JLAZNSOCSA-M
L-Asparagine	NC(=O)CC(N)C(=O)O	DCXYFEDJOCDNAF-UHFFFAOYSA-N
L-Aspartate	NC(CC(=O)O)C(=O)O	CKLJMWTZIZZHCS-UHFFFAOYSA-N
L-Aspartate 4-semialdehyde	[NH3+][C@@H](CC=O)C(=O)[O-]	HOSWPDPVFBCLSY-VKHMYHEASA-N
L-Carnitine	C[N+](C)(C)C[C@H](O)CC(=O)[O-]	PHIQHXFUZVPYII-ZCFIWIBFSA-N
L-Carnitinyl-CoA	CC(C)(COP(=O)([O-])OP(=O)([O-])OC[C@H]1O[C@@H](n2cnc3c(N)ncnc32)[C@H](O)[C@@H]1OP(=O)([O-])[O-])[C@@H](O)C(=O)NCCC(=O)NCCSC(=O)C[C@@H](O)C[N+](C)(C)C	BBRISSLDTUHWKG-PVMHLSDZSA-K
L-Citrulline	NC(=O)NCCCC(N)C(=O)O	RHGKLRLOHDJJDR-UHFFFAOYSA-N
L-Cystathionine	[NH3+][C@@H](CCSC[C@H]([NH3+])C(=O)[O-])C(=O)[O-]	ILRYLPWNYFXEMH-WHFBIAKZSA-N
L-Cysteine	NC(CS)C(=O)O	XUJNEKJLAYXESH-UHFFFAOYSA-N
L-Fucose	C[C@H](O)[C@@H](O)[C@@H](O)[C@H](O)C=O	PNNNRSAQSRJVSB-KCDKBNATSA-N
L-Fuculose 1-phosphate	C[C@H](O)[C@@H](O)[C@@H](O)C(=O)COP(=O)([O-])[O-]	KNYGWWDTPGSEPD-LFRDXLMFSA-L
L-Galactonate	O=C([O-])[C@@H](O)[C@H](O)[C@H](O)[C@@H](O)CO	RGHNJXZEOKUKBD-RSJOWCBRSA-M
L-Glutamate	[NH3+][C@@H](CCC(=O)[O-])C(=O)[O-]	WHUUTDBJXJRKMK-VKHMYHEASA-M
L-Glutamate 1-semialdehyde	[NH3+][C@H](C=O)CCC(=O)[O-]	MPUUQNGXJSEWTF-BYPYZUCNSA-N
L-Glutamate 5-phosphate	[NH3+][C@@H](CCC(=O)OP(=O)([O-])[O-])C(=O)[O-]	PJRXVIJAERNUIP-VKHMYHEASA-L
L-Glutamate 5-semialdehyde	[NH3+][C@@H](CCC=O)C(=O)[O-]	KABXUUFDPUOJMW-BYPYZUCNSA-N
L-Glutamine	NC(=O)CC[C@H]([NH3+])C(=O)[O-]	ZDXPYRJPNDTMRX-VKHMYHEASA-N
L-Histidine	NC(Cc1c[n-]cn1)C(=O)[O-]	TWRZMXZXJKNOLO-UHFFFAOYSA-L
L-Histidinol	[NH3+][C@H](CO)Cc1c[nH]cn1	ZQISRDCJNBUVMM-YFKPBYRVSA-O
L-Histidinol phosphate	[NH3+][C@H](COP(=O)([O-])[O-])Cc1c[nH]cn1	CWNDERHTHMWBSI-YFKPBYRVSA-M
L-Homocysteine	[NH3+][C@@H](CCS)C(=O)[O-]	FFFHZYDWPBMWHY-VKHMYHEASA-N
L-Homoserine	[NH3+][C@@H](CCO)C(=O)[O-]	UKAUYVFTDYCKQA-VKHMYHEASA-N
L-Idonate	O=C([O-])[C@H](O)[C@@H](O)[C@H](O)[C@@H](O)CO	RGHNJXZEOKUKBD-SKNVOMKLSA-M
L-Isoleucine	CC[C@H](C)[C@H]([NH3+])C(=O)[O-]	AGPKZVBTJJNPAG-WHFBIAKZSA-N
L-Lactaldehyde	CC(O)C=O	BSABBBMNWQWLLU-UHFFFAOYSA-N
L-Lactate	C[C@H](O)C(=O)[O-]	JVTAAEKCZFNVCJ-REOHCLBHSA-M
L-Leucine	CC(C)C[C@H]([NH3+])C(=O)[O-]	ROHFNLRQFUQHCH-YFKPBYRVSA-N
L-Lysine	[NH3+]CCCC[C@H]([NH3+])C(=O)[O-]	KDXKERNSBIXSRK-YFKPBYRVSA-O
L-Lyxose	O[C@H]1CO[C@H](O)[C@H](O)[C@@H]1O	SRBFZHDQGSBBOR-RSJOWCBRSA-N
L-Malate	O=C([O-])C[C@H](O)C(=O)[O-]	BJEPYKJPYRNKOW-REOHCLBHSA-L
L-Methionine	CSCCC(N)C(=O)O	FFEARJCKVFRZRR-UHFFFAOYSA-N
L-Methionine Sulfoxide	CS(=O)CC[C@H](N)C(=O)O	QEFRNWWLZKMPFJ-YGVKFDHGSA-N
L-Phenylalanine	[NH3+][C@@H](Cc1ccccc1)C(=O)[O-]	COLNVLDHVKWLRT-QMMMGPOBSA-N
L-Proline	O=C([O-])[C@@H]1CCC[NH2+]1	ONIBWKKTOPOVIA-BYPYZUCNSA-N
L-Prolinylglycine	O=C([O-])CNC(=O)[C@@H]1CCC[NH2+]1	RNKSNIBMTUYWSH-YFKPBYRVSA-N
L-Rhamnose	C[C@@H]1OC(O)[C@H](O)[C@H](O)[C@H]1O	SHZGCJCMOBCMKK-JFNONXLTSA-N
L-Rhamnulose	C[C@H](O)[C@H](O)[C@@H](O)C(=O)CO	QZNPNKJXABGCRC-FUTKDDECSA-N
L-Rhamnulose 1-phosphate	C[C@H](O)[C@H](O)[C@@H](O)C(=O)COP(=O)([O-])[O-]	KNYGWWDTPGSEPD-FUTKDDECSA-L
L-Ribulose	O=C(CO)[C@@H](O)[C@@H](O)CO	ZAQJHHRNXZUBTE-UCORVYFPSA-N
L-Ribulose 5-phosphate	O=C(CO)[C@@H](O)[C@@H](O)COP(=O)([O-])[O-]	FNZLKVNUWIIPSJ-CRCLSJGQSA-L
L-Serine	NC(CO)C(=O)O	MTCFGRXMJLQNBG-UHFFFAOYSA-N
L-Threonine	C[C@@H](O)[C@H]([NH3+])C(=O)[O-]	AYFVYJQAPQTCCC-GBXIJSLDSA-N
L-Threonine O-3-phosphate	C[C@@H](OP(=O)([O-])[O-])[C@H]([NH3+])C(=O)[O-]	USRGIUJOYOXOQJ-GBXIJSLDSA-L
L-Tryptophan	[NH3+][C@@H](Cc1c[nH]c2ccccc12)C(=O)[O-]	QIVBCDIJIAJPQS-VIFPVBQESA-N
L-Tyrosine	[NH3+][C@@H](Cc1ccc(O)cc1)C(=O)[O-]	OUYCCCASQSFEME-QMMMGPOBSA-N
L-Valine	CC(C)[C@H]([NH3+])C(=O)[O-]	KZSNJWFQEVHDMF-BYPYZUCNSA-N
L-Xylulose	O=C(CO)[C@H](O)[C@@H](O)CO	ZAQJHHRNXZUBTE-WVZVXSGGSA-N
L-Xylulose 5-phosphate	O=C(CO)[C@H](O)[C@@H](O)COP(=O)([O-])[O-]	FNZLKVNUWIIPSJ-WHFBIAKZSA-L
L-alanine-D-glutamate	C[C@H]([NH3+])C(=O)N[C@H](CCC(=O)[O-])C(=O)[O-]	VYZAGTDAHUIRQA-CRCLSJGQSA-M
L-alanine-D-glutamate-meso-2,6-diaminoheptanedioate-D-alanine	CC([NH3+])C(=O)NC(CCCC(NC(=O)CCC(NC(=O)C(C)[NH3+])C(=O)[O-])C(=O)[O-])C(=O)[O-]	BAPAFFOXTCMVCC-UHFFFAOYSA-M
L-alanine-L-glutamate	C[C@H]([NH3+])C(=O)N[C@@H](CCC(=O)[O-])C(=O)[O-]	VYZAGTDAHUIRQA-WHFBIAKZSA-M
L-ascorbate-6-phosphate	O=C1O[C@H]([C@@H](O)COP(=O)([O-])[O-])C([O-])=C1O	KIENGQUGHPTFGC-JLAZNSOCSA-K
L-fuculose	C[C@H](O)[C@@H](O)[C@@H](O)C(=O)CO	QZNPNKJXABGCRC-LFRDXLMFSA-N
L-methionine-R-sulfoxide	C[S@@](=O)CC[C@H]([NH3+])C(=O)[O-]	QEFRNWWLZKMPFJ-ZXPFJRLXSA-N
L-seryl-AMP	Nc1ncnc2c1ncn2[C@@H]1O[C@H](COP(=O)([O-])OC(=O)[C@@H](N)CO)[C@@H](O)[C@H]1O	UVSYURUCZPPUQD-MACXSXHHSA-M
L-tartrate	O=C([O-])[C@H](O)[C@@H](O)C(=O)[O-]	FEWJPZIEWOKRBE-JCYAYHJZSA-L
LL-2,6-Diaminoheptanedioate	[NH3+][C@@H](CCC[C@H]([NH3+])C(=O)[O-])C(=O)[O-]	GMKMEZVLHJARHF-WHFBIAKZSA-N
Lactose	OC[C@H]1O[C@@H](O)[C@H](O)[C@@H](O)[C@@H]1O[C@@H]1O[C@H](CO)[C@H](O)[C@H](O)[C@H]1O	GUBGYTABKSRVRQ-DCSYEGIMSA-N
Lipid A Disaccharide	CCCCCCCCCCC[C@@H](O)CC(=O)N[C@H]1[C@H](OC[C@H]2O[C@H](OP(=O)([O-])[O-])[C@H](NC(=O)C[C@H](O)CCCCCCCCCCC)[C@@H](OC(=O)C[C@H](O)CCCCCCCCCCC)[C@@H]2O)O[C@H](CO)[C@@H](O)[C@@H]1OC(=O)C[C@H](O)CCCCCCCCCCC	HLDJGHAAKRKPAV-QDORLFPLSA-L
Lipoate	O=C(O)CCCC[C@H]1CCSS1	AGBQKNBQESQNJD-ZETCQYMHSA-N
Lipoprotein	CCCCCCCCCCCCCCCC(=O)NC(CS[*])C([*])=O	
Lipoyl-AMP	Nc1ncnc2c1ncn2[C@@H]1O[C@H](COP(=O)(O)OC(=O)CCCCC2CCSS2)[C@@H](O)[C@H]1O	QWEGOCJRZOKSOE-NLJBGGCZSA-N
Magnesium	[Mg+2]	JLVVSXFLKOJNIY-UHFFFAOYSA-N
Malonate semialdehyde	O=CCC(=O)[O-]	OAKURXIZZOAYBC-UHFFFAOYSA-M
Malonyl CoA	CC(C)(COP(=O)([O-])OP(=O)([O-])OC[C@H]1O[C@@H](n2cnc3c(N)ncnc32)[C@H](O)[C@@H]1OP(=O)([O-])[O-])[C@@H](O)C(=O)NCCC(=O)NCCSC(=O)CC(=O)[O-]	LTYOQGRJFJAKNA-DVVLENMVSA-I
Malonyl-CoA methyl ester	COC(=O)CC(=O)SCCNC(=O)CCNC(=O)C(O)C(C)(C)COP(=O)([O-])OP(=O)([O-])OC[C@H]1O[C@@H](n2cnc3c(N)ncnc32)[C@H](O)[C@@H]1OP(=O)([O-])[O-]	CHQAJZULNPRMEN-FZEDXVDRSA-J
Malonyl-[acyl-carrier protein]	[*]SC(=O)CC(=O)O	
Maltoheptaose	O=C[C@H](O)[C@@H](O)[C@H](O[C@H]1O[C@H](CO)[C@@H](O[C@H]2O[C@H](CO)[C@@H](O[C@H]3O[C@H](CO)[C@@H](O[C@H]4O[C@H](CO)[C@@H](O[C@H]5O[C@H](CO)[C@@H](O[C@H]6O[C@H](CO)[C@@H](O)[C@H](O)[C@H]6O)[C@H](O)[C@H]5O)[C@H](O)[C@H]4O)[C@H](O)[C@H]3O)[C@H](O)[C@H]2O)[C@H](O)[C@H]1O)[C@H](O)CO	ZHZITDGOAFCURV-VVTKTIMZSA-N
Maltohexaose	OC[C@H]1O[C@H](O[C@@H]2[C@@H](CO)O[C@H](O[C@@H]3[C@@H](CO)O[C@H](O[C@@H]4[C@@H](CO)O[C@H](O[C@@H]5[C@@H](CO)O[C@H](O[C@@H]6[C@@H](CO)O[C@H](O)[C@H](O)[C@H]6O)[C@H](O)[C@H]5O)[C@H](O)[C@H]4O)[C@H](O)[C@H]3O)[C@H](O)[C@H]2O)[C@H](O)[C@@H](O)[C@@H]1O	OCIBBXPLUVYKCH-QXVNYKTNSA-N
Maltopentaose	OC[C@H]1O[C@H](O[C@@H]2[C@@H](CO)O[C@H](O[C@@H]3[C@@H](CO)O[C@H](O[C@@H]4[C@@H](CO)O[C@H](O[C@@H]5[C@@H](CO)O[C@H](O)[C@H](O)[C@H]5O)[C@H](O)[C@H]4O)[C@H](O)[C@H]3O)[C@H](O)[C@H]2O)[C@H](O)[C@@H](O)[C@@H]1O	FTNIPWXXIGNQQF-DWTFCAFKSA-N
Maltose	OC[C@H]1O[C@H](O[C@@H]2[C@@H](CO)O[C@H](O)[C@H](O)[C@H]2O)[C@H](O)[C@@H](O)[C@@H]1O	GUBGYTABKSRVRQ-ASMJPISFSA-N
Maltose 6'-phosphate	O=P([O-])([O-])OC[C@H]1O[C@H](O[C@@H]2[C@@H](CO)O[C@H](O)[C@H](O)[C@H]2O)[C@H](O)[C@@H](O)[C@@H]1O	ITPHOIFCAFNCLL-ASMJPISFSA-L
Maltotetraose	OC[C@H]1O[C@H](O[C@@H]2[C@@H](CO)O[C@H](O[C@@H]3[C@@H](CO)O[C@H](O[C@@H]4[C@@H](CO)O[C@H](O)[C@H](O)[C@H]4O)[C@H](O)[C@H]3O)[C@H](O)[C@H]2O)[C@H](O)[C@@H](O)[C@@H]1O	LUEWUZLMQUOBSB-ZLBHSGTGSA-N
Maltotriose	O=C[C@H](O)[C@@H](O)[C@H](O[C@H]1O[C@H](CO)[C@@H](O[C@H]2O[C@H](CO)[C@@H](O)[C@H](O)[C@H]2O)[C@H](O)[C@H]1O)[C@H](O)CO	RXVWSYJTUUKTEA-CGQAXDJHSA-N
Manganese	[Mn+2]	WAEMQWOKJMHJLA-UHFFFAOYSA-N
Melibiose	OC[C@H]1O[C@H](OC[C@H]2O[C@@H](O)[C@H](O)[C@@H](O)[C@@H]2O)[C@H](O)[C@@H](O)[C@H]1O	DLRVVLDZNNYCBX-ZZFZYMBESA-N
Menaquinol 8	CC(C)=CCC/C(C)=C/CC/C(C)=C/CC/C(C)=C/CC/C(C)=C/CC/C(C)=C/CC/C(C)=C/CC/C(C)=C/Cc1c(C)c(O)c2ccccc2c1O	OIEZRVBFVPGODT-WQWYCSGDSA-N
Menaquinone 8	CC(C)=CCC/C(C)=C/CC/C(C)=C/CC/C(C)=C/CC/C(C)=C/CC/C(C)=C/CC/C(C)=C/CC/C(C)=C/CC1=C(C)C(=O)c2ccccc2C1=O	LXKDFTDVRVLXFY-WQWYCSGDSA-N
Mercaptopyruvate	O=C([O-])C(=O)CS	OJOLFAIGOXZBCI-UHFFFAOYSA-M
Mercury  charged 2  Hg	[Hg+2]	BQPIGGFYSBELGY-UHFFFAOYSA-N
Meso-2,6-Diaminoheptanedioate	[NH3+][C@@H](CCC[C@@H]([NH3+])C(=O)[O-])C(=O)[O-]	GMKMEZVLHJARHF-SYDPRGILSA-N
Methane	[CH2-2]	PZPOWPOFQLSNJO-UHFFFAOYSA-N
Methanesulfonate	CS(=O)(=O)[O-]	AFVFQIVMOAPDHO-UHFFFAOYSA-M
Methanol	C[O-]	NBTOZLQBSIZIKS-UHFFFAOYSA-N
Methylglyoxal	CC(=O)C=O	AIJULSRZWUXGPQ-UHFFFAOYSA-N
Methylisocitrate	C[C@](O)(C(=O)[O-])[C@H](CC(=O)[O-])C(=O)[O-]	HHKPKXCSHMJWCF-WVBDSBKLSA-K
Minocycline	CN(C)c1ccc(O)c2c1C[C@H]1C[C@H]3[C@H]([NH+](C)C)C([O-])=C(C(N)=O)C(=O)[C@@]3(O)C(O)=C1C2=O	DYKFCLLONBREIL-KVUCHLLUSA-N
Molybdate	O=[Mo](=O)([O-])O	NIBXJCYCRLUCEJ-UHFFFAOYSA-M
Molybdenum cofactor	[*]S[Mo]1(=O)(O)SC2=C(S1)[C@@H]1Nc3c(nc(N)[nH]c3=O)N[C@@H]1O[C@@H]2COP(=O)([O-])[O-]	
Molybdopterin	Nc1nc2c(c(=O)[nH]1)N[C@H]1C(S)=C([S-])[C@@H](COP(=O)([O-])[O-])O[C@H]1N2	HPEUEJRPDGMIMY-IFQPEPLCSA-K
Molybdopterin cytosine dinucleotide	Nc1ccn([C@@H]2O[C@H](COP(=O)(O)OP(=O)(O)OC[C@H]3O[C@H]4Nc5nc(N)[nH]c(=O)c5N[C@H]4C(S)=C3S)[C@@H](O)[C@H]2O)c(=O)n1	WKSPNQYEWZEMMI-FEFZDOOUSA-N
Molybdopterin guanine dinucleotide	Nc1nc2c(c(=O)[nH]1)N[C@H]1C(S)=C(S)[C@@H](COP(=O)(O)OP(=O)(O)OC[C@H]3O[C@@H](n4cnc5c(=O)[nH]c(N)nc54)[C@H](O)[C@@H]3O)O[C@H]1N2	VQAGYJCYOLHZDH-ILXWUORBSA-N
Myo-Inositol	O[C@H]1[C@H](O)[C@@H](O)[C@H](O)[C@@H](O)[C@H]1O	CDAISMWEOUEBRE-GPIVLXJGSA-N
Myo-Inositol hexakisphosphate	O=P([O-])([O-])O[C@H]1[C@H](OP(=O)([O-])[O-])[C@@H](OP(=O)([O-])[O-])[C@H](OP(=O)([O-])[O-])[C@@H](OP(=O)([O-])[O-])[C@H]1OP(=O)([O-])[O-]	IMQLKJBTEOYOSI-GPIVLXJGSA-B
N(omega)-(L-Arginino)succinate	N=C(NCCC[C@H](N)C(=O)O)N[C@@H](CC(=O)O)C(=O)O	KDZOASGQNOPSCU-WDSKDSINSA-N
N,N'-diacetylchitobiose	CC(=O)NC1C(C(C(OC1O)CO)OC2C(C(C(C(O2)CO)O)O)NC(=O)C)O	CDOJPCSDOXYJJF-CBTAGEKQSA-N
N-((R)-4-Phosphopantothenoyl)-L-cysteine	CC(C)(COP(=O)([O-])[O-])[C@@H](O)C(=O)NCCC(=O)N[C@@H](CS)C(=O)[O-]	XQYALQVLCNHCFT-CBAPKCEASA-K
N-(5-Phospho-D-ribosyl)anthranilate	O=C([O-])c1ccccc1N[C@@H]1O[C@H](COP(=O)([O-])[O-])[C@@H](O)[C@H]1O	PMFMJXPRNJUYMB-GWOFURMSSA-K
N-3-aminopropyl-1,5-diaminopentane	[NH3+]CCCCC[NH2+]CCC[NH3+]	QZBYOYPROVGOGE-UHFFFAOYSA-Q
N-Acetyl-D-galactosamine	CC(=O)N[C@H]1C(O)O[C@H](CO)[C@H](O)[C@@H]1O	OVRNDRQMDRJTHS-KEWYIRBNSA-N
N-Acetyl-D-galactosamine 1-phosphate	CC(=O)N[C@H]1[C@@H](OP(=O)([O-])[O-])O[C@H](CO)[C@H](O)[C@@H]1O	FZLJPEPAYPUMMR-JAJWTYFOSA-L
N-Acetyl-D-glucosamine	CC(=O)N[C@H]1C(O)O[C@H](CO)[C@@H](O)[C@@H]1O	OVRNDRQMDRJTHS-RTRLPJTCSA-N
N-Acetyl-D-glucosamine 1-phosphate	CC(=O)N[C@H]1C(OP(=O)(O)O)O[C@H](CO)[C@@H](O)[C@@H]1O	FZLJPEPAYPUMMR-RTRLPJTCSA-N
N-Acetyl-D-glucosamine 6-phosphate	[H]O[C@@]1([H])O[C@]([H])(C([H])([H])OP(=O)(O[H])O[H])[C@@]([H])(O[H])[C@]([H])(O[H])[C@@]1([H])N([H])C(=O)C([H])([H])[H]	BRGMHAYQAZFZDJ-PVFLNQBWSA-N
N-Acetyl-D-glucosamine(anhydrous)N-Acetylmuramic acid	CC(=O)NC1=COC(CO)C(OC2OC(CO)C(O)C(O)C2NC(C)=O)C1OC(C)C(=O)[O-]	VWOAYOXNDDJRIH-UHFFFAOYSA-M
N-Acetyl-D-glucosamine(anhydrous)N-Acetylmuramyl-tripeptide	CC(=O)NC1=COC(CO)C(OC2OC(CO)C(O)C(O)C2NC(C)=O)C1OC(C)C(=O)NC(C)C(=O)NC(CCC(=O)O)C(=O)NC(CCCC(N)C(=O)O)C(=O)O	ZWZMFRJKRXDGBE-UHFFFAOYSA-N
N-Acetyl-D-mannosamine	CC(=O)N[C@H](C=O)[C@@H](O)[C@H](O)[C@H](O)CO	MBLBDJOUHNCFQT-WCTZXXKLSA-N
N-Acetyl-D-mannosamine 6-phosphate	CC(=O)N[C@@H]1[C@@H](O)O[C@H](COP(=O)(O)O)[C@@H](O)[C@@H]1O	BRGMHAYQAZFZDJ-UOLFYFMNSA-N
N-Acetyl-L-glutamate	CC(=O)N[C@@H](CCC(=O)[O-])C(=O)[O-]	RFMMMVDNIPUKGG-YFKPBYRVSA-L
N-Acetyl-L-glutamate 5-semialdehyde	CC(=O)N[C@@H](CCC=O)C(=O)[O-]	BCPSFKBPHHBDAI-LURJTMIESA-M
N-Acetyl-L-glutamyl 5-phosphate	CC(=O)N[C@@H](CCC(=O)OP(=O)([O-])[O-])C(=O)[O-]	FCVIHFVSXHOPSW-YFKPBYRVSA-K
N-Acetylanthranilate	CC(=O)Nc1ccccc1C(=O)[O-]	QSACCXVHEVWNMX-UHFFFAOYSA-M
N-Acetylmethionine	CC(=O)NC(CCSC)C(=O)O	XUYPXLNMDZIRQH-LURJTMIESA-N
N-Acetylmuramate	CC(=O)N[C@H]1C(O)O[C@H](CO)[C@@H](O)[C@@H]1O[C@H](C)C(=O)[O-]	MNLRQHMNZILYPY-MKFCKLDKSA-M
N-Acetylneuraminate	CC(=O)N[C@@H]1[C@@H](O)C[C@@](O)(C(=O)[O-])O[C@H]1[C@H](O)[C@H](O)CO	SQVRNKJHWKZAKO-PFQGKNLYSA-M
N-Carbamoyl-L-aspartate	NC(=O)N[C@@H](CC(=O)[O-])C(=O)[O-]	HLKXYZVTANABHZ-REOHCLBHSA-L
N-Methyltryptophan	Cc1[nH]c2ccccc2c1C[C@H]([NH3+])C(=O)[O-]	BXJSOEWOQDVGJW-JTQLQIEISA-N
N-Succinyl-2-L-amino-6-oxoheptanedioate	O=C([O-])CCC(=O)N[C@@H](CCCC(=O)C(=O)[O-])C(=O)[O-]	SDVXSCSNVVZWDD-LURJTMIESA-K
N-Succinyl-LL-2,6-diaminoheptanedioate	[NH3+][C@@H](CCC[C@H](NC(=O)CCC(=O)[O-])C(=O)[O-])C(=O)[O-]	GLXUWZBUPATPBR-BQBZGAKWSA-L
N-acetylmuramate 6-phosphate	CC(=O)N[C@H]1C(O)O[C@H](COP(=O)(O)O)[C@@H](O)[C@@H]1O[C@H](C)C(=O)O	NMEMTQKUEVNSPV-MKFCKLDKSA-N
N1-(5-Phospho-D-ribosyl)glycinamide	NCC(=O)NC1O[C@H](COP(=O)(O)O)[C@@H](O)[C@H]1O	OBQMLSFOUZUIOB-HJZCUYRDSA-N
N1-(5-Phospho-alpha-D-ribosyl)-5,6-dimethylbenzimidazole	Cc1cc2ncn([C@H]3O[C@H](COP(=O)([O-])[O-])[C@@H](O)[C@H]3O)c2cc1C	ZMRGXEJKZPRBPJ-SYQHCUMBSA-L
N1-(alpha-D-ribosyl)-5,6-dimethylbenzimidazole	Cc1cc2ncn([C@H]3O[C@H](CO)[C@@H](O)[C@H]3O)c2cc1C	HLRUKOJSWOKCPP-SYQHCUMBSA-N
N1-Acetylspermidine	CC(=O)NCCC[NH2+]CCCC[NH3+]	MQTAVJHICJWXBR-UHFFFAOYSA-P
N2-Acetyl-L-ornithine	CC(=O)N[C@@H](CCC[NH3+])C(=O)[O-]	JRLGPAXAGHMNOL-LURJTMIESA-N
N2-Formyl-N1-(5-phospho-D-ribosyl)glycinamide	O=CNCC(=O)NC1O[C@H](COP(=O)(O)O)[C@@H](O)[C@H]1O	VDXLUNDMVKSKHO-ZRTZXPPTSA-N
N2-Succinyl-L-arginine	NC(=[NH2+])NCCC[C@H](NC(=O)CCC(=O)[O-])C(=O)[O-]	UMOXFSXIFQOWTD-LURJTMIESA-M
N2-Succinyl-L-glutamate	O=C([O-])CCC(=O)N[C@@H](CCC(=O)[O-])C(=O)[O-]	JCNBNOQGFSXOML-YFKPBYRVSA-K
N2-Succinyl-L-glutamate 5-semialdehyde	O=CCC[C@H](NC(=O)CCC(=O)[O-])C(=O)[O-]	XTOKIEIBKARFSZ-LURJTMIESA-L
N2-Succinyl-L-ornithine	[NH3+]CCC[C@H](NC(=O)CCC(=O)[O-])C(=O)[O-]	VWXQFHJBQHTHMK-LURJTMIESA-M
N6-(1,2-Dicarboxyethyl)-AMP	O=C(O)CC(Nc1ncnc2c1ncn2[C@@H]1O[C@H](COP(=O)(O)O)[C@@H](O)[C@H]1O)C(=O)O	OFBHPPMPBOJXRT-DPXQIYNJSA-N
N8-Acetylspermidine	CC(=O)NCCCC[NH2+]CCC[NH3+]	FONIWJIDLJEJTL-UHFFFAOYSA-P
NMN	NC(=O)c1ccc[n+]([C@@H]2O[C@H](COP(=O)([O-])[O-])[C@@H](O)[C@H]2O)c1	DAYLJWODMCOQEW-TURQNECASA-M
Nickel	[Ni+2]	VEQPNABPJHWNSG-UHFFFAOYSA-N
Nicotinamide	NC(=O)c1cccnc1	DFPAKSUCGFBDDF-UHFFFAOYSA-N
Nicotinamide adenine dinucleotide	NC(=O)c1ccc[n+]([C@@H]2O[C@H](COP(=O)([O-])OP(=O)([O-])OC[C@H]3O[C@@H](n4cnc5c(N)ncnc54)[C@H](O)[C@@H]3O)[C@@H](O)[C@H]2O)c1	BAWFJGJZGIEFAR-NNYOXOHSSA-M
Nicotinamide adenine dinucleotide - reduced	NC(=O)C1=CN([C@@H]2O[C@H](COP(=O)([O-])OP(=O)([O-])OC[C@H]3O[C@@H](n4cnc5c(N)ncnc54)[C@H](O)[C@@H]3O)[C@@H](O)[C@H]2O)C=CC1	BOPGDPNILDQYTO-NNYOXOHSSA-L
Nicotinamide adenine dinucleotide phosphate	NC(=O)c1ccc[n+]([C@@H]2O[C@H](COP(=O)([O-])OP(=O)([O-])OC[C@H]3O[C@@H](n4cnc5c(N)ncnc54)[C@H](OP(=O)([O-])[O-])[C@@H]3O)[C@@H](O)[C@H]2O)c1	XJLXINKUBYWONI-NNYOXOHSSA-K
Nicotinamide adenine dinucleotide phosphate - reduced	NC(=O)C1=CN([C@@H]2O[C@H](COP(=O)([O-])OP(=O)([O-])OC[C@H]3O[C@@H](n4cnc5c(N)ncnc54)[C@H](OP(=O)([O-])[O-])[C@@H]3O)[C@@H](O)[C@H]2O)C=CC1	ACFIXJIJDZMPPO-NNYOXOHSSA-J
Nicotinate	O=C([O-])c1cccnc1	PVNIIMVLHYAWGP-UHFFFAOYSA-M
Nicotinate D-ribonucleotide	O=C([O-])c1ccc[n+]([C@@H]2O[C@H](COP(=O)([O-])[O-])[C@@H](O)[C@H]2O)c1	JOUIQRNQJGXQDC-ZYUZMQFOSA-L
Nitrate	O=[N+]([O-])[O-]	NHNBFGGVMKEFGY-UHFFFAOYSA-N
Nitric oxide	[N]=O	MWUXSHHQAYIFBG-UHFFFAOYSA-N
Nitrite	O=N[O-]	IOVCWXUNBOPUCH-UHFFFAOYSA-M
Nitrous oxide	N#[N+][O-]	GQPLMRYTRLFLPF-UHFFFAOYSA-N
Novobiocin	CO[C@@H]1[C@@H](OC(N)=O)[C@@H](O)[C@H](Oc2ccc3c([O-])c(NC(=O)c4ccc(O)c(CC=C(C)C)c4)c(=O)oc3c2C)OC1(C)C	YJQPYGGHQPGBLI-KGSXXDOSSA-M
O-Acetyl-L-serine	CC(=O)OC[C@H]([NH3+])C(=O)[O-]	VZXPDPZARILFQX-BYPYZUCNSA-N
O-Phospho-4-hydroxy-L-threonine	[NH3+][C@H](C(=O)[O-])[C@H](O)COP(=O)([O-])[O-]	FKHAKIJOKDGEII-GBXIJSLDSA-L
O-Phospho-L-homoserine	[NH3+][C@@H](CCOP(=O)([O-])[O-])C(=O)[O-]	FXDNYOANAXWZHG-VKHMYHEASA-L
O-Phospho-L-serine	[NH3+][C@@H](COP(=O)([O-])[O-])C(=O)[O-]	BZQFBWGGLXLEPQ-REOHCLBHSA-L
O-Succinyl-L-homoserine	[NH3+][C@@H](CCOC(=O)CCC(=O)[O-])C(=O)[O-]	GNISQJGXJIDKDJ-YFKPBYRVSA-M
O-Succinylbenzoate	O=C([O-])CCC(=O)c1ccccc1C(=O)[O-]	YIVWQNVQRXFZJB-UHFFFAOYSA-L
O-Succinylbenzoyl-CoA	CC(C)(COP(=O)([O-])OP(=O)([O-])OC[C@H]1O[C@@H](n2cnc3c(N)ncnc32)[C@H](O)[C@@H]1OP(=O)([O-])[O-])[C@@H](O)C(=O)NCCC(=O)NCCSC(=O)CCC(=O)c1ccccc1C(=O)[O-]	KVAQAPQXOXTRAE-HSJNEKGZSA-I
O-acetyl-rhamanosyl-N-acetylglucosamyl-undecaprenyl diphosphate	CC(=O)NC1C(OP(=O)([O-])OP(=O)([O-])OC/C=C(\C)CC/C=C(\C)CC/C=C(\C)CC/C=C(\C)CC/C=C(\C)CC/C=C(\C)CC/C=C(\C)CC/C=C(\C)CC/C=C(\C)CC/C=C(\C)CCC=C(C)C)OC(CO)C(O)C1OC1OC(C)C(O)C(O)C1OC(C)=O	WYHMIVUCEAXZMZ-LRILUZMESA-L
O2 O2	O=O	MYMOFIZGZYHOMD-UHFFFAOYSA-N
Octadecanoate (n-C18:0)	CCCCCCCCCCCCCCCCCC(=O)[O-]	QIQXTHQIDYTFRH-UHFFFAOYSA-M
Octadecanoyl-ACP (n-C18:0ACP)	CCCCCCCCCCCCCCCCCC(=O)SCCNC(=O)CCNC(=O)C(O)C(C)(C)COP(=O)([O-])O[*]	
Octadecenoate (n-C18:1)	CCCCCCCC/C=C\CCCCCCCC(=O)[O-]	ZQPPMHVWECSIRJ-KTKRTIGZSA-M
Octanoate (n-C8:0)	CCCCCCCC(=O)[O-]	WWZKQHOCKIZLMA-UHFFFAOYSA-M
Octanoyl-ACP (n-C8:0ACP)	CCCCCCCC(=O)SCCNC(=O)CCNC(=O)C(O)C(C)(C)COP(=O)([O-])O[*]	
Octanoyl-CoA (n-C8:0CoA)	CCCCCCCC(=O)SCCNC(=O)CCNC(=O)[C@H](O)C(C)(C)COP(=O)([O-])OP(=O)([O-])OC[C@H]1O[C@@H](n2cnc3c(N)ncnc32)[C@H](O)[C@@H]1OP(=O)([O-])[O-]	KQMZYOXOBSXMII-CECATXLMSA-J
Ornithine	[NH3+]CCC[C@H]([NH3+])C(=O)[O-]	AHLPHDHHMVZTML-BYPYZUCNSA-O
Orotate	O=C([O-])c1cc(=O)[nH]c(=O)[nH]1	PXQPEWDEAKTCGB-UHFFFAOYSA-M
Orotidine 5'-phosphate	O=C([O-])c1cc(=O)[nH]c(=O)n1[C@@H]1O[C@H](COP(=O)([O-])[O-])[C@@H](O)[C@H]1O	KYOBSHFOBAOFBF-XVFCMESISA-K
Oxalate	O=C([O-])C(=O)[O-]	MUBZPKHOEPUJKR-UHFFFAOYSA-L
Oxaloacetate	O=C([O-])CC(=O)C(=O)[O-]	KHPXUQMNIQBQEV-UHFFFAOYSA-L
Oxalureate	NC(=O)NC(=O)C(=O)[O-]	UWBHMRBRLOJJAA-UHFFFAOYSA-M
Oxalyl-CoA	CC(C)(COP(=O)([O-])OP(=O)([O-])OC[C@H]1O[C@@H](n2cnc3c(N)ncnc32)[C@H](O)[C@@H]1OP(=O)([O-])[O-])[C@@H](O)C(=O)NCCC(=O)NCCSC(=O)C(=O)[O-]	QVXMZFTWJVBUHP-IBOSZNHHSA-I
Oxamate	NC(=O)C(=O)[O-]	SOWBFZRMHSNYGE-UHFFFAOYSA-M
Oxidized glutathione	[NH3+][C@@H](CCC(=O)N[C@@H](CSSC[C@H](NC(=O)CC[C@H]([NH3+])C(=O)[O-])C(=O)NCC(=O)[O-])C(=O)NCC(=O)[O-])C(=O)[O-]	YPZRWBKMTBYPTK-BJDJZHNGSA-L
Oxidized thioredoxin	[*]N[C@@H](CSSC[C@H](N[*])C([*])=O)C([*])=O	
P-Cresol	Cc1ccc(O)cc1	IWDCLRJOBJJRNH-UHFFFAOYSA-N
P1,P4-Bis(5'-adenosyl) tetraphosphate	Nc1ncnc2c1ncn2[C@@H]1O[C@H](COP(=O)([O-])OP(=O)([O-])OP(=O)([O-])OP(=O)([O-])OC[C@H]2O[C@@H](n3cnc4c(N)ncnc43)[C@H](O)[C@@H]2O)[C@@H](O)[C@H]1O	YOAHKNVSNCMZGQ-XPWFQUROSA-J
P1,P4-Bis(5'-guanosyl) tetraphosphate	Nc1nc2c(ncn2[C@@H]2O[C@H](COP(=O)([O-])OP(=O)([O-])OP(=O)([O-])OP(=O)([O-])OC[C@H]3O[C@@H](n4cnc5c(=O)[nH]c(N)nc54)[C@H](O)[C@@H]3O)[C@@H](O)[C@H]2O)c(=O)[nH]1	OLGWXCQXRSSQPO-MHARETSRSA-J
P1,P5-Bis(5'-adenosyl) pentaphosphate	Nc1ncnc2c1ncn2[C@@H]1O[C@H](COP(=O)([O-])OP(=O)([O-])OP(=O)([O-])OP(=O)([O-])OP(=O)([O-])OC[C@H]2O[C@@H](n3cnc4c(N)ncnc43)[C@H](O)[C@@H]2O)[C@@H](O)[C@H]1O	OIMACDRJUANHTJ-XPWFQUROSA-I
Palmitoyl-CoA (n-C16:0CoA)	CCCCCCCCCCCCCCCC(=O)SCCNC(=O)CCNC(=O)[C@H](O)C(C)(C)COP(=O)([O-])OP(=O)([O-])OC[C@H]1O[C@@H](n2cnc3c(N)ncnc32)[C@H](O)[C@@H]1OP(=O)([O-])[O-]	MNBKLUUYKPBKDU-BBECNAHFSA-J
Pantetheine 4'-phosphate	CC(C)(COP(=O)([O-])[O-])[C@@H](O)C(=O)NCCC(=O)NCCS	JDMUPRLRUUMCTL-VIFPVBQESA-L
Periplasmic disulfide isomerase/thiol-disulphide oxidase (oxidized)	[*]	
Periplasmic disulfide isomerase/thiol-disulphide oxidase (reduced)	[*]	
Periplasmic protein disulfide isomerase I (oxidized)	[*]	
Periplasmic protein disulfide isomerase I (reduced)	[*]	
Peroxyaminoacrylate	N/C=C\C(=O)OO	WQKGFGLGYOHJOG-UPHRSURJSA-N
Phenethylamine	[NH3+]CCc1ccccc1	BHHGXPLMPWCGHP-UHFFFAOYSA-O
Phenylacetaldehyde	O=CCc1ccccc1	DTUQWGWMVIHBKE-UHFFFAOYSA-N
Phenylacetic acid	O=C([O-])Cc1ccccc1	WLJVXDMOQOGPHL-UHFFFAOYSA-M
Phenylacetyl-CoA	CC(C)(COP(=O)([O-])OP(=O)([O-])OC[C@H]1O[C@@H](n2cnc3c(N)ncnc32)[C@H](O)[C@@H]1OP(=O)([O-])[O-])[C@@H](O)C(=O)NCCC(=O)NCCSC(=O)Cc1ccccc1	ZIGIFDRJFZYEEQ-CECATXLMSA-J
Phenylhydantoin	C1=CC=C(C=C1)C2C(=O)NC(=O)N2	NXQJDVBMMRCKQG-UHFFFAOYSA-N
Phenylpropanoate	O=C([O-])CCc1ccccc1	XMIIGOLPHOKFCH-UHFFFAOYSA-M
Phenylpyruvate	O=C([O-])C(=O)Cc1ccccc1	BTNMPGBKDVTSJY-UHFFFAOYSA-M
Phenylureidoacetic acid	CC(=O)NC(=O)NC1=CC=CC=C1	RUPVBKFFZNPEPS-UHFFFAOYSA-N
Phosphate	O=P([O-])([O-])O	NBIIXXVUZAFLBC-UHFFFAOYSA-L
Phosphatidylethanolamine (dihexadecanoyl, n-C16:0)	CCCCCCCCCCCCCCCC(=O)OC[C@H](COP(=O)([O-])OCC[NH3+])OC(=O)CCCCCCCCCCCCCCC	SLKDGVPOSSLUAI-PGUFJCEWSA-N
Phosphatidylethanolamine (dioctadec-11-enoyl, n-C18:1)	CCCCCCC=CCCCCCCCCCC(=O)OCC(COP(=O)([O-])OCC[NH3+])OC(=O)CCCCCCCCCC=CCCCCCC	FXSMMNUNFDTUMS-UHFFFAOYSA-N
Phosphatidylethanolamine (dioctadecanoyl, n-C18:0)	CCCCCCCCCCCCCCCCCC(=O)OC[C@H](COP(=O)([O-])OCC[NH3+])OC(=O)CCCCCCCCCCCCCCCCC	LVNGJLRDBYCPGB-LDLOPFEMSA-N
Phosphatidylethanolamine (ditetradec-7-enoyl, n-C14:1)	CCCCCCC=CCCCCCC(=O)OCC(COP(=O)([O-])OCC[NH3+])OC(=O)CCCCCC=CCCCCCC	GYSOQFNJPRBSQI-UHFFFAOYSA-N
Phosphatidylglycerol (didodecanoyl, n-C12:0)	CCCCCCCCCCCC(=O)OCC(COP(=O)(O)OCC(O)CO)OC(=O)CCCCCCCCCCC	LHCZDUCPSRJDJT-UHFFFAOYSA-N
Phosphatidylglycerol (dihexadecanoyl, n-C16:0)	CCCCCCCCCCCCCCCC(=O)OC[C@H](COP(=O)([O-])OC[C@@H](O)CO)OC(=O)CCCCCCCCCCCCCCC	BIABMEZBCHDPBV-MPQUPPDSSA-M
Phosphatidylglycerol (ditetradec-7-enoyl, n-C14:1)	CCCCCCC=CCCCCCC(=O)OCC(COP(=O)([O-])OCC(O)CO)OC(=O)CCCCCC=CCCCCCC	CBUSDRUVJCLICO-UHFFFAOYSA-M
Phosphatidylglycerol (ditetradecanoyl, n-C14:0)	CCCCCCCCCCCCCC(=O)OC[C@H](COP(=O)(O)OC[C@@H](O)CO)OC(=O)CCCCCCCCCCCCC	BPHQZTVXXXJVHI-AJQTZOPKSA-N
Phosphatidylglycerophosphate (didodecanoyl, n-C12:0)	CCCCCCCCCCCC(=O)OCC(COP(=O)([O-])OCC(O)COP(=O)([O-])O)OC(=O)CCCCCCCCCCC	LNEADDPQSRWQGI-UHFFFAOYSA-L
Phosphatidylglycerophosphate (dioctadec-11-enoyl, n-C18:1)	CCCCCCC=CCCCCCCCCCC(=O)OCC(COP(=O)([O-])OCC(O)COP(=O)([O-])O)OC(=O)CCCCCCCCCC=CCCCCCC	JUWFWNRVCXDDFB-UHFFFAOYSA-L
Phosphatidylglycerophosphate (ditetradec-7-enoyl, n-C14:1)	CCCCCCC=CCCCCCC(=O)OCC(COP(=O)([O-])OCC(O)COP(=O)([O-])O)OC(=O)CCCCCC=CCCCCCC	GDLXTQRUMWAYHJ-UHFFFAOYSA-L
Phosphatidylglycerophosphate (ditetradecanoyl, n-C14:0)	CCCCCCCCCCCCCC(=O)OCC(COP(=O)([O-])OCC(O)COP(=O)([O-])O)OC(=O)CCCCCCCCCCCCC	QNQMHFGHRCVQGM-UHFFFAOYSA-L
Phosphatidylserine (didodecanoyl, n-C12:0)	CCCCCCCCCCCC(=O)OCC(COP(=O)([O-])OCCNC(=O)[O-])OC(=O)CCCCCCCCCCC	OGIRYMOFUJJQND-UHFFFAOYSA-L
Phosphatidylserine (dihexadec-9-enoyl, n-C16:1)	CCCCCCC=CCCCCCCCC(=O)OCC(COP(=O)([O-])OCCNC(=O)[O-])OC(=O)CCCCCCCC=CCCCCCC	ZFWZZVIWZXUEAX-UHFFFAOYSA-L
Phosphatidylserine (dihexadecanoyl, n-C16:0)	CCCCCCCCCCCCCCCC(=O)OC[C@H](COP(=O)(O)OC[C@H](N)C(=O)O)OC(=O)CCCCCCCCCCCCCCC	KLFKZIQAIPDJCW-GPOMZPHUSA-N
Phosphatidylserine (dioctadec-11-enoyl, n-C18:1)	CCCCCCC=CCCCCCCCCCC(=O)OCC(COP(=O)([O-])OCCNC(=O)[O-])OC(=O)CCCCCCCCCC=CCCCCCC	HVKLZHWMYVEHMK-UHFFFAOYSA-L
Phosphatidylserine (dioctadecanoyl, n-C18:0)	CCCCCCCCCCCCCCCCCC(=O)OC[C@H](COP(=O)(O)OC[C@H](N)C(=O)O)OC(=O)CCCCCCCCCCCCCCCCC	TZCPCKNHXULUIY-RGULYWFUSA-N
Phosphatidylserine (ditetradec-7-enoyl, n-C14:1)	CCCCCCC=CCCCCCC(=O)OCC(COP(=O)([O-])OCCNC(=O)[O-])OC(=O)CCCCCC=CCCCCCC	HKOAHGRIQZVGSE-UHFFFAOYSA-L
Phosphatidylserine (ditetradecanoyl, n-C14:0)	CCCCCCCCCCCCCC(=O)OCC(COP(=O)([O-])OCCNC(=O)[O-])OC(=O)CCCCCCCCCCCCC	VDYJQKFGBJGFHI-UHFFFAOYSA-L
Phospho-heptosyl-heptosyl-kdo2-lipidA	CCCCCCCCCCCCCC(=O)O[C@H](CCCCCCCCCCC)CC(=O)O[C@H]1[C@H](OP(=O)([O-])[O-])[C@@H](CO[C@]2(C(=O)[O-])C[C@@H](O[C@]3(C(=O)[O-])C[C@@H](O)[C@@H](O)[C@@H]([C@H](O)CO)O3)[C@@H](O[C@H]3O[C@H]([C@@H](O)CO)[C@@H](O)[C@H](O[C@@H]4O[C@H]([C@H](O)CO)[C@@H](OP(=O)([O-])[O-])[C@H](O)[C@@H]4O)[C@@H]3O)[C@@H]([C@H](O)CO)O2)O[C@@H](OC[C@H]2O[C@H](OP(=O)([O-])[O-])[C@H](NC(=O)C[C@H](O)CCCCCCCCCCC)[C@@H](OC(=O)C[C@H](O)CCCCCCCCCCC)[C@@H]2O)[C@@H]1NC(=O)C[C@@H](CCCCCCCCCCC)OC(=O)CCCCCCCCCCC	XNYUHCDJIRFEJF-NWMLCVCTSA-F
Phospho-heptosyl-phospho-heptosyl-heptosyl-kdo2-lipidA	CCCCCCCCCCCCCC(=O)O[C@H](CCCCCCCCCCC)CC(=O)O[C@H]1[C@H](OP(=O)([O-])[O-])[C@@H](CO[C@]2(C(=O)[O-])C[C@@H](O[C@]3(C(=O)[O-])C[C@@H](O)[C@@H](O)[C@@H]([C@H](O)CO)O3)[C@@H](O[C@H]3O[C@H]([C@@H](O)CO)[C@@H](OP(=O)([O-])[O-])[C@H](O[C@@H]4O[C@H]([C@H](O)CO[C@H]5O[C@H]([C@@H](O)CO)[C@@H](O)[C@H](O)[C@@H]5O)[C@@H](OP(=O)([O-])[O-])[C@H](O)[C@@H]4O)[C@@H]3O)[C@@H]([C@H](O)CO)O2)O[C@@H](OC[C@H]2O[C@H](OP(=O)([O-])[O-])[C@H](NC(=O)C[C@H](O)CCCCCCCCCCC)[C@@H](OC(=O)C[C@H](O)CCCCCCCCCCC)[C@@H]2O)[C@@H]1NC(=O)C[C@@H](CCCCCCCCCCC)OC(=O)CCCCCCCCCCC	MVYTXVAKEAWEGM-IMFBCOJGSA-D
Phosphoenolpyruvate	C=C(OP(=O)([O-])[O-])C(=O)[O-]	DTBNBXWJWCWCIK-UHFFFAOYSA-K
Phosphoethanolamine KDO(2)-lipid (A)	CCCCCCCCCCCCCC(=O)O[C@H](CCCCCCCCCCC)CC(=O)O[C@H]1[C@H](OP(=O)([O-])[O-])[C@@H](CO[C@]2(C(=O)[O-])C[C@@H](O[C@]3(C(=O)[O-])C[C@@H](O)[C@@H](O)[C@@H]([C@@H](CO)OP(=O)([O-])OCC[NH3+])O3)[C@@H](O)[C@@H]([C@H](O)CO)O2)O[C@@H](OC[C@H]2O[C@H](OP(=O)([O-])[O-])[C@H](NC(=O)C[C@H](O)CCCCCCCCCCC)[C@@H](OC(=O)C[C@H](O)CCCCCCCCCCC)[C@@H]2O)[C@@H]1NC(=O)C[C@@H](CCCCCCCCCCC)OC(=O)CCCCCCCCCCC	GSHAAWZSAOJXLM-RQBQWGHISA-H
Phosphonate	O=[PH]([O-])[O-]	ABLZXFCXXLZCGV-UHFFFAOYSA-L
Phosphotyrosine	[NH3+][C@@H](Cc1ccc(OP(=O)([O-])[O-])cc1)C(=O)[O-]	DCWXELXMIBXGTH-QMMMGPOBSA-L
Porphobilinogen	[NH3+]Cc1[nH]cc(CCC(=O)[O-])c1CC(=O)[O-]	QSHWIQZFGQKFMA-UHFFFAOYSA-M
Potassium	[K+]	NPYPAHLBTDXSSS-UHFFFAOYSA-N
Prephenate	O=C([O-])C(=O)C[C@]1(C(=O)[O-])C=C[C@@H](O)C=C1	FPWMCUPFBRFMLH-XGAOUMNUSA-L
Propanal	CCC=O	NBBJYMSMWIIQGU-UHFFFAOYSA-N
Propanoyl phosphate	CCC(=O)OP(=O)([O-])[O-]	FMNMEQSRDWIBFO-UHFFFAOYSA-L
Propanoyl-CoA	CCC(=O)SCCNC(=O)CCNC(=O)[C@H](O)C(C)(C)COP(=O)([O-])OP(=O)([O-])OC[C@H]1O[C@@H](n2cnc3c(N)ncnc32)[C@H](O)[C@@H]1OP(=O)([O-])[O-]	QAQREVBBADEHPA-IEXPHMLFSA-J
Propenoyl-CoA	C=CC(=O)SCCNC(=O)CCNC(=O)[C@H](O)C(C)(C)COP(=O)([O-])OP(=O)([O-])OC[C@H]1O[C@@H](n2cnc3c(N)ncnc32)[C@H](O)[C@@H]1OP(=O)([O-])[O-]	POODSGUMUCVRTR-IEXPHMLFSA-J
Protein disulfide isomerase II (oxidized)	[*]	
Protein disulfide isomerase II (reduced)	[*]	
Protoheme	C=CC1=C(C)C2=Cc3c(C=C)c(C)c4n3[Fe-2]35n6c(c(C)c(CCC(=O)[O-])c6=CC6=[N+]3C(=C4)C(C)=C6CCC(=O)[O-])=CC1=[N+]25	KABFMIBPWCXCRK-RGGAHWMASA-J
Protoporphyrin	C=CC1=C(C)c2cc3[n-]c(cc4nc(cc5[n-]c(cc1n2)c(C)c5CCC(=O)O)C(CCC(=O)O)=C4C)c(C)c3C=C	PRFMATRBBQRQBM-UJJXFSCMSA-L
Protoporphyrinogen	C=Cc1c2[nH]c(c1C)Cc1[nH]c(c(CCC(=O)[O-])c1C)Cc1[nH]c(c(C)c1CCC(=O)[O-])Cc1[nH]c(c(C)c1C=C)C2	UHSGPDMIQQYNAX-UHFFFAOYSA-L
Psicoselysine	[NH3+][C@@H](CCCC[NH2+]CC(=O)[C@H](O)[C@H](O)[C@H](O)CO)C(=O)[O-]	BFSYFTQDGRDJNV-CDEVMZEPSA-O
Putrescine	[NH3+]CCCC[NH3+]	KIDHWZJUCRJVML-UHFFFAOYSA-P
Pyridoxal	Cc1ncc(CO)c(C=O)c1O	RADKZDMFGJYCBB-UHFFFAOYSA-N
Pyridoxal 5'-phosphate	Cc1ncc(COP(=O)([O-])[O-])c(C=O)c1O	NGVDGCNFYWLIFO-UHFFFAOYSA-L
Pyridoxamine	Cc1ncc(CO)c(C[NH3+])c1O	NHZMQXZHNVQTQA-UHFFFAOYSA-O
Pyridoxamine 5'-phosphate	Cc1ncc(COP(=O)([O-])[O-])c(C[NH3+])c1O	ZMJGSOSNSPKHNH-UHFFFAOYSA-M
Pyridoxine	Cc1ncc(CO)c(CO)c1O	LXNHXLLTXMVWPM-UHFFFAOYSA-N
Pyridoxine 5'-phosphate	Cc1ncc(COP(=O)([O-])[O-])c(CO)c1O	WHOMFKWHIQZTHY-UHFFFAOYSA-L
Pyruvate	CC(=O)C(=O)[O-]	LCTONWCANYUPML-UHFFFAOYSA-M
Quinate	O=C([O-])[C@]1(O)C[C@@H](O)[C@@H](O)[C@H](O)C1	AAWZDTNXLSGCEK-WYWMIBKRSA-M
Quinolinate	O=C([O-])c1cccnc1C(=O)[O-]	GJAWHXHKYYXBSV-UHFFFAOYSA-L
Reduced	Cc1cc2c(cc1C)N(C[C@H](O)[C@H](O)[C@H](O)COP(=O)([O-])[O-])c1[n-]c(=O)[nH]c(=O)c1N2	PFFFVMLSJAOGEY-SCRDCRAPSA-K
Reduced glutathione	[NH3+][C@@H](CCC(=O)N[C@@H](CS)C(=O)NCC(=O)[O-])C(=O)[O-]	RWSXRVCMGQZWBV-WDSKDSINSA-M
Reduced riboflavin	Cc1cc2c(cc1C)N(C[C@H](O)[C@H](O)[C@H](O)CO)C1=NC(=O)NC(=O)C1N2	UTKDOUCGQVLJIN-PIGZVRMJSA-N
Rhamanosyl-N-acetylglucosamyl-undecaprenyl diphosphate	CC(=O)NC1C(OP(=O)([O-])OP(=O)([O-])OC/C=C(\C)CC/C=C(\C)CC/C=C(\C)CC/C=C(\C)CC/C=C(\C)CC/C=C(\C)CC/C=C(\C)CC/C=C(\C)CC/C=C(\C)CC/C=C(\C)CCC=C(C)C)OC(CO)C(O)C1OC1OC(C)C(O)C(O)C1O	ORYXFVQODWYDMG-JXWMOMLFSA-L
Riboflavin	Cc1cc2nc3c(=O)[n-]c(=O)nc-3n(C[C@H](O)[C@H](O)[C@H](O)CO)c2cc1C	AUNGANRZJHBGPY-SCRDCRAPSA-M
Rifampin	CO[C@H]1/C=C/O[C@@]2(C)Oc3c(C)c([O-])c4c(O)c(c(/C=N/N5CC[NH+](C)CC5)c(O)c4c3C2=O)NC(=O)/C(C)=C\C=C\[C@H](C)[C@H](O)[C@@H](C)[C@@H](O)[C@@H](C)[C@H](OC(C)=O)[C@@H]1C	JQXXHWHPUNPDRT-WLSIYKJHSA-N
S-Adenosyl-4-methylthio-2-oxobutanoate	C[S+](CCC(=O)C(=O)[O-])C[C@H]1O[C@@H](n2cnc3c(N)ncnc32)[C@H](O)[C@@H]1O	UOKVQQMBGVMXPU-CJPDYEHRSA-N
S-Adenosyl-L-homocysteine	Nc1ncnc2c1ncn2[C@@H]1O[C@H](CSCC[C@H]([NH3+])C(=O)[O-])[C@@H](O)[C@H]1O	ZJUKTBDSGOFHSH-WFMPWKQPSA-N
S-Adenosyl-L-methionine	C[S@@+](CC[C@H](N)C(=O)O)C[C@H]1O[C@@H](n2cnc3c(N)ncnc32)[C@H](O)[C@@H]1O	MEFKEPWMEQBLKI-FCKMPRQPSA-O
S-Adenosylmethioninamine	C[S+](CCC[NH3+])C[C@H]1O[C@@H](n2cnc3c(N)ncnc32)[C@H](O)[C@@H]1O	ZUNBITIXDCPNSD-LSRJEVITSA-O
S-Formylglutathione	[NH3+][C@@H](CCC(=O)N[C@@H](CSC=O)C(=O)NCC(=O)[O-])C(=O)[O-]	FHXAGOICBFGEBF-BQBZGAKWSA-M
S-Methyl-L-methionine	C[S+](C)CC[C@H]([NH3+])C(=O)[O-]	YDBYJHTYSHBBAU-YFKPBYRVSA-O
S-Ribosyl-L-homocysteine	N[C@@H](CCSC[C@H]1O[C@@H](O)[C@H](O)[C@@H]1O)C(=O)O	IQFWYNFDWRYSRA-OEQWSMLSSA-N
Sarcosine	C[NH2+]CC(=O)[O-]	FSYKKLYZXJSNPZ-UHFFFAOYSA-N
Sedoheptulose 1,7-bisphosphate	O=C(COP(=O)([O-])[O-])[C@@H](O)[C@H](O)[C@H](O)[C@H](O)COP(=O)([O-])[O-]	OKHXOUGRECCASI-SHUUEZRQSA-J
Sedoheptulose 7-phosphate	O=C(CO)[C@@H](O)[C@H](O)[C@H](O)[C@H](O)COP(=O)([O-])[O-]	JDTUMPKOJBQPKX-GBNDHIKLSA-L
Selenate	O=[Se](=O)([O-])[O-]	QYHFIVBSNOWOCQ-UHFFFAOYSA-L
Selenide	[Se-2]	HMUBNCUQSSTAIB-UHFFFAOYSA-N
Selenite	O=[Se]([O-])[O-]	MCAHWIHFGHIESP-UHFFFAOYSA-L
Selenodiglutathione	[NH3+][C@@H](CCC(=O)N[C@@H](CS[Se]SC[C@H](NC(=O)CC[C@H]([NH3+])C(=O)[O-])C(=O)NCC(=O)[O-])C(=O)NCC(=O)[O-])C(=O)[O-]	GJEZZQVPWMCGSB-BJDJZHNGSA-L
Selenophosphate	[O-]P([O-])([O-])=[Se]	JRPHGDYSKGJTKZ-UHFFFAOYSA-K
Shikimate	O=C([O-])C1=C[C@@H](O)[C@@H](O)[C@H](O)C1	JXOHGGNKMLTUBP-HSUXUTPPSA-M
Shikimate 5-phosphate	O=C([O-])C1=C[C@@H](OP(=O)([O-])[O-])[C@@H](O)[C@H](O)C1	QYOJSKGCWNAKGW-PBXRRBTRSA-K
Silver	[Ag+]	FOIXSVOLVBLSDH-UHFFFAOYSA-N
Siroheme	C[C@@]1(CC(=O)[O-])C2=CC3=[N+]4C(=Cc5c(CCC(=O)[O-])c(CC(=O)[O-])c6n5[Fe-2]45N2C(=CC2=[N+]5C(=C6)[C@@H](CCC(=O)[O-])[C@]2(C)CC(=O)[O-])[C@H]1CCC(=O)[O-])C(CCC(=O)[O-])=C3CC(=O)[O-]	DLKSSIHHLYNIKN-QIISWYHFSA-D
Sirohydrochlorin	C[C@@]1(CC(=O)[O-])c2cc3[nH]c(cc4nc(cc5[nH]c(cc(n2)[C@H]1CCC(=O)[O-])[C@@](C)(CC(=O)[O-])[C@@H]5CCC(=O)[O-])C(CC(=O)[O-])=C4CCC(=O)[O-])c(CCC(=O)[O-])c3CC(=O)[O-]	KWIZRXMMFRBUML-AHGFGAHVSA-F
Sn-Glycero-3-phospho-1-inositol	O=P([O-])(OC[C@H](O)CO)O[C@H]1[C@H](O)[C@@H](O)[C@H](O)[C@@H](O)[C@H]1O	BMVUIWJCUQSHLZ-UJGXJMNGSA-M
Sn-Glycero-3-phosphocholine	C[N+](C)(C)CCOP(=O)([O-])OC[C@H](O)CO	SUHOQUVVVLNYQR-MRVPVSSYSA-N
Sn-Glycero-3-phosphoethanolamine	NCCOP(=O)(O)OC[C@@H](O)CO	JZNWSCPGTDBMEW-YFKPBYRVSA-N
Sodium	[Na+]	FKNQFGJONOIPTF-UHFFFAOYSA-N
Spermidine	[NH3+]CCCC[NH2+]CCC[NH3+]	ATHGHQPFGPMSJY-UHFFFAOYSA-Q
Stearoyl-CoA (n-C18:0CoA)	CCCCCCCCCCCCCCCCCC(=O)SCCNC(=O)CCNC(=O)[C@H](O)C(C)(C)COP(=O)([O-])OP(=O)([O-])OC[C@H]1O[C@@H](n2cnc3c(N)ncnc32)[C@H](O)[C@@H]1OP(=O)([O-])[O-]	SIARJEKBADXQJG-LFZQUHGESA-J
Succinate	O=C([O-])CCC(=O)[O-]	KDYFGRWQOYBRFD-UHFFFAOYSA-L
Succinic semialdehyde	O=CCCC(=O)[O-]	UIUJIQZEACWQSV-UHFFFAOYSA-M
Succinyl-CoA	CC(C)(COP(=O)([O-])OP(=O)([O-])OC[C@H]1O[C@@H](n2cnc3c(N)ncnc32)[C@H](O)[C@@H]1OP(=O)([O-])[O-])[C@@H](O)C(=O)NCCC(=O)NCCSC(=O)CCC(=O)[O-]	VNOYUJKHFWYWIR-ITIYDSSPSA-I
Sucrose	OC[C@H]1O[C@H](O[C@]2(CO)O[C@H](CO)[C@@H](O)[C@@H]2O)[C@H](O)[C@@H](O)[C@@H]1O	CZMRCDWAGMRECN-UGDNZRGBSA-N
Sucrose 6-phosphate	O=P([O-])([O-])OC[C@H]1O[C@@](CO)(O[C@H]2O[C@H](CO)[C@@H](O)[C@H](O)[C@H]2O)[C@@H](O)[C@@H]1O	PJTTXANTBQDXME-UGDNZRGBSA-L
Sulfate	O=S(=O)([O-])[O-]	QAOWNCQODCNURD-UHFFFAOYSA-L
Sulfite	O=[SH](=O)O	BDHFUVZGWQCTTF-UHFFFAOYSA-N
Sulfoacetate	O=C([O-])CS(=O)(=O)[O-]	AGGIJOLULBJGTQ-UHFFFAOYSA-L
Sulfur dioxide	O=S=O	RAHZWNYVWXNFOC-UHFFFAOYSA-N
Superoxide anion	[O]O	OUUQCZGPVNCOIJ-UHFFFAOYSA-N
TRNA (Glu)	[*]OP(=O)([O-])OC[C@H]1O[C@@H](n2ccc(N)nc2=O)[C@H](O)[C@@H]1OP(=O)([O-])OC[C@H]1O[C@@H](n2ccc(N)nc2=O)[C@H](O)[C@@H]1OP(=O)([O-])OC[C@H]1O[C@@H](n2cnc3c(N)ncnc32)[C@H](O)[C@@H]1O	
Taurine	[NH3+]CCS(=O)(=O)[O-]	XOAAWQZATWQOTB-UHFFFAOYSA-N
Tetracycline	C[NH+](C)[C@@H]1C([O-])=C(C(N)=O)C(=O)[C@@]2(O)C(O)=C3C(=O)c4c(O)cccc4[C@@](C)(O)[C@H]3C[C@@H]12	OFVLGDICTFRJMM-WESIUVDSSA-N
Tetradecanoyl-CoA (n-C14:0CoA)	CCCCCCCCCCCCCC(=O)SCCNC(=O)CCNC(=O)[C@H](O)C(C)(C)COP(=O)([O-])OP(=O)([O-])OC[C@H]1O[C@@H](n2cnc3c(N)ncnc32)[C@H](O)[C@@H]1OP(=O)([O-])[O-]	DUAFKXOFBZQTQE-QSGBVPJFSA-J
Tetradecenoyl-CoA (n-C14:1CoA)	CCCCCCC=CCCCCCC(=O)SCCNC(=O)CCNC(=O)[C@H](O)C(C)(C)COP(=O)([O-])OP(=O)([O-])OC[C@H]1O[C@@H](n2cnc3c(N)ncnc32)[C@H](O)[C@@H]1OP(=O)([O-])[O-]	JPIHVKICKVPFFY-QSGBVPJFSA-J
Tetrahydromonapterin	Nc1nc2c(c(=O)[nH]1)NC([C@H](O)[C@@H](O)CO)CN2	XHIXPVCTDRNTTC-YQVKZWHSSA-N
Thiamin	Cc1ncc(C[n+]2csc(CCO)c2C)c(N)n1.[Cl-]	MYVIATVLJGTBFV-UHFFFAOYSA-M
Thiamin monophosphate	Cc1ncc(C[n+]2csc(CCOP(=O)([O-])[O-])c2C)c(N)n1	HZSAJDVWZRBGIF-UHFFFAOYSA-M
Thiamine diphosphate	Cc1ncc(C[n+]2csc(CCOP(=O)([O-])OP(=O)([O-])[O-])c2C)c(N)n1	AYEKOFBPNLCAJY-UHFFFAOYSA-L
Thiocyanate	N#C[S-]	ZMZDMBWJUHKJPS-UHFFFAOYSA-M
Thiosulfate	O=S(=O)([O-])S	DHCDFWKWKRSZHF-UHFFFAOYSA-M
Three disacharide linked murein units (pentapeptide crosslinked tetrapeptide (A2pm->D-ala) tetrapeptide corsslinked tetrapeptide (A2pm->D-ala)) (middle of chain)	CC(=O)NC1=COC(CO)C2OC3OC(CO)C(OC4OC(CO)C5OC6OC(CO)C(OC7OC(CO)C(OC8OC(CO)C(O)C(O)C8NC(C)=O)C(OC(C)C(=O)NC(C)C(=O)NC(CCC(=O)O)C(=O)NC(CCCC(N)C(=O)O)C(=O)NC(C)C(=O)NC(C(=O)O)CCCC(NC(=O)C(CCC(=O)O)NC(=O)C(C)NC(=O)C(C)OC5C4NC(C)=O)C(=O)NC(C)C(=O)NC(C(=O)O)CCCC(C(=O)NC(C)C(=O)NC(C)C(=O)O)NC(=O)C(CCC(=O)O)NC(=O)C(C)NC(=O)C(C)OC12)C7NC(C)=O)C(O)C6NC(C)=O)C(O)C3NC(C)=O	UVVIMBIDZMDRCG-UHFFFAOYSA-N
Three disacharide linked murein units (tetrapeptide crosslinked tetrapeptide (A2pm->D-ala), one uncrosslinked tetrapaptide) (middle of chain)	CC(=O)NC1=COC(CO)C2OC3OC(CO)C(OC4OC(CO)C(OC5OC(CO)C(OC6OC(CO)C(OC7OC(CO)C(O)C(O)C7NC(C)=O)C(OC(C)C(=O)NC(C)C(=O)NC(CCC(=O)[O-])C(=O)NC(CCCC([NH3+])C(=O)[O-])C(=O)NC(C)C(=O)[O-])C6NC(C)=O)C(O)C5NC(C)=O)C(OC(C)C(=O)NC(C)C(=O)NC(CCC(=O)[O-])C(=O)NC(CCCC([NH3+])C(=O)[O-])C(=O)NC(C)C(=O)NC(C(=O)[O-])CCCC(C(=O)NC(C)C(=O)[O-])NC(=O)C(CCC(=O)[O-])NC(=O)C(C)NC(=O)C(C)OC12)C4NC(C)=O)C(O)C3NC(C)=O	NPJMJVATSCHTAI-UHFFFAOYSA-H
Thymidine	Cc1cn([C@H]2C[C@H](O)[C@@H](CO)O2)c(=O)[nH]c1=O	IQFYYKKMVGJFEH-XLPZGREQSA-N
Thymine	Cc1c[nH]c(=O)[nH]c1=O	RWQNBRDOKXIBIV-UHFFFAOYSA-N
Trans-3-cis-5-dodecenoyl-[acyl-carrier protein]	CCCCCC/C=C/C=CCC(=O)SCCNC(=O)CCNC(=O)C(O)C(C)(C)COP(=O)([O-])O[*]	
Trans-3-cis-7-myristoleoyl-[acyl-carrier protein]	CCCCCCC=CCCC=CCC(=O)SCCNC(=O)CCNC(=O)C(O)C(C)(C)COP(=O)([O-])O[*]	
Trans-Aconitate	O=C([O-])C=C(CC(=O)[O-])C(=O)[O-]	GTZCVFVGUGFEME-UHFFFAOYSA-K
Trans-Cinnamate	O=C(O)/C=C\c1ccccc1	WBYWAXJHAXSJNI-SREVYHEPSA-N
Trans-Dec-2-enoyl-CoA	CCCCCCC/C=C/C(=O)SCCNC(=O)CCNC(=O)[C@H](O)C(C)(C)COP(=O)([O-])OP(=O)([O-])OC[C@H]1O[C@@H](n2cnc3c(N)ncnc32)[C@H](O)[C@@H]1OP(=O)([O-])[O-]	MGNBGCRQQFMNBM-YJHHLLFWSA-J
Trans-Dec-2-enoyl-[acyl-carrier protein]	CCCCCCC/C=C/C(=O)S[*]	
Trans-Dodec-2-enoyl-CoA	CCCCCCCCC/C=C/C(=O)SCCNC(=O)CCNC(=O)[C@H](O)C(C)(C)COP(=O)([O-])OP(=O)([O-])OC[C@H]1O[C@@H](n2cnc3c(N)ncnc32)[C@H](O)[C@@H]1OP(=O)([O-])[O-]	IRFYVBULXZMEDE-DEEZISNZSA-J
Trans-Dodec-2-enoyl-[acyl-carrier protein]	CCCCCCCCC/C=C/C(=O)S[*]	
Trans-Hex-2-enoyl-CoA	CCC/C=C/C(=O)SCCNC(=O)CCNC(=O)[C@H](O)C(C)(C)COP(=O)([O-])OP(=O)([O-])OC[C@H]1O[C@@H](n2cnc3c(N)ncnc32)[C@H](O)[C@@H]1OP(=O)([O-])[O-]	OINXHIBNZUUIMR-IXUYQXAASA-J
Trans-Hex-2-enoyl-[acyl-carrier protein]	CCC/C=C/C(=O)S[*]	
Trans-Hexadec-2-enoyl-CoA	CCCCCCCCCCCCC/C=C/C(=O)SCCNC(=O)CCNC(=O)[C@H](O)C(C)(C)COP(=O)([O-])OP(=O)([O-])OC[C@H]1O[C@@H](n2cnc3c(N)ncnc32)[C@H](O)[C@@H]1OP(=O)([O-])[O-]	JUPAQFRKPHPXLD-MSHHSVQMSA-J
Trans-Hexadec-2-enoyl-[acyl-carrier protein]	CCCCCCCCCCCCC/C=C/C(=O)S[*]	
Trans-Oct-2-enoyl-CoA	CCCCC/C=C/C(=O)SCCNC(=O)CCNC(=O)[C@H](O)C(C)(C)COP(=O)([O-])OP(=O)([O-])OC[C@H]1O[C@@H](n2cnc3c(N)ncnc32)[C@H](O)[C@@H]1OP(=O)([O-])[O-]	CPSDNAXXKWVYIY-NTLMCJQISA-J
Trans-Octadec-2-enoyl-CoA	CCCCCCCCCCCCCCC/C=C/C(=O)SCCNC(=O)CCNC(=O)[C@H](O)C(C)(C)COP(=O)([O-])OP(=O)([O-])OC[C@H]1O[C@@H](n2cnc3c(N)ncnc32)[C@H](O)[C@@H]1OP(=O)([O-])[O-]	NBCCUIHOHUKBMK-ZDDAFBBHSA-J
Trans-Tetradec-2-enoyl-CoA	CCCCCCCCCCC/C=C/C(=O)SCCNC(=O)CCNC(=O)[C@H](O)C(C)(C)COP(=O)([O-])OP(=O)([O-])OC[C@H]1O[C@@H](n2cnc3c(N)ncnc32)[C@H](O)[C@@H]1OP(=O)([O-])[O-]	MBCVYCOKMMMWLX-YYMFEJJQSA-J
Trans-Tetradec-2-enoyl-[acyl-carrier protein]	CCCCCCCCCCC/C=C/C(=O)S[*]	
Trans-octadec-2-enoyl-[acyl-carrier protein]	CCCCCCCCCCCCCCC/C=C/C(=O)S[*]	
Trehalose	OC[C@H]1O[C@H](O[C@H]2O[C@H](CO)[C@@H](O)[C@H](O)[C@H]2O)[C@H](O)[C@@H](O)[C@@H]1O	HDTRYLNUVZCQOY-LIZSDCNHSA-N
Trimethylamine	C[NH+](C)C	GETQZCLCWQTVFV-UHFFFAOYSA-O
Trimethylamine N-oxide	C[N+](C)(C)[O-]	UYPYRKYUKCHHIB-UHFFFAOYSA-N
Tungstate	O=[W](=O)([O-])O	QGUPUDUDXSOSNF-UHFFFAOYSA-M
Two disacharide linked murein units, pentapeptide corsslinked tripeptide (A2pm->A2pm) (middle of chain)	CC(=O)NC1=COC(CO)C2OC3OC(CO)C(OC4OC(CO)C(OC5OC(CO)C(O)C(O)C5NC(C)=O)C(OC(C)C(=O)NC(C)C(=O)NC(CCC(=O)[O-])C(=O)NC(CCCC([NH3+])C(=O)[O-])C(=O)NC(C(=O)[O-])CCCC(C(=O)NC(C)C(=O)NC(C)C(=O)[O-])NC(=O)C(CCC(=O)[O-])NC(=O)C(C)NC(=O)C(C)OC12)C4NC(C)=O)C(O)C3NC(C)=O	NWXIFLQOGBWFMT-UHFFFAOYSA-J
Two disacharide linked murein units, pentapeptide crosslinked tetrapeptide (A2pm->D-ala) (middle of chain)	CC(=O)NC1=COC(CO)C2OC3OC(CO)C(OC4OC(CO)C(OC5OC(CO)C(O)C(O)C5NC(C)=O)C(OC(C)C(=O)NC(C)C(=O)NC(CCC(=O)O)C(=O)NC(CCCC(N)C(=O)O)C(=O)NC(C)C(=O)NC(C(=O)O)CCCC(C(=O)NC(C)C(=O)NC(C)C(=O)O)NC(=O)C(CCC(=O)O)NC(=O)C(C)NC(=O)C(C)OC12)C4NC(C)=O)C(O)C3NC(C)=O	NQXCJQVWBSGGNW-UHFFFAOYSA-N
Two disacharide linked murein units, tripeptide crosslinked tetrapeptide (A2pm->D-ala) (middle of chain)	CC(=O)NC1=COC(CO)C2OC3OC(CO)C(OC4OC(CO)C(OC5OC(CO)C(O)C(O)C5NC(C)=O)C(OC(C)C(=O)NC(C)C(=O)NC(CCC(=O)[O-])C(=O)NC(CCCC(N)C(=O)[O-])C(=O)NC(C)C(=O)NC(C(=O)[O-])CCCC(C(=O)O)NC(=O)C(CCC(=O)[O-])NC(=O)C(C)NC(=O)C(C)OC12)C4NC(C)=O)C(O)C3NC(C)=O	LOVDDQLBOGPFKC-UHFFFAOYSA-J
Two disacharide linked murein units, tripeptide crosslinked tripeptide (A2pm->A2pm) (middle of chain)	CC(=O)NC1=COC(CO)C2OC3OC(CO)C(OC4OC(CO)C(OC5OC(CO)C(O)C(O)C5NC(C)=O)C(OC(C)C(=O)NC(C)C(=O)NC(CCC(=O)O)C(=O)NC(CCCC(N)C(=O)O)C(=O)NC(C(=O)O)CCCC(C(=O)O)NC(=O)C(CCC(=O)O)NC(=O)C(C)NC(=O)C(C)OC12)C4NC(C)=O)C(O)C3NC(C)=O	IYFHCENFVZTZLO-UHFFFAOYSA-N
Tyramine	[NH3+]CCc1ccc(O)cc1	DZGWFCGJZKJUFP-UHFFFAOYSA-O
UDP	O=c1ccn([C@@H]2O[C@H](COP(=O)([O-])OP(=O)([O-])[O-])[C@@H](O)[C@H]2O)c(=O)[nH]1	XCCTYIAWTASOJW-XVFCMESISA-K
UDP-2,3-bis(3-hydroxytetradecanoyl)glucosamine	CCCCCCCCCCC[C@@H](O)CC(=O)N[C@H]1[C@@H](OP(=O)([O-])OP(=O)([O-])OC[C@H]2O[C@@H](n3ccc(=O)[nH]c3=O)[C@H](O)[C@@H]2O)O[C@H](CO)[C@@H](O)[C@@H]1OC(=O)C[C@H](O)CCCCCCCCCCC	KOJCFMYSTWNMQW-RUAJDYCTSA-L
UDP-3-O-(3-hydroxytetradecanoyl)-D-glucosamine	CCCCCCCCCCC[C@@H](O)CC(=O)O[C@H]1[C@H](O)[C@@H](CO)O[C@H](OP(=O)([O-])OP(=O)([O-])OC[C@H]2O[C@@H](n3ccc(=O)[nH]c3=O)[C@H](O)[C@@H]2O)[C@@H]1[NH3+]	ZFPNNOXCEDQJQS-SSVOXRMNSA-M
UDP-3-O-(3-hydroxytetradecanoyl)-N-acetylglucosamine	CCCCCCCCCCC[C@@H](O)CC(=O)O[C@H]1[C@H](O)[C@@H](CO)O[C@H](OP(=O)([O-])OP(=O)([O-])OC[C@H]2O[C@@H](n3ccc(=O)[nH]c3=O)[C@H](O)[C@@H]2O)[C@@H]1NC(C)=O	TZSJGZGYQDNRRX-MPLCHSTDSA-L
UDP-4-keto-pyranose	O=C1CO[C@H](OP(=O)([O-])OP(=O)([O-])OC[C@H]2O[C@@H](n3ccc(=O)[nH]c3=O)[C@H](O)[C@@H]2O)[C@H](O)[C@H]1O	URJZIQLTPCJVMW-QNSCKLTRSA-L
UDP-D-galacto-1,4-furanose	O=c1ccn([C@@H]2O[C@H](COP(=O)([O-])OP(=O)([O-])O[C@H]3O[C@@H]([C@H](O)CO)[C@H](O)[C@H]3O)[C@@H](O)[C@H]2O)c(=O)[nH]1	ZQLQOXLUCGXKHS-SIAUPFDVSA-L
UDP-D-glucuronate	O=C([O-])[C@H]1O[C@H](OP(=O)([O-])OP(=O)([O-])OC[C@H]2O[C@@H](n3ccc(=O)[nH]c3=O)[C@H](O)[C@@H]2O)[C@H](O)[C@@H](O)[C@@H]1O	HDYANYHVCAPMJV-LXQIFKJMSA-K
UDP-N-acetyl-3-O-(1-carboxyvinyl)-D-glucosamine	C=C(O[C@H]1[C@H](O)[C@@H](CO)O[C@H](OP(=O)([O-])OP(=O)([O-])OC[C@H]2O[C@@H](n3ccc(=O)[nH]c3=O)[C@H](O)[C@@H]2O)[C@@H]1NC(C)=O)C(=O)[O-]	BEGZZYPUNCJHKP-DBYWSUQTSA-K
UDP-N-acetyl-D-galactosamine	CC(=O)N[C@H]1C(OP(=O)(O)OP(=O)(O)OC[C@H]2O[C@@H](n3ccc(=O)nc3=O)[C@H](O)[C@@H]2O)O[C@H](CO)[C@H](O)[C@@H]1O	LFTYTUAZOPRMMI-LDDHHVEYSA-N
UDP-N-acetyl-D-glucosamine	CC(=O)N[C@H]1[C@@H](OP(=O)([O-])OP(=O)([O-])OC[C@H]2O[C@@H](n3ccc(=O)[nH]c3=O)[C@H](O)[C@@H]2O)O[C@H](CO)[C@@H](O)[C@@H]1O	LFTYTUAZOPRMMI-CFRASDGPSA-L
UDP-N-acetyl-D-mannosamine	CC(=O)N[C@@H]1[C@@H](OP(=O)([O-])OP(=O)([O-])OC[C@H]2O[C@@H](n3ccc(=O)[nH]c3=O)[C@H](O)[C@@H]2O)O[C@H](CO)[C@@H](O)[C@@H]1O	LFTYTUAZOPRMMI-ZYQOOJPVSA-L
UDP-N-acetyl-D-mannosaminouronate	CC(=O)N[C@@H]1[C@@H](OP(=O)([O-])OP(=O)([O-])OC[C@H]2O[C@@H](n3ccc(=O)[nH]c3=O)[C@H](O)[C@@H]2O)O[C@H](C(=O)[O-])[C@@H](O)[C@@H]1O	DZOGQXKQLXAPND-XHUKORKBSA-K
UDP-N-acetylmuramate	CC(=O)N[C@H]1[C@@H](OP(=O)([O-])OP(=O)([O-])OC[C@H]2O[C@@H](n3ccc(=O)[nH]c3=O)[C@H](O)[C@@H]2O)O[C@H](CO)[C@@H](O)[C@@H]1O[C@H](C)C(=O)[O-]	NQBRVZNDBBMBLJ-MQTLHLSBSA-K
UDP-N-acetylmuramoyl-L-alanine	CC(=O)N[C@H]1[C@@H](OP(=O)([O-])OP(=O)([O-])OC[C@H]2O[C@@H](n3ccc(=O)[nH]c3=O)[C@H](O)[C@@H]2O)O[C@H](CO)[C@@H](O)[C@@H]1O[C@H](C)C(=O)N[C@@H](C)C(=O)[O-]	NTMMCWJNQNKACG-KBKUWGQMSA-K
UDP-N-acetylmuramoyl-L-alanyl-D-gamma-glutamyl-meso-2,6-diaminopimelate	CC(=O)N[C@H]1C(OP(=O)(O)OP(=O)(O)OC[C@H]2O[C@@H](n3ccc(=O)nc3=O)[C@H](O)[C@@H]2O)O[C@H](CO)[C@@H](O)[C@@H]1O[C@H](C)C(=O)N[C@@H](C)C(=O)N[C@H](CCC(=O)N[C@@H](CCC[C@@H](N)C(=O)O)C(=O)O)C(=O)O	QUHLBZKCGUXHGP-AJVQVANPSA-N
UDP-N-acetylmuramoyl-L-alanyl-D-gamma-glutamyl-meso-2,6-diaminopimelate-D-alanine	CC(=O)NC1C(OP(=O)([O-])OP(=O)([O-])OCC2OC(n3ccc(=O)[nH]c3=O)C(O)C2O)OC(CO)C(O)C1OC(C)C(=O)NC(C)C(=O)NC(CCC(=O)NC(CCCC(NC(=O)C(C)[NH3+])C(=O)[O-])C(=O)[O-])C(=O)[O-]	QKWIMSUVANLDFA-UHFFFAOYSA-J
UDP-N-acetylmuramoyl-L-alanyl-D-glutamate	CC(=O)N[C@H]1[C@@H](OP(=O)([O-])OP(=O)([O-])OC[C@H]2O[C@@H](n3ccc(=O)[nH]c3=O)[C@H](O)[C@@H]2O)O[C@H](CO)[C@@H](O)[C@@H]1O[C@H](C)C(=O)N[C@@H](C)C(=O)N[C@H](CCC(=O)[O-])C(=O)[O-]	OJZCATPXPWFLHF-HPUCEMLMSA-J
UDP-N-acetylmuramoyl-L-alanyl-D-glutamyl-meso-2,6-diaminopimeloyl-D-alanyl-D-alanine	CC(=O)N[C@H]1[C@@H](OP(=O)([O-])OP(=O)([O-])OC[C@H]2O[C@@H](n3ccc(=O)[nH]c3=O)[C@H](O)[C@@H]2O)O[C@H](CO)[C@@H](O)[C@@H]1O[C@H](C)C(=O)N[C@@H](C)C(=O)N[C@H](CCC(=O)N[C@@H](CCC[C@@H]([NH3+])C(=O)[O-])C(=O)N[C@H](C)C(=O)N[C@H](C)C(=O)[O-])C(=O)[O-]	IMWOXEZVYQDRDF-MCZXNMLPSA-J
UDPgalactose	O=c1ccn([C@@H]2O[C@H](COP(=O)([O-])OP(=O)([O-])O[C@H]3O[C@H](CO)[C@H](O)[C@H](O)[C@H]3O)[C@@H](O)[C@H]2O)c(=O)[nH]1	HSCJRCZFDFQWRP-ABVWGUQPSA-L
UDPglucose	O=c1ccn([C@@H]2O[C@H](COP(=O)([O-])OP(=O)([O-])O[C@H]3O[C@H](CO)[C@@H](O)[C@H](O)[C@H]3O)[C@@H](O)[C@H]2O)c(=O)[nH]1	HSCJRCZFDFQWRP-JZMIEXBBSA-L
UMP	O=c1ccn([C@@H]2O[C@H](COP(=O)([O-])[O-])[C@@H](O)[C@H]2O)c(=O)[nH]1	DJJCXFVJDGTHFX-XVFCMESISA-L
UTP	O=c1ccn([C@@H]2O[C@H](COP(=O)([O-])OP(=O)([O-])OP(=O)([O-])[O-])[C@@H](O)[C@H]2O)c(=O)[nH]1	PGAVKCOVUIYSFO-XVFCMESISA-J
Ubiquinol-8	COc1c(O)c(C)c(C/C=C(\C)CC/C=C(\C)CC/C=C(\C)CC/C=C(\C)CC/C=C(\C)CC/C=C(\C)CC/C=C(\C)CCC=C(C)C)c(O)c1OC	LOJUQFSPYHMHEO-SGHXUWJISA-N
Ubiquinone-8	COC1=C(OC)C(=O)C(C/C=C(\C)CC/C=C(\C)CC/C=C(\C)CC/C=C(\C)CC/C=C(\C)CC/C=C(\C)CC/C=C(\C)CCC=C(C)C)=C(C)C1=O	ICFIZJQGJAJRSU-SGHXUWJISA-N
Undecaprenyl diphosphate	CC(C)=CCCC(C)=CCCC(C)=CCCC(C)=CCCC(C)=CCCC(C)=CCCC(C)=CCCC(C)=CCCC(C)=CCCC(C)=CCCC(C)=CCOP(=O)(O)OP(=O)(O)O	NTXGVHCCXVHYCL-UHFFFAOYSA-N
Undecaprenyl diphospho N-acetyl-glucosamine	CC(=O)N[C@H]1[C@@H](OP(=O)([O-])OP(=O)([O-])OC/C=C(/C)CC/C=C(/C)CC/C=C(/C)CC/C=C(/C)CC/C=C(/C)CC/C=C(/C)CC/C=C(/C)CC/C=C(/C)CC/C=C(\C)CC/C=C(\C)CCC=C(C)C)O[C@H](CO)[C@@H](O)[C@@H]1O	NEVJGTXBHJNFAZ-JXCMATCVSA-L
Undecaprenyl phosphate	CC(C)=CCC/C(C)=C/CC/C(C)=C/CC/C(C)=C/CC/C(C)=C/CC/C(C)=C/CC/C(C)=C/CC/C(C)=C/CC/C(C)=C/CC/C(C)=C/CC/C(C)=C/COP(=O)([O-])[O-]	UFPHFKCTOZIAFY-RDQGWRCRSA-L
Undecaprenyl phosphate-4-amino-4-deoxy-L-arabinose	CC(C)=CCCC(C)=CCCC(C)=CCCC(C)=CCCC(C)=CCCC(C)=CCCC(C)=CCCC(C)=CCCC(C)=CCCC(C)=CCCC(C)=CCOP(=O)([O-])OC1OCC([NH3+])C(O)C1O	BAFPKKRTAQMYMS-UHFFFAOYSA-N
Undecaprenyl-diphospho-N-acetylglucosamine-N-acetylmannosaminuronate	CC(=O)N[C@@H]1[C@H](O[C@@H]2[C@@H](CO)O[C@H](OP(=O)([O-])OP(=O)([O-])OC/C=C(/C)CC/C=C(/C)CC/C=C(/C)CC/C=C(/C)CC/C=C(/C)CC/C=C(/C)CC/C=C(/C)CC/C=C(/C)CC/C=C(\C)CC/C=C(\C)CCC=C(C)C)[C@H](NC(C)=O)[C@H]2O)O[C@H](C(=O)[O-])[C@@H](O)[C@@H]1O	IGGGNUSEBUZFTR-YETNCWQZSA-K
Undecaprenyl-diphospho-N-acetylmuramoyl-(N-acetylglucosamine)-L-ala-D-glu-meso-2,6-diaminopimeloyl-D-ala-D-ala	CC(=O)N[C@H]1[C@H](O[C@@H]2[C@@H](CO)O[C@H](OP(=O)([O-])OP(=O)([O-])OC/C=C(/C)CC/C=C(/C)CC/C=C(/C)CC/C=C(/C)CC/C=C(/C)CC/C=C(/C)CC/C=C(/C)CC/C=C(/C)CC/C=C(\C)CC/C=C(\C)CCC=C(C)C)[C@H](NC(C)=O)[C@H]2O[C@H](C)C(=O)N[C@@H](C)C(=O)N[C@H](CCC(=O)N[C@@H](CCC[C@@H]([NH3+])C(=O)[O-])C(=O)N[C@H](C)C(=O)N[C@H](C)C(=O)[O-])C(=O)[O-])O[C@H](CO)[C@@H](O)[C@@H]1O	OXJNZXDFVLDLEI-MBCYCBSHSA-J
Undecaprenyl-diphospho-N-acetylmuramoyl-L-alanyl-D-glutamyl-meso-2,6-diaminopimeloyl-D-alanyl-D-alanine	CC(=O)N[C@H]1[C@@H](OP(=O)([O-])OP(=O)([O-])OC/C=C(/C)CC/C=C(/C)CC/C=C(/C)CC/C=C(/C)CC/C=C(/C)CC/C=C(/C)CC/C=C(/C)CC/C=C(/C)CC/C=C(\C)CC/C=C(\C)CCC=C(C)C)O[C@H](CO)[C@@H](O)[C@@H]1O[C@H](C)C(=O)N[C@@H](C)C(=O)N[C@H](CCC(=O)N[C@@H](CCC[C@@H]([NH3+])C(=O)[O-])C(=O)N[C@H](C)C(=O)N[C@H](C)C(=O)[O-])C(=O)[O-]	PNWZQTONLRRPST-KLDRQJOASA-J
Uracil	O=c1cc[nH]c(=O)[nH]1	ISAKRJDGNUQOIC-UHFFFAOYSA-N
Urate	O=C1N=C2NC(=O)NC2C(=O)N1	KLMXEVHMXUCFEP-UHFFFAOYSA-N
Urea	NC(N)=O	XSQUKJJJFZCRTK-UHFFFAOYSA-N
Ureidoacrylate peracid	NC(=O)N/C=C\C(=O)OO	AJFKXWQDHFYKFK-UPHRSURJSA-N
Uridine	O=c1ccn([C@@H]2O[C@H](CO)[C@@H](O)[C@H]2O)c(=O)[nH]1	DRTQHJPVMGBUCF-XVFCMESISA-N
Uridine 5''-diphospho-{beta}-4-deoxy-4-amino-L-arabinose	[NH3+][C@H]1CO[C@H](OP(=O)([O-])OP(=O)([O-])OC[C@H]2O[C@@H](n3ccc(=O)[nH]c3=O)[C@H](O)[C@@H]2O)[C@H](O)[C@H]1O	GWBAKYBSWHQNMQ-IAZOVDBXSA-M
Uridine 5''-diphospho-{beta}-4-deoxy-4-formamido-L-arabinose	O=CN[C@H]1CO[C@H](OP(=O)([O-])OP(=O)([O-])OC[C@H]2O[C@@H](n3ccc(=O)[nH]c3=O)[C@H](O)[C@@H]2O)[C@H](O)[C@H]1O	QGYFHZBDXXNYAX-RTXATJJPSA-L
Uroporphyrinogen	O=C([O-])CCc1c2[nH]c(c1CC(=O)[O-])Cc1[nH]c(c(CC(=O)[O-])c1CCC(=O)[O-])Cc1[nH]c(c(CC(=O)[O-])c1CCC(=O)[O-])Cc1[nH]c(c(CCC(=O)[O-])c1CC(=O)[O-])C2	HUHWZXWWOFSFKF-UHFFFAOYSA-F
XDP	O=c1[nH]c(=O)c2ncn([C@@H]3O[C@H](COP(=O)([O-])OP(=O)([O-])[O-])[C@@H](O)[C@H]3O)c2[nH]1	YMOPVQQBWLGDOD-UUOKFMHZSA-K
XTP	O=c1[nH]c(=O)c2ncn([C@@H]3O[C@H](COP(=O)([O-])OP(=O)([O-])OP(=O)([O-])[O-])[C@@H](O)[C@H]3O)c2[nH]1	CAEFEWVYEZABLA-UUOKFMHZSA-J
Xanthine	O=c1[nH]c(=O)c2nc[nH]c2[nH]1	LRFVTYWOQMYALW-UHFFFAOYSA-N
Xanthosine	O=c1[nH]c(=O)c2ncn([C@@H]3O[C@H](CO)[C@@H](O)[C@H]3O)c2[nH]1	UBORTCNDUKBEOP-UUOKFMHZSA-N
Xanthosine 5'-phosphate	O=c1[nH]c(=O)c2ncn([C@@H]3O[C@H](COP(=O)([O-])[O-])[C@@H](O)[C@H]3O)c2[nH]1	DCTLYFZHFGENCW-UUOKFMHZSA-L
Zinc	[Zn+2]	PTFCDOFLOPIGGS-UHFFFAOYSA-N
[4Fe-4S] iron-sulfur cluster	[SH]12[Fe]3[SH]4[Fe]1[SH]1[Fe]2[SH]3[Fe]41	LJBDFODJNLIPKO-UHFFFAOYSA-N
