10-Formyltetrahydrofolate	C1C(NC2=C(N1)N=C(NC2=O)N)CN(C=O)C3=CC=C(C=C3)C(=O)NC(CCC(=O)O)C(=O)O
1,2-Diacyl-sn-glycerol (didodecanoyl, n-C12:0)	CCCCCCCCCCCC(=O)OCC(CO)OC(=O)CCCCCCCCCCC
1,2-Diacyl-sn-glycerol (dioctadec-11-enoyl, n-C18:1)	CCCCCCC=CCCCCCCCCCC(=O)OCC(CO)OC(=O)CCCCCCCCCC=CCCCCCC
(R)-Propane-1,2-diol	CC(CO)O
(S)-Propane-1,2-diol	CC(CO)O
3-Phospho-D-glyceroyl phosphate	C(C(C(=O)OP(=O)(O)O)O)OP(=O)(O)O
1,3-Propanediol	C(CO)CO
1,4-alpha-D-glucan	C(C1C(C(C(C(O1)O)O)O)O)O
1,5-Diaminopentane	C(CCN)CCN
1-Acyl-sn-glycero-3-phosphoethanolamine (n-C16:0)	CCCCCCCCCCCCCCCC(=O)OCC(COP(=O)([O-])OCC[NH3+])O
1-Acyl-sn-glycero-3-phosphoglycerol (n-C12:0)	CCCCCCCCCCCC(=O)OCC(COP(=O)([O-])OCC(CO)O)O
1-Acyl-sn-glycero-3-phosphoglycerol (n-C14:0)	CCCCCCCCCCCCCC(=O)OCC(COP(=O)([O-])OCC(CO)O)O
1-Acyl-sn-glycero-3-phosphoglycerol (n-C14:1)	CCCCCCC=CCCCCCC(=O)OCC(COP(=O)([O-])OCC(CO)O)O
1-Acyl-sn-glycero-3-phosphoglycerol (n-C16:0)	CCCCCCCCCCCCCCCC(=O)OCC(COP(=O)([O-])OCC(CO)O)O
1-Acyl-sn-glycero-3-phosphoglycerol (n-C18:0)	CCCCCCCCCCCCCCCCCC(=O)OCC(COP(=O)([O-])OCC(CO)O)O
1-dodecanoyl-sn-glycerol 3-phosphate	CCCCCCCCCCCC(=O)OCC(COP(=O)(O)O)O
1-octadecanoyl-sn-glycerol 3-phosphate	CCCCCCCCCCCCCCCCCC(=O)OCC(COP(=O)([O-])[O-])O
1-Pyrroline-5-carboxylate	C1CC(N=C1)C(=O)[O-]
1-tetradec-7-enoyl-sn-glycerol 3-phosphate	CCCCCCC=CCCCCCC(=O)OCC(COP(=O)([O-])[O-])O
1-tetradecanoyl-sn-glycerol 3-phosphate	CCCCCCCCCCCCCC(=O)OCC(COP(=O)(O)O)O
2',3'-Cyclic AMP	C1=NC(=C2C(=N1)N(C=N2)C3C4C(C(O3)CO)OP(=O)(O4)O)N
2',3'-Cyclic CMP	C1=CN(C(=O)N=C1N)C2C3C(C(O2)CO)OP(=O)(O3)[O-]
2',3'-Cyclic GMP	C1=NC2=C(N1C3C4C(C(O3)CO)OP(=O)(O4)O)N=C(NC2=O)N
2',3'-Cyclic UMP	C1=CN(C(=O)NC1=O)C2C3C(C(O2)CO)OP(=O)(O3)O
2,3-diaminopropionate	C(C(C(=O)O)N)N
2,3-dehydroadipyl-CoA	CC(C)(COP(=O)(O)OP(=O)(O)OCC1C(C(C(O1)N2C=NC3=C(N=CN=C32)N)O)OP(=O)(O)O)C(C(=O)NCCC(=O)NCCSC(=O)C=CCCC(=O)O)O
2,3-Dihydroxybenzoate	C1=CC(=C(C(=C1)O)[O-])C(=O)O
(2,3-Dihydroxybenzoyl)adenylate	C1=CC(=C(C(=C1)O)O)C(=O)OP(=O)(O)OCC2C(C(C(O2)N3C=NC4=C(N=CN=C43)N)O)O
2,3-dihydroxybenzoylserine	C1=CC(=C(C(=C1)O)O)C(=O)NC(CO)C(=O)O
2,3-Dihydrodipicolinate	C1C=CC(=NC1C(=O)O)C(=O)O
(R)-2,3-Dihydroxy-3-methylbutanoate	CC(C)(C(C(=O)[O-])O)O
(R)-2,3-Dihydroxy-3-methylpentanoate	CCC(C)(C(C(=O)[O-])O)O
2,3-Dioxo-L-gulonate	C(C(C(C(=O)C(=O)C(=O)[O-])O)O)O
(S)-2-[5-Amino-1-(5-phospho-D-ribosyl)imidazole-4-carboxamido]succinate	C1=NC(=C(N1C2C(C(C(O2)COP(=O)(O)O)O)O)N)C(=O)NC(CC(=O)O)C(=O)O
2,5-diketo-D-gluconate	C(C(=O)C(C(C(=O)C(=O)[O-])O)O)O
2,5-Diamino-6-(ribosylamino)-4-(3H)-pyrimidinone 5'-phosphate	C(C1C(C(C(O1)NC2=C(C(=O)NC(=N2)N)N)O)O)OP(=O)([O-])[O-]
LL-2,6-Diaminoheptanedioate	C(CC(C(=O)O)N)CC(C(=O)O)N
Meso-2,6-Diaminoheptanedioate	C(CC(C(=O)O)N)CC(C(=O)O)N
2-Acyl-sn-glycero-3-phosphoethanolamine (n-C12:0)	CCCCCCCCCCCC(=O)OC(CO)COP(=O)([O-])OCC[NH3+]
2-Acyl-sn-glycero-3-phosphoethanolamine (n-C14:0)	CCCCCCCCCCCCCC(=O)OC(CO)COP(=O)(O)OCCN
2-Acyl-sn-glycero-3-phosphoethanolamine (n-C14:1)	CCCCCCC=CCCCCCC(=O)OC(CO)COP(=O)([O-])OCC[NH3+]
2-Acyl-sn-glycero-3-phosphoethanolamine (n-C16:0)	CCCCCCCCCCCCCCCC(=O)OC(CO)COP(=O)(O)OCCN
2-Acyl-sn-glycero-3-phosphoethanolamine (n-C18:0)	CCCCCCCCCCCCCCCCCC(=O)OC(CO)COP(=O)([O-])OCC[NH3+]
2-Acyl-sn-glycero-3-phosphoglycerol (n-C14:0)	CCCCCCCCCCCCCC(=O)OC(CO)COP(=O)([O-])OCC(CO)O
2-Acyl-sn-glycero-3-phosphoglycerol (n-C14:1)	CCCCCCC=CCCCCCC(=O)OC(CO)COP(=O)([O-])OCC(CO)O
2-Acyl-sn-glycero-3-phosphoglycerol (n-C16:0)	CCCCCCCCCCCCCCCC(=O)OC(CO)COP(=O)([O-])OCC(CO)O
2-Acyl-sn-glycero-3-phosphoglycerol (n-C18:0)	CCCCCCCCCCCCCCCCCC(=O)OC(CO)COP(=O)([O-])OCC(CO)O
(S)-2-Aceto-2-hydroxybutanoate	CCC(C(=O)C)(C(=O)O)O
2-Aminomalonate semialdehyde	C(=O)C(C(=O)[O-])[NH3+]
L-2-Amino-3-oxobutanoate	CC(=O)C(C(=O)O)N
1-(2-Carboxyphenylamino)-1-deoxy-D-ribulose 5-phosphate	C1=CC=C(C(=C1)C(=O)O)NCC(=O)C(C(COP(=O)(O)O)O)O
2-Dehydro-3-deoxy-D-arabino-heptonate 7-phosphate	C(C(C(C(COP(=O)(O)O)O)O)O)C(=O)C(=O)O
2-dehydro-3-deoxy-D-arabinonate	C(C(CO)O)C(=O)C(=O)[O-]
2-Dehydro-3-deoxy-D-gluconate 6-phosphate	C(C(C(COP(=O)([O-])[O-])O)O)C(=O)C(=O)[O-]
2-Dehydro-3-deoxy-D-gluconate	C(C(C(CO)O)O)C(=O)C(=O)[O-]
2-Dehydro-3-deoxy-D-galactonate 6-phosphate	C(C(C(COP(=O)(O)O)O)O)C(=O)C(=O)O
2-Dehydro-3-deoxy-D-galactonate	C(C(C(CO)O)O)C(=O)C(=O)[O-]
2-Dehydro-L-gulonate	C(C(C(C(C(=O)C(=O)[O-])O)O)O)O
2-Dehydropantoate	CC(C)(CO)C(=O)C(=O)[O-]
2-Demethylmenaquinone 8	CC(=CCCC(=CCCC(=CCCC(=CCCC(=CCCC(=CCCC(=CCCC(=CCC1=CC(=O)C2=CC=CC=C2C1=O)C)C)C)C)C)C)C)C
2-Demethylmenaquinol 8	CC(=CCCC(=CCCC(=CCCC(=CCCC(=CCCC(=CCCC(=CCCC(=CCC1=C(C2=CC=CC=C2C(=C1)O)O)C)C)C)C)C)C)C)C
2-Deoxy-D-ribose 1-phosphate	C1C(C(OC1OP(=O)(O)O)CO)O
2-Deoxy-D-ribose 5-phosphate	C(C=O)C(C(COP(=O)(O)O)O)O
2-Hydroxy-3-oxopropanoate	C(=O)C(C(=O)[O-])O
2-hexadecanoyl-sn-glycerol 3-phosphate	CCCCCCCCCCCCCCCC(=O)OC(CO)COP(=O)(O)O
2-hydroxycyclohepta-1,4,6-triene-1-carboxylate	C1C=CC=CC(=C1[O-])C(=O)O
2-hydroxycyclohepta-1,4,6-triene-1-carboxyl-CoA	CC(C)(COP(=O)([O-])OP(=O)([O-])OCC1C(C(C(O1)N2C=NC3=C(N=CN=C32)N)O)OP(=O)([O-])[O-])C(C(=O)NCCC(=O)NCCSC(=O)C4=C(CC=CC=C4)O)O
2-Isopropylmaleate	CC(C)C(=CC(=O)O)C(=O)O
Cis-2-Methylaconitate	CC(=C(CC(=O)O)C(=O)O)C(=O)O
2-Methylcitrate	CC(C(=O)O)C(CC(=O)O)(C(=O)O)O
2-C-methyl-D-erythritol 4-phosphate	CC(CO)(C(COP(=O)(O)O)O)O
2-C-methyl-D-erythritol 2,4-cyclodiphosphate	CC1(C(COP(=O)(OP(=O)(O1)O)O)O)CO
2-Oxobutanoate	CCC(=O)C(=O)O
2-octadecanoyl-sn-glycerol 3-phosphate	CCCCCCCCCCCCCCCCCC(=O)OC(CO)COP(=O)([O-])[O-]
2-Octaprenyl-6-hydroxyphenol	CC(=CCCC(=CCCC(=CCCC(=CCCC(=CCCC(=CCCC(=CCCC(=CCC1=C(C(=CC=C1)O)O)C)C)C)C)C)C)C)C
2-Octaprenyl-6-methoxy-1,4-benzoquinol	CC(=CCCC(=CCCC(=CCCC(=CCCC(=CCCC(=CCCC(=CCCC(=CCC1=C(C(=CC(=C1)O)OC)O)C)C)C)C)C)C)C)C
2-Octaprenyl-3-methyl-5-hydroxy-6-methoxy-1,4-benzoquinol	CC1=C(C(=C(C(=C1O)O)OC)O)CC=C(C)CCC=C(C)CCC=C(C)CCC=C(C)CCC=C(C)CCC=C(C)CCC=C(C)CCC=C(C)C
2-Octaprenyl-6-methoxyphenol	CC(=CCCC(=CCCC(=CCCC(=CCCC(=CCCC(=CCCC(=CCCC(=CCC1=C(C(=CC=C1)OC)O)C)C)C)C)C)C)C)C
2-Octaprenylphenol	CC(=CCCC(=CCCC(=CCCC(=CCCC(=CCCC(=CCCC(=CCCC(=CCC1=CC=CC=C1O)C)C)C)C)C)C)C)C
2-oxepin-2(3H)-ylideneacetyl-CoA	CC(C)(COP(=O)(O)OP(=O)(O)OCC1C(C(C(O1)N2C=NC3=C(N=CN=C32)N)O)OP(=O)(O)O)C(C(=O)NCCC(=O)NCCSC(=O)C=C4CC=CC=CO4)O
2-phospho-4-(cytidine 5'-diphospho)-2-C-methyl-D-erythritol	CC(CO)(C(COP(=O)(O)OP(=O)(O)OCC1C(C(C(O1)N2C=CC(=NC2=O)N)O)O)O)OP(=O)(O)O
D-Glycerate 2-phosphate	C(C(C(=O)O)OP(=O)(O)O)O
2-Phosphoglycolate	C(C(=O)[O-])OP(=O)([O-])[O-]
2-succinyl-5-enolpyruvyl-6-hydroxy-3-cyclohexene-1-carboxylate	C=C(C(=O)O)OC1C=CC(C(C1O)C(=O)O)C(=O)CCC(=O)O
2-Succinyl-6-hydroxy-2,4-cyclohexadiene-1-carboxylate	C1=CC(C(C(=C1)C(=O)CCC(=O)O)C(=O)O)O
2-tetradec-7-enoyl-sn-glycerol 3-phosphate	CCCCCCC=CCCCCCC(=O)OC(CO)COP(=O)([O-])[O-]
2'-(5''-triphosphoribosyl)-3'-dephospho-CoA	CC(C)(COP(=O)(O)OP(=O)(O)OCC1C(C(C(O1)N2C=NC3=C(N=CN=C32)N)O)O)C(C(=O)NCCC(=O)NCCS)O
3,4-Dihydroxyphenylacetaldehyde	C1=CC(=C(C=C1CC=O)O)O
3,4-dihydroxyphenylacetyl-CoA	CC(C)(COP(=O)([O-])OP(=O)([O-])OCC1C(C(C(O1)N2C=NC3=C(N=CN=C32)N)O)OP(=O)([O-])[O-])C(C(=O)NCCC(=O)NCCSC(=O)CC4=CC(=C(C=C4)O)O)O
3-(4-Hydroxyphenyl)pyruvate	C1=CC(=CC=C1CC(=O)C(=O)[O-])O
3',5'-Cyclic GMP	C1C2C(C(C(O2)N3C=NC4=C3N=C(NC4=O)N)O)OP(=O)(O1)O
(3S)-3,6-Diaminohexanoate	C(CC(CC(=O)O)N)CN
3-Aminoacrylate	C(=CN)C(=O)[O-]
3-Carboxy-2-hydroxy-4-methylpentanoate	CC(C)C(C(C(=O)O)O)C(=O)O
3-Carboxy-3-hydroxy-4-methylpentanoate	CC(C)C(CC(=O)O)(C(=O)O)O
3-Carboxy-4-methyl-2-oxopentanoate	CC(C)C(C(=O)C(=O)O)C(=O)O
3-Dehydro-L-gulonate	C(C(C(C(=O)C(C(=O)O)O)O)O)O
3-Dehydroquinate	C1C(C(C(=O)CC1(C(=O)[O-])O)O)O
3-Dehydroshikimate	C1C(C(C(=O)C=C1C(=O)O)O)O
(3R)-3-Hydroxyacyl-[acyl-carrier protein]	C(CO)C(=O)S
(3S)-3-Hydroxyadipyl-CoA	CC(C)(COP(=O)(O)OP(=O)(O)OCC1C(C(C(O1)N2C=NC3=C(N=CN=C32)N)O)OP(=O)(O)O)C(C(=O)NCCC(=O)NCCSC(=O)CC(CCC(=O)O)O)O
(S)-3-Hydroxybutanoyl-CoA	CC(CC(=O)SCCNC(=O)CCNC(=O)C(C(C)(C)COP(=O)(O)OP(=O)(O)OCC1C(C(C(O1)N2C=NC3=C(N=CN=C32)N)O)OP(=O)(O)O)O)O
3-Hydroxybenzoate	C1=CC(=CC(=C1)[O-])C(=O)O
3-hydroxybenzoyl-CoA	CC(C)(COP(=O)(O)OP(=O)(O)OCC1C(C(C(O1)N2C=NC3=C(N=CN=C32)N)O)OP(=O)(O)O)C(C(=O)NCCC(=O)NCCSC(=O)C4=CC(=CC=C4)O)O
3-hydroxycinnamic acid	C1=CC(=CC(=C1)O)C=CC(=O)O
(S)-3-Hydroxydecanoyl-CoA	CCCCCCCC(CC(=O)SCCNC(=O)CCNC(=O)C(C(C)(C)COP(=O)(O)OP(=O)(O)OCC1C(C(C(O1)N2C=NC3=C(N=CN=C32)N)O)OP(=O)(O)O)O)O
(S)-3-Hydroxydodecanoyl-CoA	CCCCCCCCCC(CC(=O)SCCNC(=O)CCNC(=O)C(C(C)(C)COP(=O)(O)OP(=O)(O)OCC1C(C(C(O1)N2C=NC3=C(N=CN=C32)N)O)OP(=O)(O)O)O)O
(R)-3-Hydroxydodecanoyl-[acyl-carrier protein]	CCCCCCCCCC(CC(=O)S)O
(S)-3-Hydroxyhexanoyl-CoA	CCCC(CC(=O)SCCNC(=O)CCNC(=O)C(C(C)(C)COP(=O)(O)OP(=O)(O)OCC1C(C(C(O1)N2C=NC3=C(N=CN=C32)N)O)OP(=O)(O)O)O)O
(S)-3-Hydroxyhexadecanoyl-CoA	CCCCCCCCCCCCCC(CC(=O)SCCNC(=O)CCNC(=O)C(C(C)(C)COP(=O)(O)OP(=O)(O)OCC1C(C(C(O1)N2C=NC3=C(N=CN=C32)N)O)OP(=O)(O)O)O)O
(R)-3-Hydroxyhexanoyl-[acyl-carrier protein]	CCCC(CC(=O)S)O
(S)-3-Hydroxyoctanoyl-CoA	CCCCCC(CC(=O)SCCNC(=O)CCNC(=O)C(C(C)(C)COP(=O)(O)OP(=O)(O)OCC1C(C(C(O1)N2C=NC3=C(N=CN=C32)N)O)OP(=O)(O)O)O)O
(R)-3-Hydroxyoctadecanoyl-[acyl-carrier protein]	CCCCCCCCCCCCCCCC(CC(=O)S)O
(S)-3-Hydroxyoctadecanoyl-CoA	CCCCCCCCCCCCCCCC(CC(=O)SCCNC(=O)CCNC(=O)C(C(C)(C)COP(=O)(O)OP(=O)(O)OCC1C(C(C(O1)N2C=NC3=C(N=CN=C32)N)O)OP(=O)(O)O)O)O
3-Hydroxypropanoate	C(CO)C(=O)O
3-Hydroxypropanal	C(CO)C=O
(S)-3-Hydroxytetradecanoyl-CoA	CCCCCCCCCCCC(CC(=O)SCCNC(=O)CCNC(=O)C(C(C)(C)COP(=O)(O)OP(=O)(O)OCC1C(C(C(O1)N2C=NC3=C(N=CN=C32)N)O)OP(=O)(O)O)O)O
3-Methyl-2-oxobutanoate	CC(C)C(=O)C(=O)[O-]
(S)-3-Methyl-2-oxopentanoate	CCC(C)C(=O)C(=O)[O-]
3-Oxodecanoyl-CoA	CCCCCCCC(=O)CC(=O)SCCNC(=O)CCNC(=O)C(C(C)(C)COP(=O)(O)OP(=O)(O)OCC1C(C(C(O1)N2C=NC3=C(N=CN=C32)N)O)OP(=O)(O)O)O
3-Oxododecanoyl-CoA	CCCCCCCCCC(=O)CC(=O)SCCNC(=O)CCNC(=O)C(C(C)(C)COP(=O)(O)OP(=O)(O)OCC1C(C(C(O1)N2C=NC3=C(N=CN=C32)N)O)OP(=O)(O)O)O
3-Oxohexanoyl-CoA	CCCC(=O)CC(=O)SCCNC(=O)CCNC(=O)C(C(C)(C)COP(=O)(O)OP(=O)(O)OCC1C(C(C(O1)N2C=NC3=C(N=CN=C32)N)O)OP(=O)(O)O)O
3-Oxohexadecanoyl-CoA	CCCCCCCCCCCCCC(=O)CC(=O)SCCNC(=O)CCNC(=O)C(C(C)(C)COP(=O)([O-])OP(=O)([O-])OCC1C(C(C(O1)N2C=NC3=C(N=CN=C32)N)O)OP(=O)([O-])[O-])O
3-Oxooctadecanoyl-CoA	CCCCCCCCCCCCCCCC(=O)CC(=O)SCCNC(=O)CCNC(=O)C(C(C)(C)COP(=O)(O)OP(=O)(O)OCC1C(C(C(O1)N2C=NC3=C(N=CN=C32)N)O)OP(=O)(O)O)O
3-Oxooctanoyl-CoA	CCCCCC(=O)CC(=O)SCCNC(=O)CCNC(=O)C(C(C)(C)COP(=O)(O)OP(=O)(O)OCC1C(C(C(O1)N2C=NC3=C(N=CN=C32)N)O)OP(=O)(O)O)O
3-Octaprenyl-4-hydroxybenzoate	CC(=CCCC(=CCCC(=CCCC(=CCCC(=CCCC(=CCCC(=CCCC(=CCC1=C(C=CC(=C1)C(=O)O)[O-])C)C)C)C)C)C)C)C
3-Oxotetradecanoyl-CoA	CCCCCCCCCCCC(=O)CC(=O)SCCNC(=O)CCNC(=O)C(C(C)(C)COP(=O)(O)OP(=O)(O)OCC1C(C(C(O1)N2C=NC3=C(N=CN=C32)N)O)OP(=O)(O)O)O
3-oxo-5,6-dehydrosuberyl-CoA	CC(C)(COP(=O)(O)OP(=O)(O)OCC1C(C(C(O1)N2C=NC3=C(N=CN=C32)N)O)OP(=O)(O)O)C(C(=O)NCCC(=O)NCCSC(=O)CC(=O)CC=CCC(=O)O)O
3-Phospho-D-glycerate	C(C(C(=O)O)O)OP(=O)(O)O
3-Phosphohydroxypyruvate	C(C(=O)C(=O)O)OP(=O)(O)O
5-O-(1-Carboxyvinyl)-3-phosphoshikimate	C=C(C(=O)O)OC1CC(=CC(C1O)OP(=O)(O)O)C(=O)O
3-Sulfino-L-alanine	C(C(C(=O)O)N)S(=O)O
4-Aminobutanoate	C(CC(=O)O)CN
4-Aminobutanal	C(CC=O)CN
4-Aminobenzoate	C1=CC(=CC=C1C(=O)[O-])N
4-aminobenzoyl-glutamate	C1=CC(=CC=C1C(=O)NC(CCC(=O)[O-])C(=O)[O-])N
4-amino-4-deoxychorismate	C=C(C(=O)[O-])OC1C=C(C=CC1[NH3+])C(=O)[O-]
4-Amino-5-hydroxymethyl-2-methylpyrimidine	CC1=NC=C(C(=N1)N)CO
4-Amino-2-methyl-5-phosphomethylpyrimidine	CC1=NC=C(C(=N1)N)COP(=O)(O)O
4-(cytidine 5'-diphospho)-2-C-methyl-D-erythritol	CC(CO)(C(COP(=O)(O)OP(=O)(O)OCC1C(C(C(O1)N2C=CC(=NC2=O)N)O)O)O)O
P-Cresol	CC1=CC=C(C=C1)O
4-Hydroxy-2-oxopentanoate	CC(CC(=O)C(=O)[O-])O
4-Hydroxybenzoate	C1=CC(=CC=C1C(=O)O)O
4-Hydroxyphenylacetaldehyde	C1=CC(=CC=C1CC=O)O
4-Hydroxy-L-threonine	C(C(C(C(=O)O)N)O)O
4-Methyl-5-(2-hydroxyethyl)-thiazole	CC1=C(SC=N1)CCO
4-Methyl-2-oxopentanoate	CC(C)CC(=O)C(=O)O
4-Phospho-L-aspartate	C(C(C(=O)O)N)C(=O)OP(=O)(O)O
4-Phospho-D-erythronate	C(C(C(C(=O)O)O)O)OP(=O)(O)O
D-4'-Phosphopantothenate	CC(C)(COP(=O)(O)O)C(C(=O)NCCC(=O)O)O
N-((R)-4-Phosphopantothenoyl)-L-cysteine	CC(C)(COP(=O)(O)O)C(C(=O)NCCC(=O)NC(CS)C(=O)O)O
4-(1-D-Ribitylamino)-5-aminouracil	C(C(C(C(CO)O)O)O)NC1=C(C(=O)NC(=O)N1)N
5,6-dihydrouracil	C1CNC(=O)NC1=O
5-amino-1-(5-phospho-D-ribosyl)imidazole-4-carboxylate	C1=NC(=C(N1C2C(C(C(O2)COP(=O)(O)O)O)O)N)C(=O)O
5-Amino-4-oxopentanoate	C(CC(=O)O)C(=O)CN
5-Amino-6-(5'-phosphoribitylamino)uracil	C(C(C(C(COP(=O)(O)O)O)O)O)NC1=C(C(=O)NC(=O)N1)N
5-Amino-6-(5'-phosphoribosylamino)uracil	C(C1C(C(C(O1)NC2=C(C(=O)NC(=O)N2)N)O)O)OP(=O)(O)O
5-Dehydro-D-gluconate	C(C(=O)C(C(C(C(=O)[O-])O)O)O)O
5-Dehydro-4-deoxy-D-glucarate	C(C(C(C(=O)O)O)O)C(=O)C(=O)O
5'-deoxyribose	CC(C(C(C=O)O)O)O
5-Formyltetrahydrofolate	C1C(N(C2=C(N1)N=C(NC2=O)N)C=O)CNC3=CC=C(C=C3)C(=O)NC(CCC(=O)O)C(=O)O
5-Methylthioadenosine	CSCC1C(C(C(O1)N2C=NC3=C(N=CN=C32)N)O)O
5-Methyltetrahydrofolate	CN1C(CNC2=C1C(=O)NC(=N2)N)CNC3=CC=C(C=C3)C(=O)NC(CCC(=O)O)C(=O)O
5-Methylthio-D-ribose	CSCC1C(C(C(O1)O)O)O
Phenylhydantoin	C1=CC=C(C=C1)C2C(=O)NC(=O)N2
Phenylureidoacetic acid	CC(=O)NC(=O)NC1=CC=CC=C1
N1-(5-Phospho-alpha-D-ribosyl)-5,6-dimethylbenzimidazole	CC1=CC2=C(C=C1C)N(C=N2)C3C(C(C(O3)COP(=O)(O)O)O)O
6-hydroxymethyl-dihydropterin pyrophosphate	C1C(=NC2=C(N1)N=C(NC2=O)N)COP(=O)([O-])OP(=O)([O-])[O-]
6-Phospho-D-gluconate	C(C(C(C(C(C(=O)O)O)O)O)O)OP(=O)(O)O
6-Phospho-beta-D-glucosyl-(1,4)-D-glucose	C(C1C(C(C(C(O1)O)O)O)OC2C(C(C(C(O2)COP(=O)(O)O)O)O)O)O
6-phospho-D-glucono-1,5-lactone	C(C1C(C(C(C(=O)O1)O)O)O)OP(=O)(O)O
8-Amino-7-oxononanoate	CC(C(=O)CCCCCC(=O)[O-])N
L-alanine-L-glutamate	CC(C(=O)NC(CCC(=O)[O-])C(=O)[O-])[NH3+]
N1-Acetylspermidine	CC(=O)NCCCNCCCCN
N-Methyltryptophan	CNC(CC1=CNC2=CC=CC=C21)C(=O)O
(S)-2-Hydroxyglutarate	C(CC(=O)O)C(C(=O)O)O
S-Formylglutathione	C(CC(=O)NC(CSC=O)C(=O)NCC(=O)O)C(C(=O)O)N
Aminoacetaldehyde	C(C=O)N
Acetoacetyl-CoA	CC(=O)CC(=O)SCCNC(=O)CCNC(=O)C(C(C)(C)COP(=O)(O)OP(=O)(O)OCC1C(C(C(O1)N2C=NC3=C(N=CN=C32)N)O)OP(=O)(O)O)O
Aminoacetone	CC(=O)CN
Acetate	CC(=O)[O-]
Acetoacetate	CC(=O)CC(=O)[O-]
Acetaldehyde	CC=O
2-N-acetamidomethylphosphonate	CC(=O)NCP(=O)(O)[O-]
N-Acetylanthranilate	CC(=O)NC1=CC=CC=C1C(=O)O
Acetyl-CoA	CC(=O)SCCNC(=O)CCNC(=O)C(C(C)(C)COP(=O)(O)OP(=O)(O)OCC1C(C(C(O1)N2C=NC3=C(N=CN=C32)N)O)OP(=O)(O)O)O
N-Acetyl-L-glutamyl 5-phosphate	CC(=O)NC(CCC(=O)OP(=O)(O)O)C(=O)O
N-Acetyl-L-glutamate 5-semialdehyde	CC(=O)NC(CCC=O)C(=O)O
N-Acetyl-D-galactosamine 1-phosphate	CC(=O)NC1C(C(C(OC1OP(=O)(O)O)CO)O)O
N-Acetyl-D-galactosamine	CC(=O)NC1C(C(C(OC1O)CO)O)O
N-Acetyl-D-glucosamine 1-phosphate	CC(=O)NC1C(C(C(OC1OP(=O)(O)O)CO)O)O
N-Acetyl-D-glucosamine 6-phosphate	CC(=O)NC1C(C(C(OC1O)COP(=O)(O)O)O)O
N-Acetyl-D-glucosamine	CC(=O)NC1C(C(C(OC1O)CO)O)O
6-Acetyl-D-glucose	CC(=O)OCC1C(C(C(C(O1)O)O)O)O
N-Acetyl-L-glutamate	CC(=O)NC(CCC(=O)O)C(=O)O
Acetyl-maltose	CC(=O)OCC1C(C(C(C(O1)OC2C(OC(C(C2O)O)O)CO)O)O)O
N-Acetyl-D-mannosamine	CC(=O)NC1C(C(C(OC1O)CO)O)O
N-Acetyl-D-mannosamine 6-phosphate	CC(=O)NC1C(C(C(OC1O)COP(=O)(O)O)O)O
N-Acetylmethionine	CC(=O)NC(CCSC)C(=O)O
N-acetylmuramate 6-phosphate	CC(C(=O)[O-])OC1C(C(OC(C1O)COP(=O)([O-])[O-])O)NC(=O)C
N-Acetylmuramate	CC(C(=O)O)OC1C(C(OC(C1O)CO)O)NC(=O)C
N-Acetylneuraminate	CC(=O)NC1C(CC(OC1C(C(CO)O)O)(C(=O)O)O)O
Cis-Aconitate	C(C(=CC(=O)O)C(=O)O)C(=O)O
Trans-Aconitate	C(C(=CC(=O)O)C(=O)O)C(=O)O
N2-Acetyl-L-ornithine	CC(=O)NC(CCCN)C(=O)O
O-Acetyl-L-serine	CC(=O)OCC(C(=O)O)N
Acetyl phosphate	CC(=O)OP(=O)(O)O
Adenine	C1=NC2=NC=NC(=C2N1)N
Adenosine	C1=NC(=C2C(=N1)N(C=N2)C3C(C(C(O3)CO)O)O)N
Adenosyl cobinamide	CC1=C2C(C(C([N-]2)C3(C(C(C(=N3)C(=C4C(C(C(=N4)C=C5C(C(C1=N5)CCC(=O)N)(C)C)CCC(=O)N)(C)CC(=O)N)C)CCC(=O)N)(C)CC(=O)N)C)CC(=O)N)(C)CCC(=O)NCC(C)O.[CH2-]C1C(C(C(O1)N2C=NC3=C(N=CN=C32)N)O)O.[Co]
Adenosyl cobinamide phosphate	CC1=C2C(C(C([N-]2)C3(C(C(C(=N3)C(=C4C(C(C(=N4)C=C5C(C(C1=N5)CCC(=O)N)(C)C)CCC(=O)N)(C)CC(=O)N)C)CCC(=O)N)(C)CC(=O)N)C)CC(=O)N)(C)CCC(=O)NCC(C)OP(=O)(O)O.[CH2-]C1C(C(C(O1)N2C=NC3=C(N=CN=C32)N)O)O.[Co]
Adenosylcobalamin	CC1=CC2=C(C=C1C)N(C=N2)C3C(C(C(O3)CO)OP(=O)([O-])OC(C)CNC(=O)CCC4(C(C5C6(C(C(C(=N6)C(=C7C(C(C(=N7)C=C8C(C(C(=N8)C(=C4[N-]5)C)CCC(=O)N)(C)C)CCC(=O)N)(C)CC(=O)N)C)CCC(=O)N)(C)CC(=O)N)C)CC(=O)N)C)O.[CH2-]C1C(C(C(O1)N2C=NC3=C(N=CN=C32)N)O)O.[Co]
ADP-D-glycero-D-manno-heptose	C1=NC(=C2C(=N1)N(C=N2)C3C(C(C(O3)COP(=O)(O)OP(=O)(O)OC4C(C(C(C(O4)C(CO)O)O)O)O)O)O)N
ADP-L-glycero-D-manno-heptose	C1=NC(=C2C(=N1)N(C=N2)C3C(C(C(O3)COP(=O)(O)OP(=O)(O)OC4C(C(C(C(O4)C(CO)O)O)O)O)O)O)N
Silver	[Ag]
Adenosine-GDP-cobinamide	CC1=C2C(C(C([N-]2)C3(C(C(C(=N3)C(=C4C(C(C(=N4)C=C5C(C(C1=N5)CCC(=O)N)(C)C)CCC(=O)N)(C)CC(=O)N)C)CCC(=O)N)(C)CC(=O)N)C)CC(=O)N)(C)CCC(=O)NCC(C)OP(=O)(O)OP(=O)(O)OCC6C(C(C(O6)N7C=NC8=C7N=C(NC8=O)N)O)O.[CH2-]C1C(C(C(O1)N2C=NC3=C(N=CN=C32)N)O)O.[Co]
Agmatine	C(CCN=C(N)N)CN
S-Adenosyl-L-homocysteine	C1=NC(=C2C(=N1)N(C=N2)C3C(C(C(O3)CSCCC(C(=O)O)N)O)O)N
2-Amino-4-hydroxy-6-(erythro-1,2,3-trihydroxypropyl)dihydropteridine triphosphate	C1C(=NC2=C(N1)N=C(NC2=O)N)C(C(COP(=O)([O-])OP(=O)([O-])OP(=O)([O-])[O-])O)O
5-Amino-1-(5-Phospho-D-ribosyl)imidazole-4-carboxamide	C1=NC(=C(N1C2C(C(C(O2)COP(=O)(O)O)O)O)N)C(=O)N
5-amino-1-(5-phospho-D-ribosyl)imidazole	C1=C(N(C=N1)C2C(C(C(O2)COP(=O)(O)O)O)O)N
2-Oxoglutarate	C(CC(=O)O)C(=O)C(=O)O
Beta-Alanine	C(CN)C(=O)O
D-Alanine	CC(C(=O)O)N
L-Alanine	CC(C(=O)O)N
D-Alanyl-D-alanine	CC(C(=O)NC(C)C(=O)O)N
(S)-2-Acetolactate	CC(=O)C(C)(C(=O)O)O
D-Allose 6-phosphate	C(C(C(C(C(C=O)O)O)O)O)OP(=O)(O)O
D-Allose	C(C1C(C(C(C(O1)O)O)O)O)O
Allantoin	C1(C(=O)NC(=O)N1)NC(=O)N
Allantoate	C(C(=O)[O-])(NC(=O)N)NC(=O)N
D-Altronate	C(C(C(C(C(C(=O)[O-])O)O)O)O)O
S-Adenosyl-L-methionine	C[S+](CCC(C(=O)[O-])N)CC1C(C(C(O1)N2C=NC3=C(N=CN=C32)N)O)O
S-Adenosylmethioninamine	C[S+](CCCN)CC1C(C(C(O1)N2C=NC3=C(N=CN=C32)N)O)O
S-Adenosyl-4-methylthio-2-oxobutanoate	C[S+](CCC(=O)C(=O)O)CC1C(C(C(O1)N2C=NC3=C(N=CN=C32)N)O)O
Aminomethylphosphonate	C([NH3+])P(=O)([O-])[O-]
N-Acetyl-D-glucosamine(anhydrous)N-Acetylmuramyl-tripeptide	CC(C(=O)NC(CCC(=O)O)C(=O)NC(CCCC(C(=O)O)N)C(=O)O)NC(=O)C(C)OC1C(C(OC=C1NC(=O)C)CO)OC2C(C(C(C(O2)CO)O)O)NC(=O)C
1,6-anhydrous-N-Acetylmuramyl-tripeptide	CC(C(=O)NC(CCC(=O)O)C(=O)NC(CCCC(C(=O)O)N)C(=O)O)NC(=O)C(C)OC1C(COC(C1O)CO)NC(=O)C
1,6-anhydrous-N-Acetylmuramyl-tetrapeptide	CC(C(=O)NC(CCC(=O)O)C(=O)NC(CCCC(C(=O)O)N)C(=O)NC(C)C(=O)O)NC(=O)C(C)OC1C(COC(C1O)CO)NC(=O)C
Anthranilate	C1=CC=C(C(=C1)C(=O)[O-])N
P1,P4-Bis(5'-adenosyl) tetraphosphate	C1=NC(=C2C(=N1)N(C=N2)C3C(C(C(O3)COP(=O)([O-])OP(=O)([O-])OP(=O)([O-])OP(=O)([O-])OCC4C(C(C(O4)N5C=NC6=C(N=CN=C65)N)O)O)O)O)N
P1,P5-Bis(5'-adenosyl) pentaphosphate	C1=NC(=C2C(=N1)N(C=N2)C3C(C(C(O3)COP(=O)(O)OP(=O)(O)OP(=O)(O)OP(=O)(O)OP(=O)(O)OCC4C(C(C(O4)N5C=NC6=C(N=CN=C65)N)O)O)O)O)N
Acyl phosphatidylglycerol (n-C12:0)	CCCCCCCCCCCC(=O)OCC(COP(=O)([O-])OCC(COC(=O)CCCCCCCCCCC)OC(=O)CCCCCCCCCCC)O
Acyl phosphatidylglycerol (n-C14:0)	CCCCCCCCCCCCCC(=O)OCC(COP(=O)([O-])OCC(COC(=O)CCCCCCCCCCCCC)OC(=O)CCCCCCCCCCCCC)O
Acyl phosphatidylglycerol (n-C16:0)	CCCCCCCCCCCCCCCC(=O)OCC(COP(=O)([O-])OCC(COC(=O)CCCCCCCCCCCCCCC)OC(=O)CCCCCCCCCCCCCCC)O
Acyl phosphatidylglycerol (n-C18:0)	CCCCCCCCCCCCCCCCCC(=O)OCC(COP(=O)([O-])OCC(COC(=O)CCCCCCCCCCCCCCCCC)OC(=O)CCCCCCCCCCCCCCCCC)O
1-Aminopropan-2-ol	CC(CN)O
Adenosine 5'-phosphosulfate	C1=NC(=C2C(=N1)N(C=N2)C3C(C(C(O3)COP(=O)(O)OS(=O)(=O)O)O)O)N
D-Arabinose 5-phosphate	C(C(C(C(C=O)O)O)O)OP(=O)(O)O
L-Arabinose	C1C(C(C(C(O1)O)O)O)O
O-acetyl-rhamanosyl-N-acetylglucosamyl-undecaprenyl diphosphate	CC1C(C(C(C(O1)OC2C(C(OC(C2O)CO)OP(=O)([O-])OP(=O)([O-])OCC=C(C)CCC=C(C)CCC=C(C)CCC=C(C)CCC=C(C)CCC=C(C)CCC=C(C)CCC=C(C)CCC=C(C)CCC=C(C)CCC=C(C)C)NC(=O)C)OC(=O)C)O)O
Arbutin 6-phosphate	C1=CC(=CC=C1O)OC2C(C(C(C(O2)COP(=O)(O)O)O)O)O
Aerobactin minus Fe3	CC(=O)N(CCCCC(C(=O)[O-])NC(=O)CC(CC(=O)NC(CCCCN(C(=O)C)O)C(=O)[O-])(C(=O)[O-])O)O
Aerobactin	CC(=O)N(CCCCC(C(=O)O)NC(=O)CC(CC(=O)NC(CCCCN(C(=O)C)O)C(=O)O)(C(=O)O)O)O
L-Arginine	C(CC(C(=O)O)N)CN=C(N)N
N(omega)-(L-Arginino)succinate	C(CC(C(=O)O)N)CN=C(N)NC(CC(=O)O)C(=O)O
L-ascorbate-6-phosphate	C(C(C1C(=C(C(=O)O1)[O-])O)O)OP(=O)([O-])[O-]
L-Ascorbate	C(C(C1C(=C(C(=O)O1)[O-])O)O)O
L-Asparagine	C(C(C(=O)O)N)C(=O)N
Arsenite	[O-][As]([O-])[O-]
Arsenate	[O-][As](=O)([O-])[O-]
L-Aspartate	C(C(C(=O)O)N)C(=O)O
L-Aspartate 4-semialdehyde	C(C=O)C(C(=O)[O-])N
L-Allo-threonine	CC(C(C(=O)O)N)O
Adenosine thiamine triphosphate	CC1=C(SC=[N+]1CC2=CN=C(N=C2N)C)CCOP(=O)(O)OP(=O)(O)OP(=O)(O)OCC3C(C(C(O3)N4C=NC5=C(N=CN=C54)N)O)O
Crotonoyl-CoA	CC=CC(=O)SCCNC(=O)CCNC(=O)C(C(C)(C)COP(=O)(O)OP(=O)(O)OCC1C(C(C(O1)N2C=NC3=C(N=CN=C32)N)O)OP(=O)(O)O)O
Gamma-butyrobetainyl-CoA	CC(C)(COP(=O)(O)OP(=O)(O)OCC1C(C(C(O1)N2C=NC3=C(N=CN=C32)N)O)OP(=O)(O)O)C(C(=O)NCCC(=O)NCCSC(=O)CCC[N+](C)(C)C)O
Betaine aldehyde	C[N+](C)(C)CC=O
Butanoyl-CoA	CCCC(=O)SCCNC(=O)CCNC(=O)C(C(C)(C)COP(=O)(O)OP(=O)(O)OCC1C(C(C(O1)N2C=NC3=C(N=CN=C32)N)O)OP(=O)(O)O)O
Biotin	C1C2C(C(S1)CCCCC(=O)O)NC(=O)N2
D-biotin d-sulfoxide	C1C2C(C(S1=O)CCCCC(=O)[O-])NC(=O)N2
But-2-enoyl-[acyl-carrier protein]	CC=CC(=O)S
Butanesulfonate	CCCCS(=O)(=O)[O-]
Calcium	[Ca]
N-Carbamoyl-L-aspartate	C(C(C(=O)O)NC(=O)N)C(=O)O
Cobinamide	CC1=C2C(C(C([N-]2)C3(C(C(C(=N3)C(=C4C(C(C(=N4)C=C5C(C(C1=N5)CCC(=O)N)(C)C)CCC(=O)N)(C)CC(=O)N)C)CCC(=O)N)(C)CC(=O)N)C)CC(=O)N)(C)CCC(=O)NCC(C)O.[Co+3]
Cob(I)alamin	CC1=CC2=C(C=C1C)N(C=N2)C3C(C(C(O3)CO)OP(=O)([O-])OC(C)CNC(=O)CCC4(C(C5C6(C(C(C(=N6)C(=C7C(C(C(=N7)C=C8C(C(C(=N8)C(=C4[N-]5)C)CCC(=O)N)(C)C)CCC(=O)N)(C)CC(=O)N)C)CCC(=O)N)(C)CC(=O)N)C)CC(=O)N)C)O.[Co]
Carbamate	C(=O)(N)[O-]
Carbamoyl phosphate	C(=O)(N)OP(=O)(O)O
Cadmium	[Cd]
7-deaza-7-carboxyguanine	C1=C(C2=C(N1)N=C(NC2=O)N)C(=O)O
Cyclic diguanosine monophosphate	C1C2C(C(C(O2)N3C=NC4=C3N=C(NC4=O)N)O)OP(=O)(OCC5C(C(C(O5)N6C=NC7=C6N=C(NC7=O)N)O)OP(=O)(O1)O)O
CDP-1,2-didodecanoylglycerol	CCCCCCCCCCCC(=O)OCC(COP(=O)(O)OP(=O)(O)OCC1C(C(C(O1)N2C=CC(=NC2=O)N)O)O)OC(=O)CCCCCCCCCCC
CDP-1,2-dihexadec-9-enoylglycerol	CCCCCCC=CCCCCCCCC(=O)OCC(COP(=O)(O)OP(=O)(O)OCC1C(C(C(O1)N2C=CC(=NC2=O)N)O)O)OC(=O)CCCCCCCC=CCCCCCC
CDP-1,2-dioctadec-11-enoylglycerol	CCCCCCC=CCCCCCCCCCC(=O)OCC(COP(=O)(O)OP(=O)(O)OCC1C(C(C(O1)N2C=CC(=NC2=O)N)O)O)OC(=O)CCCCCCCCCC=CCCCCCC
CDP-1,2-dioctadecanoylglycerol	CCCCCCCCCCCCCCCCCC(=O)OCC(COP(=O)([O-])OP(=O)([O-])OCC1C(C(C(O1)N2C=CC(=NC2=O)N)O)O)OC(=O)CCCCCCCCCCCCCCCCC
CDP-1,2-ditetradec-7-enoylglycerol	CCCCCCC=CCCCCCC(=O)OCC(COP(=O)(O)OP(=O)(O)OCC1C(C(C(O1)N2C=CC(=NC2=O)N)O)O)OC(=O)CCCCCC=CCCCCCC
CDP-1,2-ditetradecanoylglycerol	CCCCCCCCCCCCCC(=O)OCC(COP(=O)(O)OP(=O)(O)OCC1C(C(C(O1)N2C=CC(=NC2=O)N)O)O)OC(=O)CCCCCCCCCCCCC
Cis-3-(3-carboxyethyl)-3,5-cyclohexadiene-1,2-diol	C1=CC(C(C(=C1)CCC(=O)[O-])O)O
Cellobiose	C(C1C(C(C(C(O1)OC2C(OC(C(C2O)O)O)CO)O)O)O)O
Cis-3-(3-carboxyethenyl)-3,5-cyclohexadiene-1,2-diol	C1=CC(C(C(=C1)C=CC(=O)O)O)O
Methane	C
Chorismate	C=C(C(=O)O)OC1C=C(C=CC1O)C(=O)O
Diacetylchitobiose-6-phosphate	CC(=O)NC1C(C(C(OC1O)CO)OC2C(C(C(C(O2)COP(=O)(O)O)O)O)NC(=O)C)O
N,N'-diacetylchitobiose	CC(=O)NC1C(C(C(OC1O)CO)OC2C(C(C(C(O2)CO)O)O)NC(=O)C)O
Trans-Cinnamate	C1=CC=C(C=C1)C=CC(=O)[O-]
Citrate	C(C(=O)[O-])C(CC(=O)[O-])(C(=O)[O-])O
L-Citrulline	C(CC(C(=O)O)N)CNC(=O)N
CMP-3-deoxy-D-manno-octulosonate	C1C(C(C(OC1(C(=O)O)OP(=O)(O)OCC2C(C(C(O2)N3C=CC(=NC3=O)N)O)O)C(CO)O)O)O
Chloride	[Cl-]
Cardiolipin (tetratetradecanoyl, n-C14:0)	CCCCCCCCCCCCCC(=O)OCC(COP(=O)([O-])OCC(COP(=O)([O-])OCC(COC(=O)CCCCCCCCCCCCC)OC(=O)CCCCCCCCCCCCC)O)OC(=O)CCCCCCCCCCCCC
Cardiolipin (tetrahexadecanoyl, n-C16:0)	CCCCCCCCCCCCCCCC(=O)OCC(COP(=O)([O-])OCC(COP(=O)([O-])OCC(COC(=O)CCCCCCCCCCCCCCC)OC(=O)CCCCCCCCCCCCCCC)O)OC(=O)CCCCCCCCCCCCCCC
Cardiolipin (tetrahexadec-9-enoyl, n-C16:1)	CCCCCCC=CCCCCCCCC(=O)OCC(COP(=O)(O)OCC(COP(=O)(O)OCC(COC(=O)CCCCCCCC=CCCCCCC)OC(=O)CCCCCCCC=CCCCCCC)O)OC(=O)CCCCCCCC=CCCCCCC
Cardiolipin (tetraoctadec-11-enoyl, n-C18:1)	CCCCCCC=CCCCCCCCCCC(=O)OCC(COP(=O)(O)OCC(COP(=O)(O)OCC(COC(=O)CCCCCCCCCC=CCCCCCC)OC(=O)CCCCCCCCCC=CCCCCCC)O)OC(=O)CCCCCCCCCC=CCCCCCC
Chloramphenicol	C1=CC(=CC=C1C(C(CO)NC(=O)C(Cl)Cl)O)[N+](=O)[O-]
Coenzyme A	CC(C)(COP(=O)(O)OP(=O)(O)OCC1C(C(C(O1)N2C=NC3=C(N=CN=C32)N)O)OP(=O)(O)O)C(C(=O)NCCC(=O)NCCS)O
Co2+	[Co+2]
Cyclopropane phosphatidylethanolamine (dihexadec-9,10-cyclo-anoyl, n-C16:0 cyclo)	CCCCCCC1CC1CCCCCCCC(=O)OCC(COP(=O)([O-])OCC[NH3+])OC(=O)CCCCCCCC2CC2CCCCCC
Cyclopropane phosphatidylglycerol (dihexadec-9,10-cyclo-anoyl, n-C16:0 cyclo)	CCCCCCC1CC1CCCCCCCC(=O)OCC(COP(=O)([O-])OCC(CO)O)OC(=O)CCCCCCCC2CC2CCCCCC
Cyclopropane phosphatidylglycerol (dioctadec-11,12-cyclo-anoyl, n-C18:0 cyclo)	CCCCCCC1CC1CCCCCCCCCC(=O)OCC(COP(=O)([O-])OCC(CO)O)OC(=O)CCCCCCCCCC2CC2CCCCCC
Coprogen	CC(=CC(=O)N(CCCC1C(=O)NC(C(=O)N1)CCCN(C(=O)C=C(C)CCOC(=O)C(CCCN(C(=O)C=C(C)CCO)[O-])NC(=O)C)[O-])[O-])CCO.[Fe+3]
6-carboxy-5,6,7,8-tetrahydropterin	C1C(NC2=C(N1)N=C(NC2=O)N)C(=O)O
Cyclic pyranopterin monophosphate	C1C2C(C(C3C(O2)NC4=C(N3)C(=O)NC(=N4)N)(O)O)OP(=O)(O1)O
Coproporphyrinogen III	CC1=C2CC3=C(C(=C(N3)CC4=C(C(=C(N4)CC5=C(C(=C(N5)CC(=C1CCC(=O)O)N2)C)CCC(=O)O)C)CCC(=O)O)CCC(=O)O)C
D-carnitinyl-CoA	CC(C)(COP(=O)([O-])OP(=O)([O-])OCC1C(C(C(O1)N2C=NC3=C(N=CN=C32)N)O)OP(=O)([O-])[O-])C(C(=O)NCCC(=O)NCCSC(=O)CC(C[N+](C)(C)C)O)O
D-Carnitine	C[N+](C)(C)CC(CC(=O)[O-])O
L-Carnitine	C[N+](C)(C)CC(CC(=O)[O-])O
L-Carnitinyl-CoA	CC(C)(COP(=O)([O-])OP(=O)([O-])OCC1C(C(C(O1)N2C=NC3=C(N=CN=C32)N)O)OP(=O)([O-])[O-])C(C(=O)NCCC(=O)NCCSC(=O)CC(C[N+](C)(C)C)O)O
Cesium ion	[Cs+]
Cytosine	C1=C(NC(=O)N=C1)N
Crotonobetaine	C[N+](C)(C)CC=CC(=O)[O-]
Crotonobetainyl-CoA	CC(C)(COP(=O)(O)OP(=O)(O)OCC1C(C(C(O1)N2C=NC3=C(N=CN=C32)N)O)OP(=O)(O)O)C(C(=O)NCCC(=O)NCCSC(=O)C=CC[N+](C)(C)C)O
Copper	[Cu]
Cu+	[Cu+]
Curcumin	COC1=C(C=CC(=C1)C=CC(=O)CC(=O)C=CC2=CC(=C(C=C2)O)OC)O
Carboxy-S-adenosyl-L-methionine	C1=NC(=C2C(=N1)N(C=N2)C3C(C(C(O3)C[S+](CCC(C(=O)[O-])[NH3+])CC(=O)[O-])O)O)N
Hydrogen cyanide	C#N
Cyanate	C(=[N-])=O
D-Cysteine	C(C(C(=O)O)N)S
L-Cysteine	C(C(C(=O)O)N)S
L-Cystathionine	C(CSCC(C(=O)O)N)C(C(=O)O)N
Cytidine	C1=CN(C(=O)N=C1N)C2C(C(C(O2)CO)O)O
Deoxyadenosine	C1C(C(OC1N2C=NC3=C(N=CN=C32)N)CO)O
5'-Deoxyadenosine	CC1C(C(C(O1)N2C=NC3=C(N=CN=C32)N)O)O
7,8-Diaminononanoate	CC(C(CCCCCC(=O)[O-])N)N
3,4-dihydroxy-2-butanone 4-phosphate	CC(=O)C(COP(=O)(O)O)O
Trans-Dec-2-enoyl-CoA	CCCCCCCC=CC(=O)SCCNC(=O)CCNC(=O)C(C(C)(C)COP(=O)(O)OP(=O)(O)OCC1C(C(C(O1)N2C=NC3=C(N=CN=C32)N)O)OP(=O)(O)O)O
Decanoyl-CoA (n-C10:0CoA)	CCCCCCCCCC(=O)SCCNC(=O)CCNC(=O)C(C(C)(C)COP(=O)(O)OP(=O)(O)OCC1C(C(C(O1)N2C=NC3=C(N=CN=C32)N)O)OP(=O)(O)O)O
N6-(1,2-Dicarboxyethyl)-AMP	C1=NC(=C2C(=N1)N(C=N2)C3C(C(C(O3)COP(=O)(O)O)O)O)NC(CC(=O)O)C(=O)O
Deoxycytidine	C1C(C(OC1N2C=CC(=NC2=O)N)CO)O
Trans-Dodec-2-enoyl-CoA	CCCCCCCCCC=CC(=O)SCCNC(=O)CCNC(=O)C(C(C)(C)COP(=O)(O)OP(=O)(O)OCC1C(C(C(O1)N2C=NC3=C(N=CN=C32)N)O)OP(=O)(O)O)O
Dodecanoyl-CoA (n-C12:0CoA)	CCCCCCCCCCCC(=O)SCCNC(=O)CCNC(=O)C(C(C)(C)COP(=O)([O-])OP(=O)([O-])OCC1C(C(C(O1)N2C=NC3=C(N=CN=C32)N)O)OP(=O)([O-])[O-])O
Selenodiglutathione	C(CC(=O)NC(CS[Se]SCC(C(=O)NCC(=O)O)NC(=O)CCC(C(=O)O)N)C(=O)NCC(=O)O)C(C(=O)O)N
Deoxyguanosine	C1C(C(OC1N2C=NC3=C2N=C(NC3=O)N)CO)O
Dihydroxyacetone	C(C(=O)CO)O
Dihydroxyacetone phosphate	C(C(=O)COP(=O)(O)O)O
Dihydrocurcumin	COC1=C(C=CC(=C1)CCC(=O)CC(=O)C=CC2=CC(=C(C=C2)O)OC)O
7,8-Dihydrofolate	C1C(=NC2=C(N1)N=C(NC2=O)N)CNC3=CC=C(C=C3)C(=O)NC(CCC(=O)[O-])C(=O)[O-]
Dehydroglycine	C(=N)C(=O)O
Dihydromonapterin-triphosphate	C1C(=NC2=C(N1)N=C(NC2=O)N)C(C(COP(=O)([O-])OP(=O)([O-])OP(=O)([O-])[O-])O)O
1,4-Dihydroxy-2-naphthoate	C1=CC=C2C(=C1)C(=CC(=C2[O-])C(=O)O)O
Dihydroneopterin	C1C(=NC2=C(N1)N=C(NC2=O)N)C(C(CO)O)O
(S)-Dihydroorotate	C1C(NC(=O)NC1=O)C(=O)O
3-(2,3-Dihydroxyphenyl)propanoate	C1=CC(=C(C(=C1)O)O)CCC(=O)[O-]
2,3-Dihydroxypropane-1-sulfonate	C(C(CS(=O)(=O)[O-])O)O
Dihydropteroate	C1C(=NC2=C(N1)N=C(NC2=O)N)CNC3=CC=C(C=C3)C(=O)O
4,5-dihydroxy-2,3-pentanedione	CC(=O)C(=O)C(CO)O
3-hydroxy-5-phosphonooxypentane-2,4-dione	CC(=O)C(C(=O)COP(=O)(O)O)O
6,7-Dihydropteridine	C1CN=C2C(=N1)C=NC=N2
(4S)-4-hydroxy-5-phosphonooxypentane-2,3-dione	CC(=O)C(=O)C(COP(=O)(O)O)O
Deoxyinosine	C1C(C(OC1N2C=NC3=C2N=CNC3=O)CO)O
DITP(4-)	C1C(C(OC1N2C=NC3=C2N=CNC3=O)COP(=O)([O-])OP(=O)([O-])OP(=O)([O-])[O-])O
2,5-Diketo-3-deoxy-D-gluconate	C(C(C(=O)CO)O)C(=O)C(=O)O
5,6-Dimethylbenzimidazole	CC1=CC2=C(C=C1C)N=CN2
6,7-Dimethyl-8-(1-D-ribityl)lumazine	CC1=C(N(C2=NC(=O)NC(=O)C2=N1)CC(C(C(CO)O)O)O)C
Dimethylallyl diphosphate	CC(=CCOP(=O)(O)OP(=O)(O)O)C
Dimethyl sulfide	CSC
Dimethyl sulfoxide	CS(=O)C
Deamino-NAD+	C1=CC(=C[N+](=C1)C2C(C(C(O2)COP(=O)(O)OP(=O)(O)OCC3C(C(C(O3)N4C=NC5=C(N=CN=C54)N)O)O)O)O)C(=O)O
Dopamine	C1=CC(=C(C=C1CCN)O)O
Doxorubicin	CC1C(C(CC(O1)OC2CC(CC3=C2C(=C4C(=C3O)C(=O)C5=C(C4=O)C(=CC=C5)OC)O)(C(=O)CO)O)N)O
Dephospho-CoA	CC(C)(COP(=O)(O)OP(=O)(O)OCC1C(C(C(O1)N2C=NC3=C(N=CN=C32)N)O)O)C(C(=O)NCCC(=O)NCCS)O
Dihydrosirohydrochlorin	CC1(C(C2=CC3=NC(=CC4=C(C(=C(N4)CC5=C(C(=C(N5)C=C1N2)CC(=O)O)CCC(=O)O)CCC(=O)O)CC(=O)O)C(C3(C)CC(=O)O)CCC(=O)O)CCC(=O)O)CC(=O)O
4-Deoxy-L-threo-5-hexosulose uronate	C(C(C(C=O)O)O)C(=O)C(=O)[O-]
Dethiobiotin	CC1C(NC(=O)N1)CCCCCC(=O)O
DTDP-4-acetamido-4,6-dideoxy-D-galactose	CC1C(C(C(C(O1)OP(=O)(O)OP(=O)(O)OCC2C(CC(O2)N3C=C(C(=O)NC3=O)C)O)O)O)NC(=O)C
DTDP-4-amino-4,6-dideoxy-D-galactose	CC1C(C(C(C(O1)OP(=O)(O)OP(=O)(O)OCC2C(CC(O2)N3C=C(C(=O)NC3=O)C)O)O)O)N
DTDP-4-dehydro-6-deoxy-D-glucose	CC1C(=O)C(C(C(O1)OP(=O)(O)OP(=O)(O)OCC2C(CC(O2)N3C=C(C(=O)NC3=O)C)O)O)O
DTDP-4-dehydro-6-deoxy-L-mannose	CC1C(=O)C(C(C(O1)OP(=O)(O)OP(=O)(O)OCC2C(CC(O2)N3C=C(C(=O)NC3=O)C)O)O)O
DTDPglucose	CC1=CN(C(=O)NC1=O)C2CC(C(O2)COP(=O)(O)OP(=O)(O)OC3C(C(C(C(O3)CO)O)O)O)O
DTDP-L-rhamnose	CC1C(C(C(C(O1)OP(=O)(O)OP(=O)(O)OCC2C(CC(O2)N3C=C(C(=O)NC3=O)C)O)O)O)O
2-hydroxyethyldisulfide	C(CSSCCO)O
Deoxyuridine	C1C(C(OC1N2C=CC(=O)NC2=O)CO)O
1-deoxy-D-xylulose 5-phosphate	CC(=O)C(C(COP(=O)(O)O)O)O
1-deoxy-D-xylulose	CC(=O)C(C(CO)O)O
D-Xylonate	C(C(C(C(C(=O)[O-])O)O)O)O
D-Erythrose 4-phosphate	C(C(C(C=O)O)O)OP(=O)(O)O
D-erythro-1-(Imidazol-4-yl)glycerol 3-phosphate	C1=C(NC=N1)C(C(COP(=O)(O)O)O)O
Enterochelin	C1C(C(=O)OCC(C(=O)OCC(C(=O)O1)NC(=O)C2=C(C(=CC=C2)O)O)NC(=O)C3=C(C(=CC=C3)O)O)NC(=O)C4=C(C(=CC=C4)O)O
D-erythrose	C(C(C(C=O)O)O)O
Ethanolamine	C(CO)N
Ethanesulfonate	CCS(=O)(=O)[O-]
Ethanol	CCO
D-Fructose 1-phosphate	C(C(C(C(C(=O)COP(=O)(O)O)O)O)O)O
D-Fructose 6-phosphate	C(C1C(C(C(O1)(CO)O)O)O)OP(=O)(O)O
Fluoride	[F-]
Flavin adenine dinucleotide reduced	CC1=CC2=C(C=C1C)N(C3=C(N2)C(=O)NC(=O)N3)CC(C(C(COP(=O)(O)OP(=O)(O)OCC4C(C(C(O4)N5C=NC6=C(N=CN=C65)N)O)O)O)O)O
Formaldehyde	C=O
L-Fuculose 1-phosphate	CC(C(C(C(=O)COP(=O)(O)O)O)O)O
L-fuculose	CC(C(C(C(=O)CO)O)O)O
D-Fructose 1,6-bisphosphate	C(C1C(C(C(O1)(COP(=O)(O)O)O)O)O)OP(=O)(O)O
Iron (Fe3+)	[Fe+3]
Fe(III)dicitrate	C(C(=O)[O-])C(CC(=O)[O-])(C(=O)[O-])O.C(C(=O)[O-])C(CC(=O)[O-])(C(=O)[O-])O.[Fe+3]
Ferrichrome	CC(=O)N(CCCC1C(=O)NC(C(=O)NC(C(=O)NCC(=O)NCC(=O)NCC(=O)N1)CCCN(C(=O)C)[O-])CCCN(C(=O)C)[O-])[O-].[Fe+3]
Fe-enterobactin	C1C(C(=O)OCC(C(=O)OCC(C(=O)O1)NC(=O)C2=C(C(=CC=C2)[O-])[O-])NC(=O)C3=C(C(=CC=C3)[O-])[O-])NC(=O)C4=C(C(=CC=C4)[O-])[O-].[Fe+3]
N2-Formyl-N1-(5-phospho-D-ribosyl)glycinamide	C(C1C(C(C(O1)NC(=O)CNC=O)O)O)OP(=O)(O)O
Reduced FMN	CC1=CC2=C(C=C1C)N(C3=C(N2)C(=O)NC(=O)N3)CC(C(C(COP(=O)(O)O)O)O)O
Formate	C(=O)[O-]
Formyl-CoA(4-)	CC(C)(COP(=O)([O-])OP(=O)([O-])OCC1C(C(C(O1)N2C=NC3=C(N=CN=C32)N)O)OP(=O)([O-])[O-])C(C(=O)NCCC(=O)NCCSC=O)O
2-(Formamido)-N1-(5-phospho-D-ribosyl)acetamidine	C(C1C(C(C(O1)N=C(CNC=O)N)O)O)OP(=O)(O)O
5-Formamido-1-(5-phospho-D-ribosyl)imidazole-4-carboxamide	C1=NC(=C(N1C2C(C(C(O2)COP(=O)(O)O)O)O)NC=O)C(=O)N
Farnesyl diphosphate	CC(=CCCC(=CCCC(=CCOP(=O)(O)OP(=O)(O)O)C)C)C
D-Fructose	C1C(C(C(C(O1)(CO)O)O)O)O
Fructoselysine	C(CCNCC(=O)C(C(C(CO)O)O)O)CC(C(=O)O)N
D-Fructuronate	C(C1(C(C(C(O1)C(=O)O)O)O)O)O
L-Fucose	CC1C(C(C(C(O1)O)O)O)O
Fumarate	C(=CC(=O)[O-])C(=O)[O-]
Fusidic acid	CC1C2CCC3(C(C2(CCC1O)C)C(CC4C3(CC(C4=C(CCC=C(C)C)C(=O)O)OC(=O)C)C)O)C
D-Glucose 1-phosphate	C(C1C(C(C(C(O1)OP(=O)(O)O)O)O)O)O
Glyceraldehyde 3-phosphate	C(C(C=O)O)OP(=O)(O)O
Sn-Glycero-3-phosphocholine	C[N+](C)(C)CCOP(=O)([O-])OCC(CO)O
Sn-Glycero-3-phosphoethanolamine	C(COP(=O)(O)OCC(CO)O)N
Glycerophosphoglycerol	C(C(COP(=O)(O)OCC(CO)O)O)O
Sn-Glycero-3-phospho-1-inositol	C(C(COP(=O)(O)OC1C(C(C(C(C1O)O)O)O)O)O)O
Glycerophosphoserine	C(C(COP(=O)(O)OCC(C(=O)O)N)O)O
D-Glucose 6-phosphate	C(C(C(C(C(C=O)O)O)O)O)OP(=O)(O)O
Galactosyl-glucosyl-inner core oligosaccharide lipid A	CCCCCCCCCCCCCC(=O)OC(CCCCCCCCCCC)CC(=O)OC1C(C(OC(C1OP(=O)([O-])[O-])COC2(CC(C(C(O2)C(CO)O)OC3C(C(C(C(O3)C(CO)O)OP(=O)([O-])[O-])OC4C(C(C(C(O4)C(COC5C(C(C(C(O5)C(CO)O)O)O)O)O)OP(=O)([O-])[O-])OC6C(C(C(C(O6)COC7C(C(C(C(O7)CO)O)O)O)O)O)O)O)O)OC8(CC(C(C(O8)C(CO)O)O)OC9(CC(C(C(O9)C(CO)O)OC1C(C(C(C(O1)C)O)O)O)O)C(=O)[O-])C(=O)[O-])C(=O)[O-])OCC1C(C(C(C(O1)OP(=O)([O-])[O-])NC(=O)CC(CCCCCCCCCCC)O)OC(=O)CC(CCCCCCCCCCC)O)O)NC(=O)CC(CCCCCCCCCCC)OC(=O)CCCCCCCCCCC
Alpha-D-Galactose 1-phosphate	C(C1C(C(C(C(O1)OP(=O)(O)O)O)O)O)O
Beta D-Galactose	C(C1C(C(C(C(O1)O)O)O)O)O
D-Galactose	C(C1C(C(C(C(O1)O)O)O)O)O
D-Galactarate	C(C(C(C(=O)O)O)O)(C(C(=O)O)O)O
D-Galactonate	C(C(C(C(C(C(=O)[O-])O)O)O)O)O
L-Galactonate	C(C(C(C(C(C(=O)[O-])O)O)O)O)O
Galactitol 1-phosphate	C(C(C(C(C(COP(=O)(O)O)O)O)O)O)O
Galactitol	C(C(C(C(C(CO)O)O)O)O)O
D-Galacturonate	C1(C(C(OC(C1O)O)C(=O)O)O)O
D-Glucosamine 1-phosphate	C(C1C(C(C(C(O1)OP(=O)(O)O)N)O)O)O
D-Glucosamine 6-phosphate	C(C1C(C(C(C(O1)O)N)O)O)OP(=O)(O)O
D-Glucosamine	C(C1C(C(C(C(O1)O)N)O)O)O
N1-(5-Phospho-D-ribosyl)glycinamide	C(C1C(C(C(O1)NC(=O)CN)O)O)OP(=O)(O)O
Glucosyl-O-acetyl-rhamanosyl-N-acetylglucosamyl-undecaprenyl diphosphate	CC1C(C(C(C(O1)OC2C(C(OC(C2O)CO)OP(=O)([O-])OP(=O)([O-])OCC=C(C)CCC=C(C)CCC=C(C)CCC=C(C)CCC=C(C)CCC=C(C)CCC=C(C)CCC=C(C)CCC=C(C)CCC=C(C)CCC=C(C)C)NC(=O)C)OC(=O)C)OC3C(C(C(C(O3)CO)O)O)O)O
Gamma-butyrobetaine	C[N+](C)(C)CCCC(=O)[O-]
Glycolaldehyde	C(C=O)O
GDP-4-dehydro-6-deoxy-D-mannose	CC1C(=O)C(C(C(O1)OP(=O)(O)OP(=O)(O)OCC2C(C(C(O2)N3C=NC4=C3N=C(NC4=O)N)O)O)O)O
GDP-L-fucose	CC1C(C(C(C(O1)OP(=O)(O)OP(=O)(O)OCC2C(C(C(O2)N3C=NC4=C3N=C(NC4=O)N)O)O)O)O)O
GDP-D-mannose	C1=NC2=C(N1C3C(C(C(O3)COP(=O)(O)OP(=O)(O)OC4C(C(C(C(O4)CO)O)O)O)O)O)N=C(NC2=O)N
GDP-4-oxo-L-fucose	CC1C(=O)C(C(C(O1)OP(=O)([O-])OP(=O)([O-])OCC2C(C(C(O2)N3C=NC4=C3N=C(NC4=O)N)O)O)O)O
Guanosine 3'-diphosphate 5'-triphosphate	C1=NC2=C(N1C3C(C(C(O3)COP(=O)(O)OP(=O)(O)OP(=O)(O)O)OP(=O)(O)OP(=O)(O)O)O)N=C(NC2=O)N
Galactofuranosyl-glucosyl-O-acetyl-rhamanosyl-N-acetylglucosamyl-undecaprenyl diphosphate	CC1C(C(C(C(O1)OC2C(C(OC(C2O)CO)OP(=O)([O-])OP(=O)([O-])OCC=C(C)CCC=C(C)CCC=C(C)CCC=C(C)CCC=C(C)CCC=C(C)CCC=C(C)CCC=C(C)CCC=C(C)CCC=C(C)CCC=C(C)C)NC(=O)C)OC(=O)C)OC3C(C(C(C(O3)COC4C(C(C(O4)C(CO)O)O)O)O)O)O)O
Gamma-glutamyl-gamma aminobutyric acid	C(CC(=O)O)CNC(=O)CCC(C(=O)O)N
Glucosyl-galactosyl-glucosyl-inner core oligosaccharide lipid A	CCCCCCCCCCCCCC(=O)OC(CCCCCCCCCCC)CC(=O)OC1C(C(OC(C1OP(=O)([O-])[O-])COC2(CC(C(C(O2)C(CO)O)OC3C(C(C(C(O3)C(CO)O)OP(=O)([O-])[O-])OC4C(C(C(C(O4)C(COC5C(C(C(C(O5)C(CO)O)O)O)O)O)OP(=O)([O-])[O-])OC6C(C(C(C(O6)COC7C(C(C(C(O7)CO)O)O)O)O)OC8C(C(C(C(O8)CO)O)O)O)O)O)O)OC9(CC(C(C(O9)C(CO)O)O)OC1(CC(C(C(O1)C(CO)O)OC1C(C(C(C(O1)C)O)O)O)O)C(=O)[O-])C(=O)[O-])C(=O)[O-])OCC1C(C(C(C(O1)OP(=O)([O-])[O-])NC(=O)CC(CCCCCCCCCCC)O)OC(=O)CC(CCCCCCCCCCC)O)O)NC(=O)CC(CCCCCCCCCCC)OC(=O)CCCCCCCCCCC
Gamma-glutamyl-gamma-butyraldehyde	C(CC=O)CNC(=O)CCC(C(=O)O)N
Glucosyl-glucosyl-galactosyl-glucosyl-inner core oligosaccharide lipid A	CCCCCCCCCCCCCC(=O)OC(CCCCCCCCCCC)CC(=O)OC1C(C(OC(C1OP(=O)([O-])[O-])COC2(CC(C(C(O2)C(CO)O)OC3C(C(C(C(O3)C(CO)O)OP(=O)([O-])[O-])OC4C(C(C(C(O4)C(COC5C(C(C(C(O5)C(CO)O)O)O)O)O)OP(=O)([O-])[O-])OC6C(C(C(C(O6)COC7C(C(C(C(O7)CO)O)O)O)O)OC8C(C(C(C(O8)CO)O)O)OC9C(C(C(C(O9)CO)O)O)O)O)O)O)OC1(CC(C(C(O1)C(CO)O)O)OC1(CC(C(C(O1)C(CO)O)OC1C(C(C(C(O1)C)O)O)O)O)C(=O)[O-])C(=O)[O-])C(=O)[O-])OCC1C(C(C(C(O1)OP(=O)([O-])[O-])NC(=O)CC(CCCCCCCCCCC)O)OC(=O)CC(CCCCCCCCCCC)O)O)NC(=O)CC(CCCCCCCCCCC)OC(=O)CCCCCCCCCCC
Gamma-glutamyl-putrescine	C(CCNC(=O)CCC(C(=O)O)N)CN
Gamma-hydroxybutyrate	C(CC(=O)O)CO
D-Glucose	C(C1C(C(C(C(O1)O)O)O)O)O
D-Gluconate	C(C(C(C(C(C(=O)[O-])O)O)O)O)O
D-Glucarate	C(C(C(C(=O)O)O)O)(C(C(=O)O)O)O
D-Glucuronate 1-phosphate	C1(C(C(OC(C1O)OP(=O)(O)O)C(=O)O)O)O
D-Glucuronate	C1(C(C(OC(C1O)O)C(=O)O)O)O
L-Glutamine	C(CC(=O)N)C(C(=O)O)N
L-Glutamate 1-semialdehyde	C(CC(=O)O)C(C=O)N
L-Glutamate 5-phosphate	C(CC(=O)OP(=O)(O)O)C(C(=O)O)N
L-Glutamate 5-semialdehyde	C(CC(C(=O)O)N)C=O
D-Glutamate	C(CC(=O)O)C(C(=O)O)N
L-Glutamate	C(CC(=O)O)C(C(=O)O)N
Gamma-L-Glutamyl-L-cysteine	C(CC(=O)NC(CS)C(=O)O)C(C(=O)O)N
Glyoxylate	C(=O)C(=O)O
Glycine	C(C(=O)O)N
D-Glyceraldehyde	C(C(C=O)O)O
Glycine betaine	C[N+](C)(C)CC(=O)[O-]
Glycerol 2-phosphate	C(C(CO)OP(=O)(O)O)O
Glycerol 3-phosphate	C(C(COP(=O)(O)O)O)O
(R)-Glycerate	C(C(C(=O)O)O)O
Glycerol	C(C(CO)O)O
D-Glycero-D-manno-heptose 1,7-bisphosphate	C(C(C1C(C(C(C(O1)OP(=O)(O)O)O)O)O)O)OP(=O)(O)O
D-Glycero-D-manno-heptose 1-phosphate	C(C(C1C(C(C(C(O1)OP(=O)(O)O)O)O)O)O)O
D-Glycero-D-manno-heptose 7-phosphate	C(C(C1C(C(C(C(O1)O)O)O)O)O)OP(=O)(O)O
P1,P4-Bis(5'-guanosyl) tetraphosphate	C1=NC2=C(N1C3C(C(C(O3)COP(=O)(O)OP(=O)(O)OP(=O)(O)OP(=O)(O)OCC4C(C(C(O4)N5C=NC6=C5N=C(NC6=O)N)O)O)O)O)N=C(NC2=O)N
Geranyl diphosphate	CC(=CCCC(=CCOP(=O)(O)OP(=O)(O)O)C)C
Guanosine	C1=NC2=C(N1C3C(C(C(O3)CO)O)O)N=C(NC2=O)N
Reduced glutathione	C(CC(=O)NC(CS)C(=O)NCC(=O)O)C(C(=O)O)N
Glutathionylspermidine	C(CCNCCCNC(=O)CNC(=O)C(CS)NC(=O)CCC(C(=O)O)N)CN
Guanine	C1=NC2=C(N1)C(=O)NC(=N2)N
Hydrogen	[HH]
1-hydroxy-2-methyl-2-(E)-butenyl 4-diphosphate	CC(=CCOP(=O)([O-])OP(=O)([O-])[O-])CO
Hydrogen peroxide	OO
Hydrogen sulfide	S
H+	[H+]
Bicarbonate	C(=O)(O)[O-]
L-Homocysteine	C(CS)C(C(=O)O)N
Hexadecanoate (n-C16:0)	CCCCCCCCCCCCCCCC(=O)O
Hexadecenoate (n-C16:1)	CCCCCCC=CCCCCCCCC(=O)O
Trans-Hexadec-2-enoyl-CoA	CCCCCCCCCCCCCC=CC(=O)SCCNC(=O)CCNC(=O)C(C(C)(C)COP(=O)(O)OP(=O)(O)OCC1C(C(C(O1)N2C=NC3=C(N=CN=C32)N)O)OP(=O)(O)O)O
Heptosyl-heptosyl-kdo2-lipidA	CCCCCCCCCCCCCC(=O)OC(CCCCCCCCCCC)CC(=O)OC1C(C(OC(C1OP(=O)([O-])[O-])COC2(CC(C(C(O2)C(CO)O)OC3C(C(C(C(O3)C(CO)O)O)OC4C(C(C(C(O4)C(CO)O)O)O)O)O)OC5(CC(C(C(O5)C(CO)O)O)O)C(=O)[O-])C(=O)[O-])OCC6C(C(C(C(O6)OP(=O)([O-])[O-])NC(=O)CC(CCCCCCCCCCC)O)OC(=O)CC(CCCCCCCCCCC)O)O)NC(=O)CC(CCCCCCCCCCC)OC(=O)CCCCCCCCCCC
L-Histidine	C1=C(NC=N1)CC(C(=O)O)N
L-Histidinol phosphate	C1=C(NC=N1)CC(COP(=O)(O)O)N
L-Histidinol	C1=C(NC=N1)CC(CO)N
2-Hydroxy-6-oxonona-2,4-diene-1,9-dioate	C(CC(=O)O)C(=O)C=CC=C(C(=O)O)O
2-hydroxy-6-ketononatrienedioate	C(=CC(=O)C=CC(=O)O)C=C(C(=O)O)O
Hydroxymethylbilane	C1=C(C(=C(N1)CC2=C(C(=C(N2)CC3=C(C(=C(N3)CC4=C(C(=C(N4)CO)CC(=O)O)CCC(=O)O)CC(=O)O)CCC(=O)O)CC(=O)O)CCC(=O)O)CC(=O)O)CCC(=O)O
Hydroxymethylglutathione	C(CC(=O)NC(CS)C(=O)NCC(=O)O)C(C(=O)O)NCO
L-Homoserine	C(CO)C(C(=O)O)N
Heptosyl-phospho-heptosyl-heptosyl-kdo2-lipidA	CCCCCCCCCCCCCC(=O)OC(CCCCCCCCCCC)CC(=O)OC1C(C(OC(C1OP(=O)([O-])[O-])COC2(CC(C(C(O2)C(CO)O)OC3C(C(C(C(O3)C(CO)O)O)OC4C(C(C(C(O4)C(COC5C(C(C(C(O5)C(CO)O)O)O)O)O)OP(=O)([O-])[O-])O)O)O)OC6(CC(C(C(O6)C(CO)O)O)O)C(=O)[O-])C(=O)[O-])OCC7C(C(C(C(O7)OP(=O)([O-])[O-])NC(=O)CC(CCCCCCCCCCC)O)OC(=O)CC(CCCCCCCCCCC)O)O)NC(=O)CC(CCCCCCCCCCC)OC(=O)CCCCCCCCCCC
Hydroxypyruvate	C(C(=O)C(=O)O)O
Hydroquinone	C1=CC(=CC=C1O)O
Trans-Hex-2-enoyl-CoA	CCCC=CC(=O)SCCNC(=O)CCNC(=O)C(C(C)(C)COP(=O)(O)OP(=O)(O)OCC1C(C(C(O1)N2C=NC3=C(N=CN=C32)N)O)OP(=O)(O)O)O
Hexanoate (n-C6:0)	CCCCCC(=O)[O-]
Hypoxanthine	C1=NC2=C(N1)C(=O)NC=N2
Iminoaspartate	C(C(=N)C(=O)O)C(=O)O
Isochorismate	C=C(C(=O)[O-])OC1C=CC=C(C1O)C(=O)[O-]
Isocitrate	C(C(C(C(=O)O)O)C(=O)O)C(=O)O
L-Idonate	C(C(C(C(C(C(=O)O)O)O)O)O)O
L-Isoleucine	CCC(C)C(C(=O)O)N
3-(Imidazol-4-yl)-2-oxopropyl phosphate	C1=C(NC=N1)CC(=O)COP(=O)(O)O
Indole	C1=CC=C2C(=C1)C=CN2
Myo-Inositol	C1(C(C(C(C(C1O)O)O)O)O)O
Inosine	C1=NC2=C(C(=O)N1)N=CN2C3C(C(C(O3)CO)O)O
Isopentenyl diphosphate	CC(=C)CCOP(=O)(O)OP(=O)(O)O
Isoprimeverose	C1C(C(C(C(O1)OCC(C(C(C(C=O)O)O)O)O)O)O)O
Isethionic acid	C(CS(=O)(=O)O)O
Potassium	[K]
KDO(2)-lipid IV(A)	CCCCCCCCCCCC(CC(=O)NC1C(C(C(OC1OP(=O)(O)O)COC2C(C(C(C(O2)COC3(CC(C(C(O3)C(CO)O)O)OC4(CC(C(C(O4)C(CO)O)O)O)C(=O)O)C(=O)O)OP(=O)(O)O)OC(=O)CC(CCCCCCCCCCC)O)NC(=O)CC(CCCCCCCCCCC)O)O)OC(=O)CC(CCCCCCCCCCC)O)O
3-Deoxy-D-manno-octulosonate 8-phosphate	C(C(C(C(C(COP(=O)(O)O)O)O)O)O)C(=O)C(=O)O
3-Deoxy-D-manno-2-octulosonate	C(C(C(C(C(CO)O)O)O)O)C(=O)C(=O)O
KDO-lipid IV(A)	CCCCCCCCCCCC(CC(=O)NC1C(C(C(OC1OP(=O)(O)O)COC2C(C(C(C(O2)COC3(CC(C(C(O3)C(CO)O)O)O)C(=O)O)OP(=O)(O)O)OC(=O)CC(CCCCCCCCCCC)O)NC(=O)CC(CCCCCCCCCCC)O)O)OC(=O)CC(CCCCCCCCCCC)O)O
Kdo-phospho-heptosyl-phospho-heptosyl-heptosyl-kdo2-lipidA	CCCCCCCCCCCCCC(=O)OC(CCCCCCCCCCC)CC(=O)OC1C(C(OC(C1OP(=O)([O-])[O-])COC2(CC(C(C(O2)C(CO)O)OC3C(C(C(C(O3)C(CO)O)OP(=O)([O-])[O-])OC4C(C(C(C(O4)C(COC5C(C(C(C(O5)C(CO)O)O)O)O)O)OP(=O)([O-])[O-])O)O)O)OC6(CC(C(C(O6)C(CO)O)O)OC7(CC(C(C(O7)C(CO)O)O)O)C(=O)[O-])C(=O)[O-])C(=O)[O-])OCC8C(C(C(C(O8)OP(=O)([O-])[O-])NC(=O)CC(CCCCCCCCCCC)O)OC(=O)CC(CCCCCCCCCCC)O)O)NC(=O)CC(CCCCCCCCCCC)OC(=O)CCCCCCCCCCC
D-Lactate	CC(C(=O)O)O
L-Lactate	CC(C(=O)[O-])O
D-Lactaldehyde	CC(C=O)O
L-Lactaldehyde	CC(C=O)O
L-Leucine	CC(C)CC(C(=O)O)N
(R)-S-Lactoylglutathione	CC(C(=O)SCC(C(=O)NCC(=O)O)NC(=O)CCC(C(=O)O)N)O
Cold adapted KDO(2)-lipid (A)	CCCCCCCCCCCCCC(=O)OC(CCCCCCCCCCC)CC(=O)OC1C(C(OC(C1OP(=O)([O-])[O-])COC2(CC(C(C(O2)C(CO)O)O)OC3(CC(C(C(O3)C(CO)O)O)O)C(=O)[O-])C(=O)[O-])OCC4C(C(C(C(O4)OP(=O)([O-])[O-])NC(=O)CC(CCCCCCCCCCC)O)OC(=O)CC(CCCCCCCCCCC)O)O)NC(=O)CC(CCCCCCCCCCC)OC(=O)CCCCCCCC=CCCCCCC
2,3,2'3'-Tetrakis(beta-hydroxymyristoyl)-D-glucosaminyl-1,6-beta-D-glucosamine 1,4'-bisphosphate	CCCCCCCCCCCC(CC(=O)NC1C(C(C(OC1OP(=O)(O)O)COC2C(C(C(C(O2)CO)OP(=O)(O)O)OC(=O)CC(CCCCCCCCCCC)O)NC(=O)CC(CCCCCCCCCCC)O)O)OC(=O)CC(CCCCCCCCCCC)O)O
Lipid A Disaccharide	CCCCCCCCCCCC(CC(=O)NC1C(C(C(OC1OCC2C(C(C(C(O2)OP(=O)(O)O)NC(=O)CC(CCCCCCCCCCC)O)OC(=O)CC(CCCCCCCCCCC)O)O)CO)O)OC(=O)CC(CCCCCCCCCCC)O)O
Lipoyl-AMP	C1CSSC1CCCCC(=O)OP(=O)(O)OCC2C(C(C(O2)N3C=NC4=C(N=CN=C43)N)O)O
Lipoate	C1CSSC1CCCCC(=O)[O-]
2-dehydro-3-deoxy-L-rhamnonate	CC(C(CC(=O)C(=O)[O-])O)O
L-Lysine	C(CCN)CC(C(=O)O)N
L-Lyxose	C(C(C(C(C=O)O)O)O)O
D-Malate	C(C(C(=O)O)O)C(=O)O
L-Malate	C(C(C(=O)[O-])O)C(=O)[O-]
Malonyl-CoA methyl ester	CC(C)(COP(=O)(O)OP(=O)(O)OCC1C(C(C(O1)N2C=NC3=C(N=CN=C32)N)O)OP(=O)(O)O)C(C(=O)NCCC(=O)NCCSC(=O)CC(=O)OC)O
Maltose 6'-phosphate	C(C1C(C(C(C(O1)O)O)O)OC2C(C(C(C(O2)COP(=O)(O)O)O)O)O)O
Maltoheptaose	C(C1C(C(C(C(O1)OC2C(OC(C(C2O)O)OC3C(OC(C(C3O)O)OC4C(OC(C(C4O)O)OC5C(OC(C(C5O)O)OC6C(OC(C(C6O)O)OC(C(CO)O)C(C(C=O)O)O)CO)CO)CO)CO)CO)O)O)O)O
Maltohexaose	C(C1C(C(C(C(O1)OC2C(OC(C(C2O)O)OC3C(OC(C(C3O)O)OC4C(OC(C(C4O)O)OC5C(OC(C(C5O)O)OC(C(CO)O)C(C(C=O)O)O)CO)CO)CO)CO)O)O)O)O
Maltopentaose	C(C1C(C(C(C(O1)OC2C(OC(C(C2O)O)OC3C(OC(C(C3O)O)OC4C(OC(C(C4O)O)OC(C(CO)O)C(C(C=O)O)O)CO)CO)CO)O)O)O)O
Maltotetraose	C(C1C(C(C(C(O1)OC2C(OC(C(C2O)O)OC3C(OC(C(C3O)O)OC(C(CO)O)C(C(C=O)O)O)CO)CO)O)O)O)O
D-Mannose 1-phosphate	C(C1C(C(C(C(O1)OP(=O)(O)O)O)O)O)O
D-Mannose 6-phosphate	C(C1C(C(C(C(O1)O)O)O)O)OP(=O)(O)O
2(alpha-D-Mannosyl-6-phosphate)-D-glycerate	C(C1C(C(C(C(O1)OC(CO)C(=O)[O-])O)O)O)OP(=O)([O-])[O-]
D-Mannose	C(C1C(C(C(C(O1)O)O)O)O)O
D-Mannonate	C(C(C(C(C(C(=O)[O-])O)O)O)O)O
2(alpha-D-Mannosyl)-D-glycerate	C(C1C(C(C(C(O1)OC(CO)C(=O)[O-])O)O)O)O
N-monoacetylchitobiose 6'-phosphate	CC(=O)NC1C(C(C(OC1OC2C(OC(C(C2O)[NH3+])O)CO)COP(=O)([O-])[O-])O)O
(2R,4S)-2-methyl-2,4-dihydroxydihydrofuran-3-one	CC1(C(=O)C(CO1)O)O
Methanol	CO
Methylphosphonic acid	CP(=O)(O)O
Mercaptoethanol	C(CS)O
Mercaptopyruvate	C(C(=O)C(=O)O)S
D-Methionine	CSCCC(C(=O)O)N
L-Methionine	CSCCC(C(=O)O)N
1-O-methyl-Beta-D-glucuronate	COC1C(C(C(C(O1)C(=O)[O-])O)O)O
5,10-Methenyltetrahydrofolate	C1C2CN(C=[N+]2C3=C(N1)N=C(NC3=O)N)C4=CC=C(C=C4)C(=O)NC(CCC(=O)O)C(=O)O
L-methionine-R-sulfoxide	CS(=O)CCC(C(=O)[O-])[NH3+]
L-Methionine Sulfoxide	CS(=O)CCC(C(=O)O)N
Magnesium	[Mg]
1D-myo-Inositol 1-phosphate	C1(C(C(C(C(C1O)O)OP(=O)(O)O)O)O)O
Methylisocitrate	CC(C(CC(=O)[O-])C(=O)[O-])(C(=O)[O-])O
Minocycline	CN(C)C1C2CC3CC4=C(C=CC(=C4C(=C3C(=O)C2(C(=C(C1=O)C(=O)N)O)O)O)O)N(C)C
Myo-Inositol hexakisphosphate	C1(C(C(C(C(C1OP(=O)(O)O)OP(=O)(O)O)OP(=O)(O)O)OP(=O)(O)O)OP(=O)(O)O)OP(=O)(O)O
5,10-Methylenetetrahydrofolate	C1C2CN(CN2C3=C(N1)N=C(NC3=O)N)C4=CC=C(C=C4)C(=O)NC(CCC(=O)O)C(=O)O
(S)-Methylmalonyl-CoA	CC(C(=O)O)C(=O)SCCNC(=O)CCNC(=O)C(C(C)(C)COP(=O)(O)OP(=O)(O)OCC1C(C(C(O1)N2C=NC3=C(N=CN=C32)N)O)OP(=O)(O)O)O
S-Methyl-L-methionine	C[S+](C)CCC(C(=O)O)N
Manganese	[Mn]
D-Mannitol 1-phosphate	C(C(C(C(C(COP(=O)(O)O)O)O)O)O)O
D-Mannitol	C(C(C(C(C(CO)O)O)O)O)O
Molybdate	[O-][Mo](=O)(=O)[O-]
Molybdenum cofactor	C(C1C(=C(C2C(O1)NC3=C(N2)C(=O)NC(=N3)N)[S-])[S-])OP(=O)(O)O.O=[Mo+2]=O
Molybdopterin cytosine dinucleotide	C1=CN(C(=O)N=C1N)C2C(C(C(O2)COP(=O)(O)OP(=O)(O)OCC3C(=C(C4C(O3)NC5=C(N4)C(=O)NC(=N5)N)S)S)O)O
Molybdopterin guanine dinucleotide	C1=NC2=C(N1C3C(C(C(O3)COP(=O)(O)OP(=O)(O)OCC4C(=C(C5C(O4)NC6=C(N5)C(=O)NC(=N6)N)S)S)O)O)N=C(NC2=O)N
Molybdopterin	C(C1C(=C(C2C(O1)NC3=C(N2)C(=O)NC(=N3)N)S)S)OP(=O)(O)O
Menaquinol 8	CC1=C(C2=CC=CC=C2C(=C1CC=C(C)CCC=C(C)CCC=C(C)CCC=C(C)CCC=C(C)CCC=C(C)CCC=C(C)CCC=C(C)C)O)O
Menaquinone 8	CC1=C(C(=O)C2=CC=CC=C2C1=O)CC=C(C)CCC=C(C)CCC=C(C)CCC=C(C)CCC=C(C)CCC=C(C)CCC=C(C)CCC=C(C)C
Malonate semialdehyde	C(C=O)C(=O)[O-]
Methanesulfonate	CS(=O)(=O)[O-]
Methanetelluronate	C[Te](=O)(=O)[O-]
Methylglyoxal	CC(=O)C=O
(2R,4S)-2-methyl-2,3,3,4-tetrahydroxytetrahydrofuran	CC1(C(C(CO1)O)(O)O)O
Two disacharide linked murein units, tripeptide crosslinked tripeptide (A2pm->A2pm) (middle of chain)	CC1C(=O)NC(C(=O)NC(C(=O)NC(CCCC(NC(=O)C(NC(=O)C(NC(=O)C(OC2C(C(OC=C2NC(=O)C)CO)OC3C(C(C(C(O3)CO)OC4C(C(C(C(O4)CO)OC5C(C(C(C(O5)CO)O)O)NC(=O)C)OC(C(=O)N1)C)NC(=O)C)O)NC(=O)C)C)C)CCC(=O)O)C(=O)O)C(=O)O)CCCC(C(=O)O)N)CCC(=O)O
Two disacharide linked murein units, tripeptide crosslinked tetrapeptide (A2pm->D-ala) (middle of chain)	CC1C(=O)NC(C(=O)NC(C(=O)NC(C(=O)NC(CCCC(NC(=O)C(NC(=O)C(NC(=O)C(OC2C(C(OC=C2NC(=O)C)CO)OC3C(C(C(C(O3)CO)OC4C(C(C(C(O4)CO)OC5C(C(C(C(O5)CO)O)O)NC(=O)C)OC(C(=O)N1)C)NC(=O)C)O)NC(=O)C)C)C)CCC(=O)[O-])C(=O)O)C(=O)[O-])C)CCCC(C(=O)[O-])N)CCC(=O)[O-]
Three disacharide linked murein units (tetrapeptide crosslinked tetrapeptide (A2pm->D-ala), one uncrosslinked tetrapaptide) (middle of chain)	CC1C(=O)NC(C(=O)NC(C(=O)NC(C(=O)NC(CCCC(NC(=O)C(NC(=O)C(NC(=O)C(OC2C(C(OC=C2NC(=O)C)CO)OC3C(C(C(C(O3)CO)OC4C(C(C(C(O4)CO)OC5C(C(C(C(O5)CO)OC6C(C(C(C(O6)CO)OC7C(C(C(C(O7)CO)O)O)NC(=O)C)OC(C)C(=O)NC(C)C(=O)NC(CCC(=O)[O-])C(=O)NC(CCCC(C(=O)[O-])[NH3+])C(=O)NC(C)C(=O)[O-])NC(=O)C)O)NC(=O)C)OC(C(=O)N1)C)NC(=O)C)O)NC(=O)C)C)C)CCC(=O)[O-])C(=O)NC(C)C(=O)[O-])C(=O)[O-])C)CCCC(C(=O)[O-])[NH3+])CCC(=O)[O-]
Two disacharide linked murein units, pentapeptide crosslinked tetrapeptide (A2pm->D-ala) (middle of chain)	CC1C(=O)NC(C(=O)NC(C(=O)NC(C(=O)NC(CCCC(NC(=O)C(NC(=O)C(NC(=O)C(OC2C(C(OC=C2NC(=O)C)CO)OC3C(C(C(C(O3)CO)OC4C(C(C(C(O4)CO)OC5C(C(C(C(O5)CO)O)O)NC(=O)C)OC(C(=O)N1)C)NC(=O)C)O)NC(=O)C)C)C)CCC(=O)O)C(=O)NC(C)C(=O)NC(C)C(=O)O)C(=O)O)C)CCCC(C(=O)O)N)CCC(=O)O
Three disacharide linked murein units (pentapeptide crosslinked tetrapeptide (A2pm->D-ala) tetrapeptide corsslinked tetrapeptide (A2pm->D-ala)) (middle of chain)	CC1C(=O)NC(C(=O)NC2CCCC(NC(=O)C(NC(=O)C(NC(=O)C(NC(=O)C(NC(=O)C(OC3C(C(OC(C3OC4C(C(C(C(O4)CO)O)O)NC(=O)C)CO)OC5C(OC(C(C5O)NC(=O)C)OC6C(OC(C(C6OC(C(=O)N1)C)NC(=O)C)OC7C(OC(C(C7O)NC(=O)C)OC8C(OC=C(C8OC(C(=O)NC(C(=O)NC(C(=O)NC(CCCC(NC(=O)C(NC2=O)C)C(=O)O)C(=O)NC(C)C(=O)NC(C)C(=O)O)CCC(=O)O)C)C)NC(=O)C)CO)CO)CO)CO)NC(=O)C)C)C)CCC(=O)O)CCCC(C(=O)O)N)C)C(=O)O)CCC(=O)O
Nitrous oxide	[N-]=[N+]=O
N8-Acetylspermidine	CC(=O)NCCCCNCCCN
N-3-aminopropyl-1,5-diaminopentane	C(CCN)CCNCCCN
Sodium	[Na]
Nicotinate	C1=CC(=CN=C1)C(=O)[O-]
Nicotinamide adenine dinucleotide	C1=CC(=C[N+](=C1)C2C(C(C(O2)COP(=O)([O-])OP(=O)(O)OCC3C(C(C(O3)N4C=NC5=C(N=CN=C54)N)O)O)O)O)C(=O)N
(R)-NADHX	C1CC(=CN(C1O)C2C(C(C(O2)COP(=O)(O)OP(=O)(O)OCC3C(C(C(O3)N4C=NC5=C(N=CN=C54)N)O)O)O)O)C(=O)N
Nicotinamide adenine dinucleotide phosphate	C1=CC(=C[N+](=C1)C2C(C(C(O2)COP(=O)([O-])OP(=O)([O-])OCC3C(C(C(O3)N4C=NC5=C(N=CN=C54)N)OP(=O)([O-])[O-])O)O)O)C(=O)N
Nicotinamide adenine dinucleotide phosphate - reduced	C1C=CN(C=C1C(=O)N)C2C(C(C(O2)COP(=O)(O)OP(=O)(O)OCC3C(C(C(O3)N4C=NC5=C(N=CN=C54)N)OP(=O)(O)O)O)O)O
(R)-NADPHX	C1CC(=CN(C1O)C2C(C(C(O2)COP(=O)(O)OP(=O)(O)OCC3C(C(C(O3)N4C=NC5=C(N=CN=C54)N)OP(=O)(O)O)O)O)O)C(=O)N
(S)-NADPHX	C1CC(=CN(C1O)C2C(C(C(O2)COP(=O)(O)OP(=O)(O)OCC3C(C(C(O3)N4C=NC5=C(N=CN=C54)N)OP(=O)(O)O)O)O)O)C(=O)N
Nicotinamide	C1=CC(=CN=C1)C(=O)N
Ammonium	[NH4+]
Nickel	[Ni]
Nicotinate D-ribonucleotide	C1=CC(=C[N+](=C1)C2C(C(C(O2)COP(=O)(O)O)O)O)C(=O)O
Nitrite	N(=O)[O-]
Nitrate	[N+](=O)([O-])[O-]
Nitric oxide	[N]=O
Novobiocin	CC1=C(C=CC2=C1OC(=O)C(=C2O)NC(=O)C3=CC(=C(C=C3)O)CC=C(C)C)OC4C(C(C(C(O4)(C)C)OC)OC(=O)N)O
Superoxide anion	[O-][O]
Oxaloacetate	C(C(=O)C(=O)O)C(=O)O
Trans-Oct-2-enoyl-CoA	CCCCCC=CC(=O)SCCNC(=O)CCNC(=O)C(C(C)(C)COP(=O)(O)OP(=O)(O)OCC1C(C(C(O1)N2C=NC3=C(N=CN=C32)N)O)OP(=O)(O)O)O
Octanoyl-CoA (n-C8:0CoA)	CCCCCCCC(=O)SCCNC(=O)CCNC(=O)C(C(C)(C)COP(=O)([O-])OP(=O)([O-])OCC1C(C(C(O1)N2C=NC3=C(N=CN=C32)N)O)OP(=O)([O-])[O-])O
Octadecanoate (n-C18:0)	CCCCCCCCCCCCCCCCCC(=O)[O-]
Octadecenoate (n-C18:1)	CCCCCCCCC=CCCCCCCCC(=O)[O-]
Octanoate (n-C8:0)	CCCCCCCC(=O)[O-]
All-trans-Octaprenyl diphosphate	CC(=CCCC(=CCCC(=CCCC(=CCCC(=CCCC(=CCCC(=CCCC(=CCOP(=O)(O)OP(=O)(O)O)C)C)C)C)C)C)C)C
Trans-Octadec-2-enoyl-CoA	CCCCCCCCCCCCCCCC=CC(=O)SCCNC(=O)CCNC(=O)C(C(C)(C)COP(=O)(O)OP(=O)(O)OCC1C(C(C(O1)N2C=NC3=C(N=CN=C32)N)O)OP(=O)(O)O)O
Octadecenoyl-CoA (n-C18:1CoA)	CCCCCCCCC=CCCCCCCCC(=O)SCCNC(=O)CCNC(=O)C(C(C)(C)COP(=O)(O)OP(=O)(O)OCC1C(C(C(O1)N2C=NC3=C(N=CN=C32)N)O)OP(=O)(O)O)O
2-Oxo-3-hydroxy-4-phosphobutanoate	C(C(C(=O)C(=O)O)O)OP(=O)(O)O
2-Oxopent-4-enoate	C=CCC(=O)C(=O)[O-]
Ornithine	C(CC(C(=O)O)N)CN
Orotidine 5'-phosphate	C1=C(N(C(=O)NC1=O)C2C(C(C(O2)COP(=O)(O)O)O)O)C(=O)O
Oxalate	C(=O)(C(=O)[O-])[O-]
3-Oxoadipyl-CoA	CC(C)(COP(=O)(O)OP(=O)(O)OCC1C(C(C(O1)N2C=NC3=C(N=CN=C32)N)O)OP(=O)(O)O)C(C(=O)NCCC(=O)NCCSC(=O)CC(=O)CCC(=O)O)O
Oxalyl-CoA	CC(C)(COP(=O)(O)OP(=O)(O)OCC1C(C(C(O1)N2C=NC3=C(N=CN=C32)N)O)OP(=O)(O)O)C(C(=O)NCCC(=O)NCCSC(=O)C(=O)O)O
Oxamate	C(=O)(C(=O)O)N
Oxalureate	C(=O)(C(=O)O)NC(=O)N
1,2-ditetradecanoyl-sn-glycerol 3-phosphate	CCCCCCCCCCCCCC(=O)OCC(COP(=O)([O-])[O-])OC(=O)CCCCCCCCCCCCC
1,2-ditetradec-7-enoyl-sn-glycerol 3-phosphate	CCCCCCC=CCCCCCC(=O)OCC(COP(=O)([O-])[O-])OC(=O)CCCCCC=CCCCCCC
Phenylacetic acid	C1=CC=C(C=C1)CC(=O)O
Phenylacetaldehyde	C1=CC=C(C=C1)CC=O
Pantetheine 4'-phosphate	CC(C)(COP(=O)(O)O)C(C(=O)NCCC(=O)NCCS)O
(R)-Pantoate	CC(C)(CO)C(C(=O)[O-])O
Adenosine 3',5'-bisphosphate	C1=NC(=C2C(=N1)N(C=N2)C3C(C(C(O3)COP(=O)(O)O)OP(=O)(O)O)O)N
3'-Phosphoadenylyl sulfate	C1=NC(=C2C(=N1)N(C=N2)C3C(C(C(O3)COP(=O)(O)OS(=O)(=O)O)OP(=O)(O)O)O)N
Pyridoxine 5'-phosphate	CC1=NC=C(C(=C1O)CO)COP(=O)(O)O
Phosphatidylethanolamine (didodecanoyl, n-C12:0)	CCCCCCCCCCCC(=O)OCC(COP(=O)([O-])OCC[NH3+])OC(=O)CCCCCCCCCCC
Phosphatidylethanolamine (ditetradecanoyl, n-C14:0)	CCCCCCCCCCCCCC(=O)OCC(COP(=O)([O-])OCC[NH3+])OC(=O)CCCCCCCCCCCCC
Phosphatidylethanolamine (ditetradec-7-enoyl, n-C14:1)	CCCCCCC=CCCCCCC(=O)OCC(COP(=O)([O-])OCC[NH3+])OC(=O)CCCCCC=CCCCCCC
Phosphatidylethanolamine (dihexadecanoyl, n-C16:0)	CCCCCCCCCCCCCCCC(=O)OCC(COP(=O)([O-])OCC[NH3+])OC(=O)CCCCCCCCCCCCCCC
Phosphatidylethanolamine (dihexadec-9enoyl, n-C16:1)	CCCCCCC=CCCCCCCCC(=O)OCC(COP(=O)([O-])OCC[NH3+])OC(=O)CCCCCCCC=CCCCCCC
Phosphatidylethanolamine (dioctadecanoyl, n-C18:0)	CCCCCCCCCCCCCCCCCC(=O)OCC(COP(=O)([O-])OCC[NH3+])OC(=O)CCCCCCCCCCCCCCCCC
Phosphatidylethanolamine (dioctadec-11-enoyl, n-C18:1)	CCCCCCC=CCCCCCCCCCC(=O)OCC(COP(=O)([O-])OCC[NH3+])OC(=O)CCCCCCCCCC=CCCCCCC
Phenethylamine	C1=CC=C(C=C1)CCN
Phosphoenolpyruvate	C=C(C(=O)O)OP(=O)(O)O
Phosphatidylglycerol (ditetradecanoyl, n-C14:0)	CCCCCCCCCCCCCC(=O)OCC(COP(=O)([O-])OCC(CO)O)OC(=O)CCCCCCCCCCCCC
Phosphatidylglycerol (ditetradec-7-enoyl, n-C14:1)	CCCCCCC=CCCCCCC(=O)OCC(COP(=O)(O)OCC(CO)O)OC(=O)CCCCCC=CCCCCCC
Phosphatidylglycerol (dihexadecanoyl, n-C16:0)	CCCCCCCCCCCCCCCC(=O)OCC(COP(=O)([O-])OCC(CO)O)OC(=O)CCCCCCCCCCCCCCC
Phosphatidylglycerol (dihexadec-9-enoyl, n-C16:1)	CCCCCCC=CCCCCCCCC(=O)OCC(COP(=O)([O-])OCC(CO)O)OC(=O)CCCCCCCC=CCCCCCC
Phosphatidylglycerol (dioctadecanoyl, n-C18:0)	CCCCCCCCCCCCCCCCCC(=O)OCC(COP(=O)([O-])OCC(CO)O)OC(=O)CCCCCCCCCCCCCCCCC
Phosphatidylglycerol (dioctadec-11-enoyl, n-C18:1)	CCCCCCC=CCCCCCCCCCC(=O)OCC(COP(=O)([O-])OCC(CO)O)OC(=O)CCCCCCCCCC=CCCCCCC
Phosphatidylglycerophosphate (ditetradec-7-enoyl, n-C14:1)	CCCCCCC=CCCCCCC(=O)OCC(COP(=O)([O-])OCC(COP(=O)([O-])[O-])O)OC(=O)CCCCCC=CCCCCCC
Phosphatidylglycerophosphate (dihexadecanoyl, n-C16:0)	CCCCCCCCCCCCCCCC(=O)OCC(COP(=O)([O-])OCC(COP(=O)([O-])[O-])O)OC(=O)CCCCCCCCCCCCCCC
Phosphatidylglycerophosphate (dioctadecanoyl, n-C18:0)	CCCCCCCCCCCCCCCCCC(=O)OCC(COP(=O)([O-])OCC(COP(=O)([O-])[O-])O)OC(=O)CCCCCCCCCCCCCCCCC
Phenylacetyl-CoA	CC(C)(COP(=O)(O)OP(=O)(O)OCC1C(C(C(O1)N2C=NC3=C(N=CN=C32)N)O)OP(=O)(O)O)C(C(=O)NCCC(=O)NCCSC(=O)CC4=CC=CC=C4)O
L-Phenylalanine	C1=CC=C(C=C1)CC(C(=O)O)N
Phospho-heptosyl-heptosyl-kdo2-lipidA	CCCCCCCCCCCCCC(=O)OC(CCCCCCCCCCC)CC(=O)OC1C(C(OC(C1OP(=O)([O-])[O-])COC2(CC(C(C(O2)C(CO)O)OC3C(C(C(C(O3)C(CO)O)O)OC4C(C(C(C(O4)C(CO)O)OP(=O)([O-])[O-])O)O)O)OC5(CC(C(C(O5)C(CO)O)O)O)C(=O)[O-])C(=O)[O-])OCC6C(C(C(C(O6)OP(=O)([O-])[O-])NC(=O)CC(CCCCCCCCCCC)O)OC(=O)CC(CCCCCCCCCCC)O)O)NC(=O)CC(CCCCCCCCCCC)OC(=O)CCCCCCCCCCC
O-Phospho-L-homoserine	C(COP(=O)(O)O)C(C(=O)O)N
Phospho-heptosyl-phospho-heptosyl-heptosyl-kdo2-lipidA	CCCCCCCCCCCCCC(=O)OC(CCCCCCCCCCC)CC(=O)OC1C(C(OC(C1OP(=O)([O-])[O-])COC2(CC(C(C(O2)C(CO)O)OC3C(C(C(C(O3)C(CO)O)OP(=O)([O-])[O-])OC4C(C(C(C(O4)C(COC5C(C(C(C(O5)C(CO)O)O)O)O)O)OP(=O)([O-])[O-])O)O)O)OC6(CC(C(C(O6)C(CO)O)O)O)C(=O)[O-])C(=O)[O-])OCC7C(C(C(C(O7)OP(=O)([O-])[O-])NC(=O)CC(CCCCCCCCCCC)O)OC(=O)CC(CCCCCCCCCCC)O)O)NC(=O)CC(CCCCCCCCCCC)OC(=O)CCCCCCCCCCC
Phenylpyruvate	C1=CC=C(C=C1)CC(=O)C(=O)O
O-Phospho-4-hydroxy-L-threonine	C(C(C(C(=O)O)N)O)OP(=O)(O)O
Phosphate	[O-]P(=O)([O-])[O-]
Palmitoyl-CoA (n-C16:0CoA)	CCCCCCCCCCCCCCCC(=O)SCCNC(=O)CCNC(=O)C(C(C)(C)COP(=O)([O-])OP(=O)([O-])OCC1C(C(C(O1)N2C=NC3=C(N=CN=C32)N)O)OP(=O)([O-])[O-])O
(R)-Pantothenate	CC(C)(CO)C(C(=O)NCCC(=O)[O-])O
Peroxyaminoacrylate	C(=CN)C(=O)OO
Propanal	CCC=O
Propanoyl phosphate	CCC(=O)OP(=O)(O)O
Porphobilinogen	C1=C(C(=C(N1)CN)CC(=O)O)CCC(=O)O
Propanoyl-CoA	CCC(=O)SCCNC(=O)CCNC(=O)C(C(C)(C)COP(=O)(O)OP(=O)(O)OCC1C(C(C(O1)N2C=NC3=C(N=CN=C32)N)O)OP(=O)(O)O)O
Guanosine 3',5'-bis(diphosphate)	C1=NC2=C(N1C3C(C(C(O3)COP(=O)(O)OP(=O)(O)O)OP(=O)(O)OP(=O)(O)O)O)N=C(NC2=O)N
Prephenate	C1=CC(C=CC1O)(CC(=O)C(=O)O)C(=O)O
Diphosphate	[O-]P(=O)([O-])OP(=O)([O-])[O-]
Protoporphyrin	CC1=C(C2=CC3=NC(=CC4=NC(=CC5=C(C(=C(N5)C=C1N2)C=C)C)C(=C4CCC(=O)O)C)C(=C3C)CCC(=O)O)C=C
Protoporphyrinogen IX	CC1=C2CC3=C(C(=C(N3)CC4=C(C(=C(N4)CC5=C(C(=C(N5)CC(=C1CCC(=O)O)N2)CCC(=O)O)C)C=C)C)C=C)C
Inorganic triphosphate	[O-]P(=O)([O-])OP(=O)([O-])OP(=O)([O-])[O-]
Phenylpropanoate	C1=CC=C(C=C1)CCC(=O)O
Phosphonate	[O-]P(=O)=O
5-Phospho-beta-D-ribosylamine	C(C1C(C(C(O1)N)O)O)OP(=O)(O)O
N-(5-Phospho-D-ribosyl)anthranilate	C1=CC=C(C(=C1)C(=O)O)NC2C(C(C(O2)COP(=O)(O)O)O)O
1-(5-Phosphoribosyl)-AMP	C1=NC2=C(N1C3C(C(C(O3)COP(=O)(O)O)O)O)N=CN(C2=N)C4C(C(C(O4)COP(=O)(O)O)O)O
1-(5-Phosphoribosyl)-ATP	C1=NC2=C(N1C3C(C(C(O3)COP(=O)(O)OP(=O)(O)OP(=O)(O)O)O)O)N=CN(C2=N)C4C(C(C(O4)COP(=O)(O)O)O)O
7-cyano-7-carbaguanine	C1=C(C2=C(N1)N=C(NC2=O)N)C#N
7-aminomethyl-7-deazaguanine	C1=C(C2=C(N1)N=C(NC2=O)N)CN
1-(5-Phosphoribosyl)-5-[(5-phosphoribosylamino)methylideneamino]imidazole-4-carboxamide	C1=NC(=C(N1C2C(C(C(O2)COP(=O)(O)O)O)O)NC=NC3C(C(C(O3)COP(=O)(O)O)O)O)C(=O)N
5-[(5-phospho-1-deoxyribulos-1-ylamino)methylideneamino]-1-(5-phosphoribosyl)imidazole-4-carboxamide	C1=NC(=C(N1C2C(C(C(O2)COP(=O)(O)O)O)O)NC=NCC(=O)C(C(COP(=O)(O)O)O)O)C(=O)N
L-Proline	C1CC(NC1)C(=O)O
L-Prolinylglycine	C1CC(NC1)CONCC(=O)O
Propenoyl-CoA	CC(C)(COP(=O)(O)OP(=O)(O)OCC1C(C(C(O1)N2C=NC3=C(N=CN=C32)N)O)OP(=O)(O)O)C(C(=O)NCCC(=O)NCCSC(=O)C=C)O
5-Phospho-alpha-D-ribose 1-diphosphate	C(C1C(C(C(O1)OP(=O)(O)OP(=O)(O)O)O)O)OP(=O)(O)O
Phosphatidylserine (ditetradec-7-enoyl, n-C14:1)	CCCCCCC=CCCCCCC(=O)OCC(COP(=O)([O-])OCC(C(=O)[O-])[NH3+])OC(=O)CCCCCC=CCCCCCC
Phosphatidylserine (dihexadecanoyl, n-C16:0)	CCCCCCCCCCCCCCCC(=O)OCC(COP(=O)([O-])OCC(C(=O)[O-])[NH3+])OC(=O)CCCCCCCCCCCCCCC
Phosphatidylserine (dioctadecanoyl, n-C18:0)	CCCCCCCCCCCCCCCCCC(=O)OCC(COP(=O)([O-])OCC(C(=O)[O-])[NH3+])OC(=O)CCCCCCCCCCCCCCCCC
Psicoselysine	C(CCNCC(=O)C(C(C(CO)O)O)O)CC(C(=O)O)N
O-Phospho-L-serine	C(C(C(=O)O)N)OP(=O)(O)O
Pseudouridine	C1=C(C(=O)NC(=O)N1)C2C(C(C(O2)CO)O)O
Putrescine	C(CCN)CN
Pyridoxamine 5'-phosphate	CC1=NC=C(C(=C1O)CN)COP(=O)(O)O
Pyridoxamine	CC1=NC=C(C(=C1O)CN)CO
Pyridoxal 5'-phosphate	CC1=NC=C(C(=C1O)C=O)COP(=O)(O)O
Pyridoxal	CC1=NC=C(C(=C1O)C=O)CO
Pyridoxine	CC1=NC=C(C(=C1O)CO)CO
Pyruvate	CC(=O)C(=O)[O-]
Ubiquinone-8	CC1=C(C(=O)C(=C(C1=O)OC)OC)CC=C(C)CCC=C(C)CCC=C(C)CCC=C(C)CCC=C(C)CCC=C(C)CCC=C(C)CCC=C(C)C
Ubiquinol-8	CC1=C(C(=C(C(=C1O)OC)OC)O)CC=C(C)CCC=C(C)CCC=C(C)CCC=C(C)CCC=C(C)CCC=C(C)CCC=C(C)CCC=C(C)C
Quinate	C1C(C(C(CC1(C(=O)O)O)O)O)O
Quinolinate	C1=CC(=C(N=C1)C(=O)O)C(=O)O
D-Ribose 1,5-bisphosphate	C(C1C(C(C(O1)OP(=O)(O)O)O)O)OP(=O)(O)O
Alpha-D-Ribose 1-phosphate	C(C1C(C(C(O1)OP(=O)(O)O)O)O)O
(R)-2-Hydroxyglutarate	C(CC(=O)O)C(C(=O)O)O
Alpha-D-Ribose 5-phosphate	C(C1C(C(C(O1)O)O)O)OP(=O)(O)O
Rhamanosyl-N-acetylglucosamyl-undecaprenyl diphosphate	CC1C(C(C(C(O1)OC2C(C(OC(C2O)CO)OP(=O)([O-])OP(=O)([O-])OCC=C(C)CCC=C(C)CCC=C(C)CCC=C(C)CCC=C(C)CCC=C(C)CCC=C(C)CCC=C(C)CCC=C(C)CCC=C(C)CCC=C(C)C)NC(=O)C)O)O)O
Reduced riboflavin	CC1=CC2=C(C=C1C)N(C3=C(N2)C(=O)NC(=O)N3)CC(C(C(CO)O)O)O
D-Ribulose	C(C(C(C(=O)CO)O)O)O
L-Ribulose	C(C(C(C(=O)CO)O)O)O
N1-(alpha-D-ribosyl)-5,6-dimethylbenzimidazole	CC1=CC2=C(C=C1C)N(C=N2)C3C(C(C(O3)CO)O)O
Rifampin	CC1C=CC=C(C(=O)NC2=C(C(=C3C(=C2O)C(=C(C4=C3C(=O)C(O4)(OC=CC(C(C(C(C(C(C1O)C)O)C)OC(=O)C)C)OC)C)C)O)O)C=NN5CCN(CC5)C)C
S-Ribosyl-L-homocysteine	C(CSCC1C(C(C(O1)O)O)O)C(C(=O)O)N
L-rhamnonate	CC(C(C(C(C(=O)O)O)O)O)O
D-Ribose	C1C(C(C(C(O1)O)O)O)O
L-Rhamnulose 1-phosphate	CC(C(C(C(=O)COP(=O)(O)O)O)O)O
L-Rhamnulose	CC(C(C(C(=O)CO)O)O)O
L-Rhamnose	CC1C(C(C(C(O1)O)O)O)O
D-Ribulose 5-phosphate	C(C(C(C(=O)CO)O)O)OP(=O)(O)O
L-Ribulose 5-phosphate	C(C(C(C(=O)CO)O)O)OP(=O)(O)O
Sedoheptulose 1,7-bisphosphate	C(C(C(C(C(C(=O)COP(=O)(O)O)O)O)O)O)OP(=O)(O)O
Sedoheptulose 7-phosphate	C(C(C(C(C(C(=O)CO)O)O)O)O)OP(=O)(O)O
D-Sorbitol 6-phosphate	C(C(C(C(C(COP(=O)([O-])[O-])O)O)O)O)O
D-Sorbitol	C(C(C(C(C(CO)O)O)O)O)O
O-Succinylbenzoyl-CoA	CC(C)(COP(=O)(O)OP(=O)(O)OCC1C(C(C(O1)N2C=NC3=C(N=CN=C32)N)O)OP(=O)(O)O)C(C(=O)NCCC(=O)NCCSC(=O)CCC(=O)C4=CC=CC=C4C(=O)O)O
Sirohydrochlorin	CC1(C(C2=NC1=CC3=NC(=CC4=C(C(=C(N4)C=C5C(=C(C(=C2)N5)CC(=O)O)CCC(=O)O)CCC(=O)O)CC(=O)O)C(C3CCC(=O)O)(C)CC(=O)O)CCC(=O)O)CC(=O)O
Selenate	[O-][Se](=O)(=O)[O-]
Selenide	[Se-2]
Selenophosphate	[O-]P(=O)([O-])[Se-]
D-Serine	C(C(C(=O)O)N)O
L-Serine	C(C(C(=O)O)N)O
L-seryl-AMP	C1=NC(=C2C(=N1)N(C=N2)C3C(C(C(O3)COP(=O)(O)OC(=O)C(CO)N)O)O)N
6-deoxy-6-sulphofructose	C(C1C(C(C(O1)(CO)O)O)O)S(=O)(=O)O
6-deoxy-6-sulphofructose 1-phosphate	C(C1C(C(C(O1)(COP(=O)(O)O)O)O)O)S(=O)(=O)O
Shikimate 5-phosphate	C1C(C(C(C=C1C(=O)O)OP(=O)(O)O)O)O
Shikimate	C1C(C(C(C=C1C(=O)[O-])O)O)O
N-Succinyl-LL-2,6-diaminoheptanedioate	C(CC(C(=O)O)N)CC(C(=O)O)NC(=O)CCC(=O)O
N-Succinyl-2-L-amino-6-oxoheptanedioate	C(CC(C(=O)O)NC(=O)CCC(=O)O)CC(=O)C(=O)O
Sulpholactaldehyde	C(C(C=O)O)S(=O)(=O)O
Selenite	[O-][Se](=O)[O-]
Sulfur dioxide	O=S=O
Sulfite	[O-]S(=O)[O-]
Sulfate	[O-]S(=O)(=O)[O-]
Spermidine	C(CCNCCCN)CN
Sulphoquinovose	C(C1C(C(C(C(O1)O)O)O)O)S(=O)(=O)O
Sucrose 6-phosphate	C(C1C(C(C(O1)(CO)OC2C(C(C(C(O2)COP(=O)(O)O)O)O)O)O)O)O
N2-Succinyl-L-arginine	C(CC(C(=O)O)NC(=O)CCC(=O)O)CN=C(N)N
O-Succinylbenzoate	C1=CC=C(C(=C1)C(=O)CCC(=O)O)C(=O)O
Succinate	C(CC(=O)[O-])C(=O)[O-]
Succinyl-CoA	CC(C)(COP(=O)(O)OP(=O)(O)OCC1C(C(C(O1)N2C=NC3=C(N=CN=C32)N)O)OP(=O)(O)O)C(C(=O)NCCC(=O)NCCSC(=O)CCC(=O)O)O
N2-Succinyl-L-glutamate	C(CC(=O)O)C(C(=O)O)NC(=O)CCC(=O)O
N2-Succinyl-L-glutamate 5-semialdehyde	C(CC(C(=O)O)NC(=O)CCC(=O)O)C=O
O-Succinyl-L-homoserine	C(COC(=O)CCC(=O)O)C(C(=O)O)N
N2-Succinyl-L-ornithine	C(CC(C(=O)O)NC(=O)CCC(=O)O)CN
Succinic semialdehyde	C(CC(=O)O)C=O
Sulfoacetate	C(C(=O)O)S(=O)(=O)O
D-Tagatose 6-phosphate	C(C1C(C(C(O1)(CO)O)O)O)OP(=O)(O)O
D-Tagaturonate	C(C(=O)C(C(C(C(=O)[O-])O)O)O)O
D-tartrate	C(C(C(=O)[O-])O)(C(=O)[O-])O
L-tartrate	C(C(C(=O)[O-])O)(C(=O)[O-])O
Thiocyanate	C(#N)[S-]
Trans-Tetradec-2-enoyl-CoA	CCCCCCCCCCCC=CC(=O)SCCNC(=O)CCNC(=O)C(C(C)(C)COP(=O)(O)OP(=O)(O)OCC1C(C(C(O1)N2C=NC3=C(N=CN=C32)N)O)OP(=O)(O)O)O
Tellurite	[O-][Te](=O)[O-]
Tetrahydrocurcumin	COC1=C(C=CC(=C1)CCC(=O)CC(=O)CCC2=CC(=C(C=C2)O)OC)O
2,3,4,5-Tetrahydrodipicolinate	C1CC(N=C(C1)C(=O)O)C(=O)O
5,6,7,8-Tetrahydrofolate	C1C(NC2=C(N1)N=C(NC2=O)N)CNC3=CC=C(C=C3)C(=O)NC(CCC(=O)[O-])C(=O)[O-]
Thiamin	CC1=C(SC=[N+]1CC2=CN=C(N=C2N)C)CCO
Thiamin monophosphate	CC1=C(SC=[N+]1CC2=CN=C(N=C2N)C)CCOP(=O)(O)O
Tetrahydromonapterin	C1C(NC2=C(N1)N=C(NC2=O)N)C(C(CO)O)O
Thiamine diphosphate	CC1=C(SC=[N+]1CC2=CN=C(N=C2N)C)CCOP(=O)(O)OP(=O)(O)O
5,6,7,8-tetrahydropteridine	C1CNC2=NC=NC=C2N1
L-Threonine	CC(C(C(=O)O)N)O
L-Threonine O-3-phosphate	CC(C(C(=O)O)N)OP(=O)(O)O
Trimethylamine	CN(C)C
Trimethylamine N-oxide	C[N+](C)(C)[O-]
Reduced thioredoxin	C[N+](C)(C)C(CC1=CNC(=S)N1)C(=O)O
Alpha,alpha'-Trehalose 6-phosphate	C(C1C(C(C(C(O1)OC2C(C(C(C(O2)COP(=O)(O)O)O)O)O)O)O)O)O
Trehalose	C(C1C(C(C(C(O1)OC2C(C(C(C(O2)CO)O)O)O)O)O)O)O
L-Tryptophan	C1=CC=C2C(=C1)C(=CN2)CC(C(=O)O)N
Thiosulfate	OS(=O)(=S)[O-]
Tetracycline	CC1(C2CC3C(C(=O)C(=C(C3(C(=O)C2=C(C4=C1C=CC=C4O)O)O)O)C(=O)N)N(C)C)O
Tungstate	[O-][W](=O)(=O)[O-]
Tyramine	C1=CC(=CC=C1CCN)O
L-Tyrosine	C1=CC(=CC=C1CC(C(=O)O)N)O
Phosphotyrosine	C1=CC(=CC=C1CC(C(=O)O)N)OP(=O)(O)O
UDP-2,3-bis(3-hydroxytetradecanoyl)glucosamine	CCCCCCCCCCCC(CC(=O)NC1C(C(C(OC1OP(=O)(O)OP(=O)(O)OCC2C(C(C(O2)N3C=CC(=O)NC3=O)O)O)CO)O)OC(=O)CC(CCCCCCCCCCC)O)O
UDP-3-O-(3-hydroxytetradecanoyl)-N-acetylglucosamine	CCCCCCCCCCCC(CC(=O)OC1C(C(OC(C1O)CO)OP(=O)([O-])OP(=O)([O-])OCC2C(C(C(O2)N3C=CC(=O)NC3=O)O)O)NC(=O)C)O
UDP-3-O-(3-hydroxytetradecanoyl)-D-glucosamine	CCCCCCCCCCCC(CC(=O)OC1C(C(OC(C1O)CO)OP(=O)(O)OP(=O)(O)OCC2C(C(C(O2)N3C=CC(=O)NC3=O)O)O)N)O
Undecaprenyl phosphate-4-amino-4-formyl-L-arabinose	CC(=CCCC(=CCCC(=CCCC(=CCCC(=CCCC(=CCCC(=CCCC(=CCCC(=CCCC(=CCCC(=CCOP(=O)([O-])OC1C(C(C(CO1)(C=O)N)O)O)C)C)C)C)C)C)C)C)C)C)C
UDP-N-acetyl-3-O-(1-carboxyvinyl)-D-glucosamine	CC(=O)NC1C(C(C(OC1OP(=O)(O)OP(=O)(O)OCC2C(C(C(O2)N3C=CC(=O)NC3=O)O)O)CO)O)OC(=C)C(=O)O
UDP-N-acetyl-D-glucosamine	CC(=O)NC1C(C(C(OC1OP(=O)(O)OP(=O)(O)OCC2C(C(C(O2)N3C=CC(=O)NC3=O)O)O)CO)O)O
UDP-N-acetyl-D-mannosamine	CC(=O)NC1C(C(C(OC1OP(=O)(O)OP(=O)(O)OCC2C(C(C(O2)N3C=CC(=O)NC3=O)O)O)CO)O)O
UDP-N-acetyl-D-mannosaminouronate	CC(=O)NC1C(C(C(OC1OP(=O)([O-])OP(=O)([O-])OCC2C(C(C(O2)N3C=CC(=O)NC3=O)O)O)C(=O)[O-])O)O
UDP-N-acetylmuramoyl-L-alanine	CC(C(=O)O)NC(=O)C(C)OC1C(C(OC(C1O)CO)OP(=O)(O)OP(=O)(O)OCC2C(C(C(O2)N3C=CC(=O)NC3=O)O)O)NC(=O)C
UDP-N-acetylmuramoyl-L-alanyl-D-glutamate	CC(C(=O)NC(CCC(=O)O)C(=O)O)NC(=O)C(C)OC1C(C(OC(C1O)CO)OP(=O)(O)OP(=O)(O)OCC2C(C(C(O2)N3C=CC(=O)NC3=O)O)O)NC(=O)C
UDP-N-acetylmuramate	CC(C(=O)O)OC1C(C(OC(C1O)CO)OP(=O)(O)OP(=O)(O)OCC2C(C(C(O2)N3C=CC(=O)NC3=O)O)O)NC(=O)C
Undecaprenyl diphosphate	CC(=CCCC(=CCCC(=CCCC(=CCCC(=CCCC(=CCCC(=CCCC(=CCCC(=CCCC(=CCCC(=CCOP(=O)(O)OP(=O)(O)O)C)C)C)C)C)C)C)C)C)C)C
Undecaprenol-diphosphate-glucose	CC=C(C)CCC=C(C)CCC=C(C)CCC=C(C)CCC=C(C)CCC=C(C)CCC=C(C)CCC=C(C)CCC=C(C)CCC=C(C)CCC=C(C)COP(=O)([O-])OP(=O)([O-])OC1C(C(C(C(O1)CO)O)O)O
Undecaprenyl phosphate	CC(=CCCC(=CCCC(=CCCC(=CCCC(=CCCC(=CCCC(=CCCC(=CCCC(=CCCC(=CCCC(=CCOP(=O)(O)O)C)C)C)C)C)C)C)C)C)C)C
Uridine 5''-diphospho-{beta}-4-deoxy-4-formamido-L-arabinose	C1C(C(C(C(O1)OP(=O)([O-])OP(=O)([O-])OCC2C(C(C(O2)N3C=CC(=O)NC3=O)O)O)O)O)NC=O
Uridine 5''-diphospho-{beta}-4-deoxy-4-amino-L-arabinose	C1C(C(C(C(O1)OP(=O)([O-])OP(=O)([O-])OCC2C(C(C(O2)N3C=CC(=O)NC3=O)O)O)O)O)[NH3+]
UDP-4-keto-pyranose	C1C(=O)C(C(C(O1)OP(=O)([O-])OP(=O)([O-])OCC2C(C(C(O2)N3C=CC(=O)NC3=O)O)O)O)O
UDP-N-acetyl-D-galactosamine	CC(=O)NC1C(C(C(OC1OP(=O)(O)OP(=O)(O)OCC2C(C(C(O2)N3C=CC(=O)NC3=O)O)O)CO)O)O
UDPglucose	C1=CN(C(=O)NC1=O)C2C(C(C(O2)COP(=O)(O)OP(=O)(O)OC3C(C(C(C(O3)CO)O)O)O)O)O
UDPgalactose	C1=CN(C(=O)NC1=O)C2C(C(C(O2)COP(=O)(O)OP(=O)(O)OC3C(C(C(C(O3)CO)O)O)O)O)O
UDP-D-galacto-1,4-furanose	C1=CN(C(=O)NC1=O)C2C(C(C(O2)COP(=O)(O)OP(=O)(O)OC3C(C(C(O3)C(CO)O)O)O)O)O
UDP-D-glucuronate	C1=CN(C(=O)NC1=O)C2C(C(C(O2)COP(=O)(O)OP(=O)(O)OC3C(C(C(C(O3)C(=O)O)O)O)O)O)O
UDP-N-acetylmuramoyl-L-alanyl-D-gamma-glutamyl-meso-2,6-diaminopimelate	CC(C(=O)NC(CCC(=O)NC(CCCC(C(=O)O)N)C(=O)O)C(=O)O)NC(=O)C(C)OC1C(C(OC(C1O)CO)OP(=O)(O)OP(=O)(O)OCC2C(C(C(O2)N3C=CC(=O)NC3=O)O)O)NC(=O)C
UDP-N-acetylmuramoyl-L-alanyl-D-glutamyl-meso-2,6-diaminopimeloyl-D-alanyl-D-alanine	CC(C(=O)NC(CCC(=O)NC(CCCC(C(=O)O)N)C(=O)NC(C)C(=O)NC(C)C(=O)O)C(=O)O)NC(=O)C(C)OC1C(C(OC(C1O)CO)OP(=O)(O)OP(=O)(O)OCC2C(C(C(O2)N3C=CC(=O)NC3=O)O)O)NC(=O)C
Undecaprenyl diphospho N-acetyl-glucosamine	CC(=CCCC(=CCCC(=CCCC(=CCCC(=CCCC(=CCCC(=CCCC(=CCCC(=CCCC(=CCCC(=CCOP(=O)([O-])OP(=O)([O-])OC1C(C(C(C(O1)CO)O)O)NC(=O)C)C)C)C)C)C)C)C)C)C)C)C
Undecaprenyl-diphospho-N-acetylglucosamine-N-acetylmannosaminuronate	CC(=CCCC(=CCCC(=CCCC(=CCCC(=CCCC(=CCCC(=CCCC(=CCCC(=CCCC(=CCCC(=CCOP(=O)(O)OP(=O)(O)OC1C(C(C(C(O1)CO)OC2C(C(C(C(O2)C(=O)O)O)O)NC(=O)C)O)NC(=O)C)C)C)C)C)C)C)C)C)C)C)C
Undecaprenyl-diphospho N-acetylglucosamine-N-acetylmannosaminuronate-N-acetamido-4,6-dideoxy-D-galactose	CC1C(C(C(C(O1)OC2C(C(C(OC2C(=O)[O-])OC3C(OC(C(C3O)NC(=O)C)OP(=O)([O-])OP(=O)([O-])OCC=C(C)CCC=C(C)CCC=C(C)CCC=C(C)CCC=C(C)CCC=C(C)CCC=C(C)CCC=C(C)CCC=C(C)CCC=C(C)CCC=C(C)C)CO)NC(=O)C)O)O)O)NC(=O)C
Uroporphyrinogen III	C1C2=C(C(=C(N2)CC3=C(C(=C(N3)CC4=C(C(=C(N4)CC5=C(C(=C1N5)CCC(=O)O)CC(=O)O)CC(=O)O)CCC(=O)O)CC(=O)O)CCC(=O)O)CC(=O)O)CCC(=O)O
Uracil	C1=CNC(=O)NC1=O
Ureidoacrylate peracid	C(=CNC(=O)N)C(=O)OO
(-)-Ureidoglycolate	C(C(=O)[O-])(NC(=O)N)O
Uridine	C1=CN(C(=O)NC1=O)C2C(C(C(O2)CO)O)O
L-Valine	CC(C)C(C(=O)O)N
Xanthine	C1=NC2=C(N1)C(=O)NC(=O)N2
XDP	C1=NC2=C(N1C3C(C(C(O3)COP(=O)(O)OP(=O)(O)O)O)O)NC(=O)NC2=O
Xanthosine 5'-phosphate	C1=NC2=C(N1C3C(C(C(O3)COP(=O)(O)O)O)O)NC(=O)NC2=O
XTP	C1=NC2=C(N1C3C(C(C(O3)COP(=O)(O)OP(=O)(O)OP(=O)(O)O)O)O)NC(=O)NC2=O
Xanthosine	C1=NC2=C(N1C3C(C(C(O3)CO)O)O)NC(=O)NC2=O
D-Xylulose 5-phosphate	C(C(C(C(=O)CO)O)O)OP(=O)(O)O
L-Xylulose 5-phosphate	C(C(C(C(=O)CO)O)O)OP(=O)(O)O
D-Xylose	C1C(C(C(C(O1)O)O)O)O
D-Xylulose	C(C(C(C(=O)CO)O)O)O
L-Xylulose	C(C(C(C(=O)CO)O)O)O
Zinc	[Zn]
1,2-Diacyl-sn-glycerol (ditetradec-7-enoyl, n-C14:1)	CCCCCCC=CCCCCCC(=O)OCC(CO)OC(=O)CCCCCC=CCCCCCC
1,2-Diacyl-sn-glycerol (dihexadecanoyl, n-C16:0)	CCCCCCCCCCCCCCCC(=O)OC[C@H](CO)OC(=O)CCCCCCCCCCCCCCC
1,2-Diacyl-sn-glycerol (dihexadec-9-enoyl, n-C16:1)	CCCCCCC=CCCCCCCCC(=O)OCC(CO)OC(=O)CCCCCCCC=CCCCCCC
1,2-Diacyl-sn-glycerol (dioctadecanoyl, n-C18:0)	CCCCCCCCCCCCCCCCCC(=O)OCC(CO)OC(=O)CCCCCCCCCCCCCCCCC
1-Acyl-sn-glycero-3-phosphoethanolamine (n-C12:0)	CCCCCCCCCCCC(=O)OC[C@@H](O)COP(=O)(O)OCCN
1-Acyl-sn-glycero-3-phosphoethanolamine (n-C14:0)	CCCCCCCCCCCCCC(=O)OC[C@@H](O)COP(=O)([O-])OCC[NH3+]
1-Acyl-sn-glycero-3-phosphoethanolamine (n-C14:1)	C=CCCCCCCCCCCCC(=O)OCC(O)COP(=O)([O-])OCC[NH3+]
1-Acyl-sn-glycero-3-phosphoethanolamine (n-C16:1)	CCCCCCCCC=CCCCCCC(=O)OC[C@@H](O)COP(=O)([O-])OCC[NH3+]
1-Acyl-sn-glycero-3-phosphoethanolamine (n-C18:0)	CCCCCCCCCCCCCCCCCC(=O)OC[C@@H](O)COP(=O)([O-])OCC[NH3+]
1-Acyl-sn-glycero-3-phosphoethanolamine (n-C18:1)	CCCCCCCC/C=C/CCCCCCCC(=O)OCC(O)COP(=O)(O)OCCN
1-Acyl-sn-glycero-3-phosphoglycerol (n-C16:1)	CCCCCC/C=C\CCCCCCCC(=O)OC[C@@H](O)COP(=O)(O)OC[C@@H](O)CO
1-Acyl-sn-glycero-3-phosphoglycerol (n-C18:1)	CCCCCCCC/C=C\CCCCCCCC(=O)OC[C@@H](O)COP(=O)([O-])OC[C@@H](O)CO
2,3-Dihydro-2,3-dihydroxybenzoate	O=C([O-])C1=CC=C[C@H](O)[C@H]1O
2-Acyl-sn-glycero-3-phosphoethanolamine (n-C18:1)	CCCCCCC=CCCCCCCCCCC(=O)OCC(O)COP(=O)([O-])OCC[NH3+]
2-Acyl-sn-glycero-3-phosphoglycerol (n-C18:1)	CCCCCCC=CCCCCCCCCCC(=O)OCC(O)COP(=O)([O-])OCC(O)CO
2 Deoxy D glucose C6H12O5	OC[C@H]1O[C@H](O)C[C@@H](O)[C@@H]1O
2 Deoxy D glucose 6 phosphate C6H11O8P	O=CC[C@@H](O)[C@H](O)[C@H](O)COP(=O)(O)O
2-Methyl-4-amino-5-hydroxymethylpyrimidine diphosphate	Cc1ncc(COP(=O)([O-])OP(=O)([O-])[O-])c(N)n1
2-Octaprenyl-3-methyl-6-methoxy- 1,4-benzoquinol	COc1cc(O)c(C)c(C/C=C(\C)CC/C=C(\C)CC/C=C(\C)CC/C=C(\C)CC/C=C(\C)CC/C=C(\C)CC/C=C(\C)CCC=C(C)C)c1O
3-4-Dihydroxyphenylacetate	O=C([O-])Cc1ccc(O)c(O)c1
3  AMP C10H12N5O7P	Nc1ncnc2c1ncn2[C@@H]1O[C@H](CO)[C@@H](OP(=O)([O-])[O-])[C@H]1O
3  CMP C9H12N3O8P	Nc1ccn([C@@H]2O[C@H](CO)[C@@H](OP(=O)([O-])[O-])[C@H]2O)c(=O)n1
3-keto-L-gulonate-6-phosphate	O=C([O-])[C@@H](O)C(=O)[C@H](O)[C@@H](O)COP(=O)([O-])[O-]
Guanosine 3  phosphate C10H12N5O8P	Nc1nc2c(ncn2[C@@H]2O[C@H](CO)[C@@H](OP(=O)([O-])[O-])[C@H]2O)c(=O)[nH]1
(R)-3-hydroxy-cis-dodec-5-enoyl-[acyl-carrier protein]	CCCCCCC=CCC(O)CC(=O)SCCNC(=O)CCNC(=O)C(O)C(C)(C)COP(=O)([O-])O[*]
(R)-3-hydroxy-cis-palm-9-eoyl-[acyl-carrier protein]	CCCCCCC=CCCCCCC(O)CC(=O)SCCNC(=O)CCNC(=O)C(O)C(C)(C)COP(=O)([O-])O[*]
(R)-3-hydroxy-cis-vacc-11-enoyl-[acyl-carrier protein]	CCCCCCC=CCCCCCCCC(O)CC(=O)SCCNC(=O)CCNC(=O)C(O)C(C)(C)COP(=O)([O-])O[*]
3-(3-hydroxy-phenyl)propionate	O=C([O-])CCc1cccc(O)c1
C'-(3-Indolyl)-glycerol 3-phosphate	O=P([O-])([O-])OC[C@@H](O)[C@@H](O)c1c[nH]c2ccccc12
3-oxo-cis-dodec-5-enoyl-[acyl-carrier protein]	CCCCCCC=CCC(=O)CC(=O)SCCNC(=O)CCNC(=O)C(O)C(C)(C)COP(=O)([O-])O[*]
3-oxo-cis-myristol-7-eoyl-[acyl-carrier protein]	CCCCCCC=CCCCC(=O)CC(=O)SCCNC(=O)CCNC(=O)C(O)C(C)(C)COP(=O)([O-])O[*]
3-oxo-cis-palm-9-eoyl-[acyl-carrier protein]	C=CCCCCCCCCCCCC(=O)CC(=O)SCCNC(=O)CCNC(=O)C(O)C(C)(C)COP(=O)([O-])O[*]
3-Oxododecanoyl-[acyl-carrier protein]	CCCCCCCCCC(=O)CC(=O)S[*]
3-Oxodecanoyl-[acyl-carrier protein]	CCCCCCCC(=O)CC(=O)S[*]
3-Oxohexanoyl-[acyl-carrier protein]	CCCC(=O)CC(=O)S[*]
3-Oxotetradecanoyl-[acyl-carrier protein]	CCCCCCCCCCCC(=O)CC(=O)S[*]
3-Oxooctanoyl-[acyl-carrier protein]	CCCCCC(=O)CC(=O)S[*]
3-Oxooctadecanoyl-[acyl-carrier protein]	CCCCCCCCCCCCCCCC(=O)CC(=O)SCCNC(=O)CCNC(=O)C(O)C(C)(C)COP(=O)([O-])O[*]
3-Oxohexadecanoyl-[acyl-carrier protein]	CCCCCCCCCCCCCC(=O)CC(=O)S[*]
3  UMP C9H11N2O9P	O=c1ccn([C@@H]2O[C@H](CO)[C@@H](OP(=O)([O-])[O-])[C@H]2O)c(=O)[nH]1
[4Fe-4S] iron-sulfur cluster	[SH]12[Fe]3[SH]4[Fe]1[SH]1[Fe]2[SH]3[Fe]41
4-Methyl-5-(2-phosphoethyl)-thiazole	Cc1ncsc1CCOP(=O)([O-])[O-]
5-phosphoribosyl-5-carboxyaminoimidazole	O=C([O-])Nc1cncn1[C@@H]1O[C@H](COP(=O)([O-])[O-])[C@@H](O)[C@H]1O
5-Phosphoguanylyl(3->5)guanosine	Nc1nc2c(ncn2[C@@H]2O[C@H](COP(=O)([O-])O[C@@H]3[C@@H](COP(=O)([O-])[O-])O[C@@H](n4cnc5c(=O)[nH]c(N)nc54)[C@@H]3O)[C@@H](O)[C@H]2O)c(=O)[nH]1
6-hydroxymethyl dihydropterin	Nc1nc2c(c(=O)[nH]1)N=C(CO)CN2
Acyl carrier protein	[*]S
L-alanine-D-glutamate-meso-2,6-diaminoheptanedioate-D-alanine	CC([NH3+])C(=O)NC(CCCC(NC(=O)CCC(NC(=O)C(C)[NH3+])C(=O)[O-])C(=O)[O-])C(=O)[O-]
L-alanine-D-glutamate	C[C@H]([NH3+])C(=O)N[C@H](CCC(=O)[O-])C(=O)[O-]
Acetol cytosol	CC(=O)CO
E-3-carboxy-2-pentenedioate 6-methyl ester	COC(=O)/C(=C/C(=O)[O-])CC(=O)[O-]
Acetoacetyl-ACP	CC(=O)CC(=O)S[*]
ADP C10H12N5O10P2	Nc1ncnc2c1ncn2[C@@H]1O[C@H](COP(=O)([O-])OP(=O)([O-])[O-])[C@@H](O)[C@H]1O
ADPglucose C16H23N5O15P2	Nc1ncnc2c1ncn2[C@@H]1O[C@H](COP(=O)([O-])OP(=O)([O-])O[C@H]2O[C@H](CO)[C@@H](O)[C@H](O)[C@H]2O)[C@@H](O)[C@H]1O
Allulose 6-phosphate	O=C(CO)[C@H](O)[C@H](O)[C@H](O)COP(=O)([O-])[O-]
AMP C10H12N5O7P	Nc1ncnc2c1ncn2[C@@H]1O[C@H](COP(=O)([O-])[O-])[C@@H](O)[C@H]1O
N-Acetyl-D-glucosamine(anhydrous)N-Acetylmuramic acid	CC(=O)NC1=COC(CO)C(OC2OC(CO)C(O)C(O)C2NC(C)=O)C1OC(C)C(=O)[O-]
1,6-anhydrous-N-Acetylmuramate	CC(=O)NC1=COC(CO)C(O)C1OC(C)C(=O)[O-]
Acyl phosphatidylglycerol (n-C14:1)	CCCCCCC=CCCCCCC(=O)OCC(O)COP(=O)([O-])OCC(COC(=O)CCCCCC=CCCCCCC)OC(=O)CCCCCC=CCCCCCC
Acyl phosphatidylglycerol (n-C16:1)	CCCCCCC=CCCCCCCCC(=O)OCC(O)COP(=O)([O-])OCC(COC(=O)CCCCCCCC=CCCCCCC)OC(=O)CCCCCCCC=CCCCCCC
Acyl phosphatidylglycerol (n-C18:1)	CCCCCCC=CCCCCCCCCCC(=O)OCC(O)COP(=O)([O-])OCC(COC(=O)CCCCCCCCCC=CCCCCCC)OC(=O)CCCCCCCCCC=CCCCCCC
Apoprotein [acyl carrier protein]	[*][NH2+][C@@H](CO)C([*])=O
D Arabinose C5H10O5	OC1OC[C@@H](O)[C@@H](O)[C@@H]1O
Arbutin C12H16O7	OC[C@H]1O[C@@H](Oc2ccc(O)cc2)[C@H](O)[C@@H](O)[C@@H]1O
ATP C10H12N5O13P3	Nc1ncnc2c1ncn2[C@@H]1O[C@H](COP(=O)([O-])OP(=O)([O-])OP(=O)([O-])[O-])[C@@H](O)[C@H]1O
Branching glycogen	OCC1OC(OCC2OC(OC3C(CO)OC(O)C(O)C3O)C(O)C(O)C2OC2OC(CO)C(O)C(O)C2O)C(O)C(O)C1O
Butanal C4H8O	CCCC=O
Butyryl-ACP (n-C4:0ACP)	CCCC(=O)SCCNC(=O)CCNC(=O)C(O)C(C)(C)COP(=O)([O-])O[*]
CAMP C10H11N5O6P	Nc1ncnc2c1ncn2[C@@H]1O[C@@H]2COP(=O)([O-])O[C@H]2[C@H]1O
Cis-dodec-5-enoyl-[acyl-carrier protein] (n-C12:1)	CCCCCCC=CCCCC(=O)SCCNC(=O)CCNC(=O)C(O)C(C)(C)COP(=O)([O-])O[*]
Cis-dec-3-enoyl-[acyl-carrier protein] (n-C10:1)	CCCCCCC=CCC(=O)SCCNC(=O)CCNC(=O)C(O)C(C)(C)COP(=O)([O-])O[*]
CDP C9H12N3O11P2	Nc1ccn([C@@H]2O[C@H](COP(=O)([O-])OP(=O)([O-])[O-])[C@@H](O)[C@H]2O)c(=O)n1
Cys Gly C5H10N2O3S	[NH3+][C@@H](CS)C(=O)NCC(=O)[O-]
Choline C5H14NO	C[N+](C)(C)CCO
Cholate c	C[C@H](CCC(=O)[O-])[C@H]1CC[C@H]2[C@H]3[C@H](C[C@H](O)[C@@]21C)[C@@]1(C)CC[C@@H](O)C[C@H]1C[C@H]3O
Cardiolipin (tetradodecanoyl, n-C12:0)	CCCCCCCCCCCC(=O)OCC(COP(=O)([O-])OCC(O)COP(=O)([O-])OCC(COC(=O)CCCCCCCCCCC)OC(=O)CCCCCCCCCCC)OC(=O)CCCCCCCCCCC
Cardiolipin (tetratetradec-7-enoyl, n-C14:1)	CCCCCCC=CCCCCCC(=O)OCC(COP(=O)([O-])OCC(O)COP(=O)([O-])OCC(COC(=O)CCCCCC=CCCCCCC)OC(=O)CCCCCC=CCCCCCC)OC(=O)CCCCCC=CCCCCCC
Cardiolipin (tetraoctadecanoyl, n-C18:0)	CCCCCCCCCCCCCCCCCC(=O)OCC(COP(=O)([O-])OCC(O)COP(=O)([O-])OCC(COC(=O)CCCCCCCCCCCCCCCCC)OC(=O)CCCCCCCCCCCCCCCCC)OC(=O)CCCCCCCCCCCCCCCCC
CMP C9H12N3O8P	Nc1ccn([C@@H]2O[C@H](COP(=O)([O-])[O-])[C@@H](O)[C@H]2O)c(=O)n1
CO2 CO2	O=C=O
Core oligosaccharide lipid A	CCCCCCCCCCCCCC(=O)O[C@H](CCCCCCCCCCC)CC(=O)O[C@H]1[C@H](OP(=O)([O-])[O-])C(COC2(C(=O)[O-])CC(OC3(C(=O)[O-])CC(OC4(C(=O)[O-])CC(O)C(O)C(C(O)CO)O4)C(OC4OC(C)C(O)C(O)C4O)C(C(O)CO)O3)C(OC3OC(C(O)CO)C(OP(=O)([O-])[O-])C(OC4OC(C(O)COC5OC(C(O)CO)C(O)C(O)C5O)C(OP(=O)([O-])[O-])C(OC5OC(COC6OC(CO)C(O)C(O)C6O)C(O)C(OC6OC(CO)C(O)C(O)C6OC6OC(COC7OC(C(O)CO)C(O)C(O)C7O)C(O)C(O)C6O)C5O)C4O)C3O)C(C(O)CO)O2)O[C@@H](OC[C@H]2OC(OP(=O)([O-])[O-])[C@H](NC(=O)C[C@H](O)CCCCCCCCCCC)[C@@H](OC(=O)C[C@H](O)CCCCCCCCCCC)[C@@H]2O)[C@@H]1NC(=O)C[C@@H](CCCCCCCCCCC)OC(=O)CCCCCCCCCCC
Coprogen unloaded (no Fe(III))	CC(=O)NC(CCN(O)C(=O)/C=C(\C)CCO)CC(=O)OCC/C(C)=C/C(=O)N(O)CCCC1NC(=O)C(CCCN(O)C(=O)/C=C(/C)CCO)NC1=O
CTP C9H12N3O14P3	Nc1ccn([C@@H]2O[C@H](COP(=O)([O-])OP(=O)([O-])OP(=O)([O-])[O-])[C@@H](O)[C@H]2O)c(=O)n1
L Cystine C6H12N2O4S2	[NH3+][C@@H](CSSC[C@H]([NH3+])C(=O)[O-])C(=O)[O-]
DADP C10H12N5O9P2	Nc1ncnc2c1ncn2[C@H]1C[C@H](O)[C@@H](COP(=O)([O-])OP(=O)([O-])[O-])O1
DAMP C10H12N5O6P	Nc1ncnc2c1ncn2[C@H]1C[C@H](O)[C@@H](COP(=O)([O-])[O-])O1
DATP C10H12N5O12P3	Nc1ncnc2c1ncn2[C@H]1C[C@H](O)[C@@H](COP(=O)([O-])OP(=O)([O-])OP(=O)([O-])[O-])O1
DCDP C9H12N3O10P2	Nc1ccn([C@H]2C[C@H](O)[C@@H](COP(=O)([O-])OP(=O)([O-])[O-])O2)c(=O)n1
DCMP C9H12N3O7P	Nc1ccn([C@H]2C[C@H](O)[C@@H](COP(=O)([O-])[O-])O2)c(=O)n1
DCTP C9H12N3O13P3	Nc1ccn([C@H]2C[C@H](O)[C@@H](COP(=O)([O-])OP(=O)([O-])OP(=O)([O-])[O-])O2)c(=O)n1
DGDP C10H12N5O10P2	Nc1nc2c(ncn2[C@H]2C[C@H](O)[C@@H](COP(=O)([O-])OP(=O)([O-])[O-])O2)c(=O)[nH]1
DGMP C10H12N5O7P	Nc1nc2c(ncn2[C@H]2C[C@H](O)[C@@H](COP(=O)([O-])[O-])O2)c(=O)[nH]1
DGTP C10H12N5O13P3	Nc1nc2c(ncn2[C@H]2C[C@H](O)[C@@H](COP(=O)([O-])OP(=O)([O-])OP(=O)([O-])[O-])O2)c(=O)[nH]1
2,3-dihydroxicinnamic acid	O=C([O-])/C=C/c1cccc(O)c1O
Dihydroneopterin monophosphate	Nc1nc2c(c(=O)[nH]1)N=C([C@H](O)[C@H](O)COP(=O)([O-])[O-])CN2
DIDP; 2'-deoxyinosine-5'-diphosphate(3-)	O=c1[nH]cnc2c1ncn2[C@H]1C[C@H](O)[C@@H](COP(=O)([O-])OP(=O)([O-])[O-])O1
DIMP C10H12N4O7P	O=c1[nH]cnc2c1ncn2[C@H]1C[C@H](O)[C@@H](COP(=O)([O-])[O-])O1
Periplasmic protein disulfide isomerase I (oxidized)	[*]
Periplasmic protein disulfide isomerase I (reduced)	[*]
Protein disulfide isomerase II (oxidized)	[*]
Protein disulfide isomerase II (reduced)	[*]
Fused thiol:disulfide interchange protein (oxidized)	[*]
Fused thiol:disulfide interchange protein (reduced)	[*]
Periplasmic disulfide isomerase/thiol-disulphide oxidase (oxidized)	[*]
Periplasmic disulfide isomerase/thiol-disulphide oxidase (reduced)	[*]
DTDP C10H13N2O11P2	Cc1cn([C@H]2C[C@H](O)[C@@H](COP(=O)([O-])OP(=O)([O-])[O-])O2)c(=O)[nH]c1=O
DTMP C10H13N2O8P	Cc1cn([C@H]2C[C@H](O)[C@@H](COP(=O)([O-])[O-])O2)c(=O)[nH]c1=O
DTTP C10H13N2O14P3	Cc1cn([C@H]2C[C@H](O)[C@@H](COP(=O)([O-])OP(=O)([O-])OP(=O)([O-])[O-])O2)c(=O)[nH]c1=O
DUDP C9H11N2O11P2	O=c1ccn([C@H]2C[C@H](O)[C@@H](COP(=O)([O-])OP(=O)([O-])[O-])O2)c(=O)[nH]1
DUMP C9H11N2O8P	O=c1ccn([C@H]2C[C@H](O)[C@@H](COP(=O)([O-])[O-])O2)c(=O)[nH]1
DUTP C9H11N2O14P3	O=c1ccn([C@H]2C[C@H](O)[C@@H](COP(=O)([O-])OP(=O)([O-])OP(=O)([O-])[O-])O2)c(=O)[nH]1
Phosphoethanolamine KDO(2)-lipid (A)	CCCCCCCCCCCCCC(=O)O[C@H](CCCCCCCCCCC)CC(=O)O[C@H]1[C@H](OP(=O)([O-])[O-])[C@@H](CO[C@]2(C(=O)[O-])C[C@@H](O[C@]3(C(=O)[O-])C[C@@H](O)[C@@H](O)[C@@H]([C@@H](CO)OP(=O)([O-])OCC[NH3+])O3)[C@@H](O)[C@@H]([C@H](O)CO)O2)O[C@@H](OC[C@H]2O[C@H](OP(=O)([O-])[O-])[C@H](NC(=O)C[C@H](O)CCCCCCCCCCC)[C@@H](OC(=O)C[C@H](O)CCCCCCCCCCC)[C@@H]2O)[C@@H]1NC(=O)C[C@@H](CCCCCCCCCCC)OC(=O)CCCCCCCCCCC
Flavin adenine dinucleotide oxidized	Cc1cc2nc3c(=O)[nH]c(=O)nc-3n(C[C@H](O)[C@H](O)[C@H](O)COP(=O)(O)OP(=O)(O)OC[C@H]3O[C@@H](n4cnc5c(N)ncnc54)[C@H](O)[C@@H]3O)c2cc1C
Fe2+ mitochondria	[Fe+2]
Fe(III)hydoxamate, unloaded	[*]C(=O)N[O-].[*]C(=O)N[O-].[*]C(=O)N[O-]
FMN C17H19N4O9P	Cc1cc2nc3c(=O)[n-]c(=O)nc-3n(C[C@H](O)[C@H](O)[C@H](O)COP(=O)([O-])[O-])c2cc1C
Fructoselysine Phosphate	[NH3+]C(CCCC[NH2+]C1OC(COP(=O)([O-])O)C(O)C(O)C1O)C(=O)[O-]
GDP C10H12N5O11P2	Nc1nc2c(ncn2[C@@H]2O[C@H](COP(=O)([O-])OP(=O)([O-])[O-])[C@@H](O)[C@H]2O)c(=O)[nH]1
Glycolate C2H3O3	O=C([O-])CO
GMP C10H12N5O8P	Nc1nc2c(ncn2[C@@H]2O[C@H](COP(=O)([O-])[O-])[C@@H](O)[C@H]2O)c(=O)[nH]1
Oxidized glutathione	[NH3+][C@@H](CCC(=O)N[C@@H](CSSC[C@H](NC(=O)CC[C@H]([NH3+])C(=O)[O-])C(=O)NCC(=O)[O-])C(=O)NCC(=O)[O-])C(=O)[O-]
GTP C10H12N5O14P3	Nc1nc2c(ncn2[C@@H]2O[C@H](COP(=O)([O-])OP(=O)([O-])OP(=O)([O-])[O-])[C@@H](O)[C@H]2O)c(=O)[nH]1
Hepta-acylated core oligosaccharide lipid A (E. coli)	CCCCCCCCCCCCCCCC(=O)O[C@H](CCCCCCCCCCC)CC(=O)N[C@H]1[C@@H](OP(=O)([O-])[O-])O[C@H](CO[C@@H]2O[C@H](CO[C@]3(C(=O)[O-])C[C@@H](O[C@]4(C(=O)[O-])C[C@@H](O[C@]5(C(=O)[O-])C[C@@H](O)[C@@H](O[C@@H]6O[C@@H](C)[C@H](O)[C@@H](O)[C@H]6O)[C@@H]([C@H](O)CO)O5)[C@@H](O)[C@@H]([C@H](O)CO)O4)[C@@H](O[C@H]4O[C@H]([C@H](O)CO)[C@@H](OP(=O)([O-])[O-])[C@H](O[C@@H]5O[C@H]([C@H](O)CO[C@H]6O[C@H]([C@@H](O)CO)[C@@H](O)[C@H](O)[C@@H]6O)[C@@H](OP(=O)([O-])[O-])[C@H](O[C@@H]6O[C@H](CO[C@@H]7O[C@H](CO)[C@H](O)[C@H](O)[C@H]7O)[C@@H](O)[C@H](O[C@@H]7O[C@H](CO)[C@@H](O)[C@H](O)[C@H]7O[C@@H]7O[C@H](CO[C@H]8OC([C@@H](O)CO)[C@@H](O)[C@H](O)[C@@H]8O)[C@@H](O)[C@H](O)[C@H]7O)[C@H]6O)[C@@H]5O)[C@@H]4O)[C@@H]([C@H](O)CO)O3)[C@@H](OP(=O)([O-])[O-])[C@H](OC(=O)C[C@@H](CCCCCCCCCCC)OC(=O)CCCCCCCCCCCCC)[C@H]2NC(=O)C[C@@H](CCCCCCCCCCC)OC(=O)CCCCCCCCCCC)[C@@H](O)[C@@H]1OC(=O)C[C@H](O)CCCCCCCCCCC
Cis-hexadec-9-enoyl-[acyl-carrier protein] (n-C16:1)	CCCCCCC=CCCCCCCCC(=O)SCCNC(=O)CCNC(=O)C(O)C(C)(C)COP(=O)([O-])O[*]
Heme O C49H56FeN4O5	C=CC1=C(C)C2=[N+]3C1=Cc1c(C)c(CCC(=O)[O-])c4n1[Fe-2]31n3c(c(C)c([C@@H](O)CC/C=C(\C)CC/C=C(\C)CCC=C(C)C)c3=C2)=CC2=[N+]1C(=C4)C(CCC(=O)[O-])=C2C
Mercury  charged 2  Hg	[Hg+2]
Heptosyl-kdo2-lipidA	CCCCCCCCCCCCCC(=O)O[C@H](CCCCCCCCCCC)CC(=O)O[C@H]1[C@H](OP(=O)([O-])[O-])[C@@H](CO[C@]2(C(=O)[O-])C[C@@H](O[C@]3(C(=O)[O-])C[C@@H](O)[C@@H](O)[C@@H]([C@H](O)CO)O3)[C@@H](O[C@H]3O[C@H]([C@@H](O)CO)[C@@H](O)[C@H](O)[C@@H]3O)[C@@H]([C@H](O)CO)O2)O[C@@H](OC[C@H]2O[C@H](OP(=O)([O-])[O-])[C@H](NC(=O)C[C@H](O)CCCCCCCCCCC)[C@@H](OC(=O)C[C@H](O)CCCCCCCCCCC)[C@@H]2O)[C@@H]1NC(=O)C[C@@H](CCCCCCCCCCC)OC(=O)CCCCCCCCCCC
IDP C10H11N4O11P2	O=c1[nH]cnc2c1ncn2[C@@H]1O[C@H](COP(=O)([O-])OP(=O)([O-])[O-])[C@@H](O)[C@H]1O
IMP C10H11N4O8P	O=c1[nH]cnc2c1ncn2[C@@H]1O[C@H](COP(=O)([O-])[O-])[C@@H](O)[C@H]1O
ITP C10H11N4O14P3	O=c1[nH]cnc2c1ncn2[C@@H]1O[C@H](COP(=O)([O-])OP(=O)([O-])OP(=O)([O-])[O-])[C@@H](O)[C@H]1O
KDO(2)-lipid IV(A) with laurate	CCCCCCCCCCCC(=O)O[C@H](CCCCCCCCCCC)CC(=O)N[C@H]1[C@H](OC[C@H]2O[C@H](OP(=O)([O-])[O-])[C@H](NC(=O)C[C@H](O)CCCCCCCCCCC)[C@@H](OC(=O)C[C@H](O)CCCCCCCCCCC)[C@@H]2O)O[C@H](CO[C@]2(C(=O)[O-])C[C@@H](O[C@]3(C(=O)[O-])C[C@@H](O)[C@@H](O)[C@@H]([C@H](O)CO)O3)[C@@H](O)[C@@H]([C@H](O)CO)O2)[C@@H](OP(=O)([O-])[O-])[C@@H]1OC(=O)C[C@H](O)CCCCCCCCCCC
Lactose C12H22O11	OC[C@H]1O[C@@H](O)[C@H](O)[C@@H](O)[C@@H]1O[C@@H]1O[C@H](CO)[C@H](O)[C@H](O)[C@H]1O
KDO(2)-lipid (A)	CCCCCCCCCCCCCC(=O)O[C@H](CCCCCCCCCCC)CC(=O)O[C@H]1[C@H](OP(=O)([O-])[O-])[C@@H](CO[C@]2(C(=O)[O-])C[C@@H](O[C@]3(C(=O)[O-])C[C@@H](O)[C@@H](O)[C@@H]([C@H](O)CO)O3)[C@@H](O)[C@@H]([C@H](O)CO)O2)O[C@@H](OC[C@H]2O[C@H](OP(=O)([O-])[O-])[C@H](NC(=O)C[C@H](O)CCCCCCCCCCC)[C@@H](OC(=O)C[C@H](O)CCCCCCCCCCC)[C@@H]2O)[C@@H]1NC(=O)C[C@@H](CCCCCCCCCCC)OC(=O)CCCCCCCCCCC
2,3-Bis(3-hydroxytetradecanoyl)-beta-D-glucosaminyl 1-phosphate	CCCCCCCCCCC[C@@H](O)CC(=O)N[C@H]1[C@@H](OP(=O)([O-])[O-])O[C@H](CO)[C@@H](O)[C@@H]1OC(=O)C[C@H](O)CCCCCCCCCCC
Lipoprotein	CCCCCCCCCCCCCCCC(=O)NC(CS[*])C([*])=O
Malonyl-[acyl-carrier protein]	[*]SC(=O)CC(=O)O
Malonyl CoA C24H33N7O19P3S	CC(C)(COP(=O)([O-])OP(=O)([O-])OC[C@H]1O[C@@H](n2cnc3c(N)ncnc32)[C@H](O)[C@@H]1OP(=O)([O-])[O-])[C@@H](O)C(=O)NCCC(=O)NCCSC(=O)CC(=O)[O-]
Maltose C12H22O11	OC[C@H]1O[C@H](O[C@@H]2[C@@H](CO)O[C@H](O)[C@H](O)[C@H]2O)[C@H](O)[C@@H](O)[C@@H]1O
Maltotriose C18H32O16	O=C[C@H](O)[C@@H](O)[C@H](O[C@H]1O[C@H](CO)[C@@H](O[C@H]2O[C@H](CO)[C@@H](O)[C@H](O)[C@H]2O)[C@H](O)[C@H]1O)[C@H](O)CO
Melibiose C12H22O11	OC[C@H]1O[C@H](OC[C@H]2O[C@@H](O)[C@H](O)[C@@H](O)[C@@H]2O)[C@H](O)[C@@H](O)[C@H]1O
Adenylated molybdopterin	Nc1nc2c(c(=O)[nH]1)N[C@H]1C(S)=C([S-])[C@@H](COP(=O)([O-])OP(=O)([O-])OC[C@H]3O[C@@H](n4cnc5c(N)ncnc54)[C@H](O)[C@@H]3O)O[C@H]1N2
Two disacharide linked murein units, pentapeptide corsslinked tripeptide (A2pm->A2pm) (middle of chain)	CC(=O)NC1=COC(CO)C2OC3OC(CO)C(OC4OC(CO)C(OC5OC(CO)C(O)C(O)C5NC(C)=O)C(OC(C)C(=O)NC(C)C(=O)NC(CCC(=O)[O-])C(=O)NC(CCCC([NH3+])C(=O)[O-])C(=O)NC(C(=O)[O-])CCCC(C(=O)NC(C)C(=O)NC(C)C(=O)[O-])NC(=O)C(CCC(=O)[O-])NC(=O)C(C)NC(=O)C(C)OC12)C4NC(C)=O)C(O)C3NC(C)=O
Nicotinamide adenine dinucleotide - reduced	NC(=O)C1=CN([C@@H]2O[C@H](COP(=O)([O-])OP(=O)([O-])OC[C@H]3O[C@@H](n4cnc5c(N)ncnc54)[C@H](O)[C@@H]3O)[C@@H](O)[C@H]2O)C=CC1
NMN C11H14N2O8P	NC(=O)c1ccc[n+]([C@@H]2O[C@H](COP(=O)([O-])[O-])[C@@H](O)[C@H]2O)c1
(O16 antigen)x4 core oligosaccharide lipid A	CCCCCCCCCCCCCC(=O)O[C@H](CCCCCCCCCCC)CC(=O)O[C@H]1[C@H](OP(=O)([O-])[O-])[C@@H](CO[C@]2(C(=O)[O-])C[C@@H](O[C@]3(C(=O)[O-])C[C@@H](O)[C@@H](O)[C@@H]([C@H](O)CO)O3)[C@@H](O[C@H]3O[C@H]([C@@H](O)CO)[C@@H](OP(=O)([O-])[O-])[C@H](O[C@@H]4O[C@H]([C@H](O)CO[C@H]5O[C@H]([C@@H](O)CO)[C@@H](O)[C@H](O)[C@@H]5O)[C@@H](OP(=O)([O-])[O-])[C@H](O[C@H]5O[C@H](CO[C@H]6O[C@H](CO)[C@H](O)[C@H](O)[C@H]6O)[C@@H](O)[C@H](O[C@H]6O[C@H](CO)[C@@H](O)[C@H](O)[C@H]6O[C@H]6O[C@H](CO[C@H]7OC([C@@H](O)CO)[C@@H](O)[C@H](O)[C@@H]7O)[C@@H](O[C@H]7O[C@H](CO[C@H]8O[C@H](CO)[C@@H](O)[C@H](O)[C@H]8O)[C@@H](O)[C@H](O[C@@H]8O[C@@H](C)[C@H](O)[C@@H](O[C@H]9O[C@H](CO[C@@H]%10O[C@@H]([C@H](O)CO)[C@H](O)[C@H]%10O[C@H]%10O[C@H](CO[C@H]%11O[C@H](CO)[C@@H](O)[C@H](O)[C@H]%11O)[C@@H](O)[C@H](O[C@@H]%11O[C@@H](C)[C@H](O)[C@@H](O[C@H]%12O[C@H](CO[C@@H]%13O[C@@H]([C@H](O)CO)[C@H](O)[C@H]%13O[C@H]%13O[C@H](CO[C@H]%14O[C@H](CO)[C@@H](O)[C@H](O)[C@H]%14O)[C@@H](O)[C@H](O[C@@H]%14O[C@@H](C)[C@H](O)[C@@H](O[C@H]%15O[C@H](CO[C@@H]%16O[C@@H]([C@H](O)CO)[C@H](O)[C@H]%16O[C@H]%16O[C@H](CO[C@H]%17O[C@H](CO)[C@@H](O)[C@H](O)[C@H]%17O)[C@@H](O)[C@H](O[C@@H]%17O[C@@H](C)[C@H](O)[C@@H](O[C@H]%18O[C@H](CO[C@@H]%19O[C@@H]([C@H](O)CO)[C@H](O)[C@H]%19O)[C@@H](O)[C@H](O)[C@H]%18O)[C@H]%17OC(C)=O)[C@H]%16NC(C)=O)[C@@H](O)[C@H](O)[C@H]%15O)[C@H]%14OC(C)=O)[C@H]%13NC(C)=O)[C@@H](O)[C@H](O)[C@H]%12O)[C@H]%11OC(C)=O)[C@H]%10NC(C)=O)[C@@H](O)[C@H](O)[C@H]9O)[C@H]8OC(C)=O)[C@H]7NC(C)=O)[C@H](O)[C@H]6O)[C@H]5O)[C@@H]4O)[C@@H]3O)[C@@H]([C@H](O)CO)O2)O[C@@H](OC[C@H]2O[C@H](OP(=O)([O-])[O-])[C@H](NC(=O)C[C@H](O)CCCCCCCCCCC)[C@@H](OC(=O)C[C@H](O)CCCCCCCCCCC)[C@@H]2O)[C@@H]1NC(=O)C[C@@H](CCCCCCCCCCC)OC(=O)CCCCCCCCCCC
O2 O2	O=O
Octanoyl-ACP (n-C8:0ACP)	CCCCCCCC(=O)SCCNC(=O)CCNC(=O)C(O)C(C)(C)COP(=O)([O-])O[*]
Octadecanoyl-ACP (n-C18:0ACP)	CCCCCCCCCCCCCCCCCC(=O)SCCNC(=O)CCNC(=O)C(O)C(C)(C)COP(=O)([O-])O[*]
Cis-octadec-11-enoyl-[acyl-carrier protein] (n-C18:1)	C=CCCCCCCCCCCCCCCCC(=O)SCCNC(=O)CCNC(=O)C(O)C(C)(C)COP(=O)([O-])O[*]
Orotate C5H3N2O4	O=C([O-])c1cc(=O)[nH]c(=O)[nH]1
1,2-didodecanoyl-sn-glycerol 3-phosphate	CCCCCCCCCCCC(=O)OCC(COP(=O)([O-])O)OC(=O)CCCCCCCCCCC
1,2-dihexadecanoyl-sn-glycerol 3-phosphate	CCCCCCCCCCCCCCCC(=O)OC[C@H](COP(=O)([O-])[O-])OC(=O)CCCCCCCCCCCCCCC
1,2-dihexadec-9-enoyl-sn-glycerol 3-phosphate	CCCCCCC=CCCCCCCCC(=O)OCC(COP(=O)([O-])O)OC(=O)CCCCCCCC=CCCCCCC
1,2-dioctadecanoyl-sn-glycerol 3-phosphate	CCCCCCCCCCCCCCCCCC(=O)OC[C@H](COP(=O)([O-])[O-])OC(=O)CCCCCCCCCCCCCCCCC
1,2-dioctadec-11-enoyl-sn-glycerol 3-phosphate	CCCCCCC=CCCCCCCCCCC(=O)OCC(COP(=O)([O-])O)OC(=O)CCCCCCCCCC=CCCCCCC
Phosphatidylglycerol (didodecanoyl, n-C12:0)	CCCCCCCCCCCC(=O)OCC(COP(=O)(O)OCC(O)CO)OC(=O)CCCCCCCCCCC
Phosphatidylglycerophosphate (didodecanoyl, n-C12:0)	CCCCCCCCCCCC(=O)OCC(COP(=O)([O-])OCC(O)COP(=O)([O-])O)OC(=O)CCCCCCCCCCC
Phosphatidylglycerophosphate (ditetradecanoyl, n-C14:0)	CCCCCCCCCCCCCC(=O)OCC(COP(=O)([O-])OCC(O)COP(=O)([O-])O)OC(=O)CCCCCCCCCCCCC
Phosphatidylglycerophosphate (dioctadec-11-enoyl, n-C18:1)	CCCCCCC=CCCCCCCCCCC(=O)OCC(COP(=O)([O-])OCC(O)COP(=O)([O-])O)OC(=O)CCCCCCCCCC=CCCCCCC
Protoheme C34H30FeN4O4	C=CC1=C(C)C2=Cc3c(C=C)c(C)c4n3[Fe-2]35n6c(c(C)c(CCC(=O)[O-])c6=CC6=[N+]3C(=C4)C(C)=C6CCC(=O)[O-])=CC1=[N+]25
Phosphatidylserine (didodecanoyl, n-C12:0)	CCCCCCCCCCCC(=O)OCC(COP(=O)([O-])OCCNC(=O)[O-])OC(=O)CCCCCCCCCCC
Phosphatidylserine (ditetradecanoyl, n-C14:0)	CCCCCCCCCCCCCC(=O)OCC(COP(=O)([O-])OCCNC(=O)[O-])OC(=O)CCCCCCCCCCCCC
Phosphatidylserine (dihexadec-9-enoyl, n-C16:1)	CCCCCCC=CCCCCCCCC(=O)OCC(COP(=O)([O-])OCCNC(=O)[O-])OC(=O)CCCCCCCC=CCCCCCC
Phosphatidylserine (dioctadec-11-enoyl, n-C18:1)	CCCCCCC=CCCCCCCCCCC(=O)OCC(COP(=O)([O-])OCCNC(=O)[O-])OC(=O)CCCCCCCCCC=CCCCCCC
Riboflavin C17H20N4O6	Cc1cc2nc3c(=O)[n-]c(=O)nc-3n(C[C@H](O)[C@H](O)[C@H](O)CO)c2cc1C
Sarcosine C3H7NO2	C[NH2+]CC(=O)[O-]
Siroheme C42H36FeN4O16	C[C@@]1(CC(=O)[O-])C2=CC3=[N+]4C(=Cc5c(CCC(=O)[O-])c(CC(=O)[O-])c6n5[Fe-2]45N2C(=CC2=[N+]5C(=C6)[C@@H](CCC(=O)[O-])[C@]2(C)CC(=O)[O-])[C@H]1CCC(=O)[O-])C(CCC(=O)[O-])=C3CC(=O)[O-]
Stearoyl-CoA (n-C18:0CoA)	CCCCCCCCCCCCCCCCCC(=O)SCCNC(=O)CCNC(=O)[C@H](O)C(C)(C)COP(=O)([O-])OP(=O)([O-])OC[C@H]1O[C@@H](n2cnc3c(N)ncnc32)[C@H](O)[C@@H]1OP(=O)([O-])[O-]
Sucrose C12H22O11	OC[C@H]1O[C@H](O[C@]2(CO)O[C@H](CO)[C@@H](O)[C@@H]2O)[C@H](O)[C@@H](O)[C@@H]1O
Trans-3-cis-5-dodecenoyl-[acyl-carrier protein]	CCCCCC/C=C/C=CCC(=O)SCCNC(=O)CCNC(=O)C(O)C(C)(C)COP(=O)([O-])O[*]
Trans-3-cis-7-myristoleoyl-[acyl-carrier protein]	CCCCCCC=CCCC=CCC(=O)SCCNC(=O)CCNC(=O)C(O)C(C)(C)COP(=O)([O-])O[*]
D-Tagatose 1,6-biphosphate	O=P([O-])([O-])OC[C@H]1OC(O)(COP(=O)([O-])[O-])[C@@H](O)[C@H]1O
Taurine C2H7NO3S	[NH3+]CCS(=O)(=O)[O-]
Tetradecanoyl-CoA (n-C14:0CoA)	CCCCCCCCCCCCCC(=O)SCCNC(=O)CCNC(=O)[C@H](O)C(C)(C)COP(=O)([O-])OP(=O)([O-])OC[C@H]1O[C@@H](n2cnc3c(N)ncnc32)[C@H](O)[C@@H]1OP(=O)([O-])[O-]
Trans-Dodec-2-enoyl-[acyl-carrier protein]	CCCCCCCCC/C=C/C(=O)S[*]
Cis-tetradec-7-enoyl-[acyl-carrier protein] (n-C14:1)	C=CCCCCCCCCCCCC(=O)SCCNC(=O)CCNC(=O)C(O)C(C)(C)COP(=O)([O-])O[*]
Trans-Dec-2-enoyl-[acyl-carrier protein]	CCCCCCC/C=C/C(=O)S[*]
Tetradecenoyl-CoA (n-C14:1CoA)	CCCCCCC=CCCCCCC(=O)SCCNC(=O)CCNC(=O)[C@H](O)C(C)(C)COP(=O)([O-])OP(=O)([O-])OC[C@H]1O[C@@H](n2cnc3c(N)ncnc32)[C@H](O)[C@@H]1OP(=O)([O-])[O-]
Trans-Hex-2-enoyl-[acyl-carrier protein]	CCC/C=C/C(=O)S[*]
Thymine C5H6N2O2	Cc1c[nH]c(=O)[nH]c1=O
Thymidine C10H14N2O5	Cc1cn([C@H]2C[C@H](O)[C@@H](CO)O2)c(=O)[nH]c1=O
Trans-Tetradec-2-enoyl-[acyl-carrier protein]	CCCCCCCCCCC/C=C/C(=O)S[*]
Trans-octadec-2-enoyl-[acyl-carrier protein]	CCCCCCCCCCCCCCC/C=C/C(=O)S[*]
Trans-Hexadec-2-enoyl-[acyl-carrier protein]	CCCCCCCCCCCCC/C=C/C(=O)S[*]
Oxidized thioredoxin	[*]N[C@@H](CSSC[C@H](N[*])C([*])=O)C([*])=O
TRNA (Glu)	[*]OP(=O)([O-])OC[C@H]1O[C@@H](n2ccc(N)nc2=O)[C@H](O)[C@@H]1OP(=O)([O-])OC[C@H]1O[C@@H](n2ccc(N)nc2=O)[C@H](O)[C@@H]1OP(=O)([O-])OC[C@H]1O[C@@H](n2cnc3c(N)ncnc32)[C@H](O)[C@@H]1O
Undecaprenyl phosphate-4-amino-4-deoxy-L-arabinose	CC(C)=CCCC(C)=CCCC(C)=CCCC(C)=CCCC(C)=CCCC(C)=CCCC(C)=CCCC(C)=CCCC(C)=CCCC(C)=CCCC(C)=CCOP(=O)([O-])OC1OCC([NH3+])C(O)C1O
Undecaprenyl-diphospho-N-acetylmuramoyl-(N-acetylglucosamine)-L-ala-D-glu-meso-2,6-diaminopimeloyl-D-ala-D-ala	CC(=O)N[C@H]1[C@H](O[C@@H]2[C@@H](CO)O[C@H](OP(=O)([O-])OP(=O)([O-])OC/C=C(/C)CC/C=C(/C)CC/C=C(/C)CC/C=C(/C)CC/C=C(/C)CC/C=C(/C)CC/C=C(/C)CC/C=C(/C)CC/C=C(\C)CC/C=C(\C)CCC=C(C)C)[C@H](NC(C)=O)[C@H]2O[C@H](C)C(=O)N[C@@H](C)C(=O)N[C@H](CCC(=O)N[C@@H](CCC[C@@H]([NH3+])C(=O)[O-])C(=O)N[C@H](C)C(=O)N[C@H](C)C(=O)[O-])C(=O)[O-])O[C@H](CO)[C@@H](O)[C@@H]1O
Undecaprenyl-diphospho-N-acetylmuramoyl-L-alanyl-D-glutamyl-meso-2,6-diaminopimeloyl-D-alanyl-D-alanine	CC(=O)N[C@H]1[C@@H](OP(=O)([O-])OP(=O)([O-])OC/C=C(/C)CC/C=C(/C)CC/C=C(/C)CC/C=C(/C)CC/C=C(/C)CC/C=C(/C)CC/C=C(/C)CC/C=C(/C)CC/C=C(\C)CC/C=C(\C)CCC=C(C)C)O[C@H](CO)[C@@H](O)[C@@H]1O[C@H](C)C(=O)N[C@@H](C)C(=O)N[C@H](CCC(=O)N[C@@H](CCC[C@@H]([NH3+])C(=O)[O-])C(=O)N[C@H](C)C(=O)N[C@H](C)C(=O)[O-])C(=O)[O-]
UDP C9H11N2O12P2	O=c1ccn([C@@H]2O[C@H](COP(=O)([O-])OP(=O)([O-])[O-])[C@@H](O)[C@H]2O)c(=O)[nH]1
UDP-N-acetylmuramoyl-L-alanyl-D-gamma-glutamyl-meso-2,6-diaminopimelate-D-alanine	CC(=O)NC1C(OP(=O)([O-])OP(=O)([O-])OCC2OC(n3ccc(=O)[nH]c3=O)C(O)C2O)OC(CO)C(O)C1OC(C)C(=O)NC(C)C(=O)NC(CCC(=O)NC(CCCC(NC(=O)C(C)[NH3+])C(=O)[O-])C(=O)[O-])C(=O)[O-]
UMP C9H11N2O9P	O=c1ccn([C@@H]2O[C@H](COP(=O)([O-])[O-])[C@@H](O)[C@H]2O)c(=O)[nH]1
Urate C5H4N4O3	O=C1N=C2NC(=O)NC2C(=O)N1
Urea CH4N2O	NC(N)=O
UTP C9H11N2O15P3	O=c1ccn([C@@H]2O[C@H](COP(=O)([O-])OP(=O)([O-])OP(=O)([O-])[O-])[C@@H](O)[C@H]2O)c(=O)[nH]1
1,2-Diacyl-sn-glycerol (ditetradecanoyl, n-C14:0)	CCCCCCCCCCCCCC(=O)OCC(CO)OC(=O)CCCCCCCCCCCCC
1,4-dihydroxy-2-napthoyl-CoA	CC(C)(COP(=O)([O-])OP(=O)([O-])OC[C@H]1O[C@@H](n2cnc3c(N)ncnc32)[C@H](O)[C@@H]1OP(=O)([O-])[O-])[C@@H](O)C(=O)NCCC(=O)NCCSC(=O)c1cc(O)c2ccccc2c1O
1-hexadecanoyl-sn-glycerol 3-phosphate	CCCCCCCCCCCCCCCC(=O)OC[C@@H](O)COP(=O)([O-])[O-]
1-octadec-11-enoyl-sn-glycerol 3-phosphate	CCCCCC/C=C/CCCCCCCCCC(=O)OC[C@@H](O)COP(=O)([O-])[O-]
[2Fe-2S] iron-sulfur cluster	[S]
(R)-3-Hydroxydecanoyl-[acyl-carrier protein]	CCCCCCC[C@@H](O)CC(=O)S[*]
(R)-3-Hydroxytetradecanoyl-[acyl-carrier protein]	CCCCCCCCCCC[C@@H](O)CC(=O)SCCNC(=O)CCNC(=O)[C@H](O)C(C)(C)COP(=O)([O-])OC[C@H](N[*])C([*])=O
(R)-3-Hydroxyoctanoyl-[acyl-carrier protein]	CCCCCC(O)CC(=O)SCCNC(=O)CCNC(=O)C(O)C(C)(C)COP(=O)([O-])O[*]
R-3-hydroxypalmitoyl-[acyl-carrier protein]	CCCCCCCCCCCCCC(O)CC(=O)SCCNC(=O)CCNC(=O)C(O)C(C)(C)COP(=O)([O-])O[*]
L-alanine-D-glutamate-meso-2,6-diaminoheptanedioate	C[C@H](N)C(=O)N[C@H](CCC(=O)N[C@@H](CCC[C@@H](N)C(=O)O)C(=O)O)C(=O)O
Acetyl-ACP	CC(=O)S[*]
4-Amino-4-deoxy-L-arabinose modified core oligosaccharide lipid A	CCCCCCCCCCCCCC(=O)OC(CCCCCCCCCCC)CC(=O)OC1C(NC(=O)CC(CCCCCCCCCCC)OC(=O)CCCCCCCCCCC)C(OCC2OC(OP(=O)([O-])O)C(NC(=O)CC(O)CCCCCCCCCCC)C(OC(=O)CC(O)CCCCCCCCCCC)C2O)OC(COC2(C(=O)[O-])CC(OC3(C(=O)[O-])CC(OC4(C(=O)[O-])CC(O)C(O)C(C(O)CO)O4)C(OC4OC(C)C(O)C(O)C4O)C(C(O)CO)O3)C(OC3OC(C(O)CO)C(OP(=O)([O-])O)C(OC4OC(C(O)COC5OC(C(O)CO)C(O)C(O)C5O)C(OP(=O)([O-])O)C(OC5OC(COC6OC(CO)C(O)C(O)C6O)C(O)C(OC6OC(CO)C(O)C(O)C6OC6OC(COC7OC(C(O)CO)C(O)C(O)C7O)C(O)C(O)C6O)C5O)C4O)C3O)C(C(O)CO)O2)C1OP(=O)([O-])OC1OCC([NH3+])C(O)C1O
ADPribose C15H21N5O14P2	Nc1ncnc2c1ncn2[C@@H]1O[C@H](COP(=O)(O)OP(=O)(O)OC[C@H]2O[C@@H](O)[C@H](O)[C@@H]2O)[C@@H](O)[C@H]1O
Applipoprotein	[*]SCC(N)C([*])=O
N-Acetyl-D-glucosamine(anhydrous)N-Acetylmuramyl-tetrapeptide	CC(=O)N[C@H]1C2OCC(O2)[C@@H](O[C@@H]2O[C@H](CO)[C@@H](O)[C@H](O)[C@H]2NC(C)=O)[C@@H]1O[C@H](C)C(=O)N[C@@H](C)C(=O)N[C@H](CCC(=O)N[C@@H](CCCC([*])[NH3+])C(=O)N[C@H](C)C(=O)[O-])C(=O)[O-]
Bis-molybdenum cofactor	Nc1nc2c(c(=O)[nH]1)N[C@H]1C3=C(S[Mo]4(=O)(SC5=C(S4)[C@@H]4Nc6c(nc(N)[nH]c6=O)N[C@@H]4O[C@@H]5COP(=O)([O-])[O-])S3)[C@@H](COP(=O)([O-])[O-])O[C@H]1N2
Butyrate (n-C4:0)	CCCC(=O)[O-]
CDP-1,2-dihexadecanoylglycerol	CCCCCCCCCCCCCCCC(=O)OC[C@H](COP(=O)([O-])OP(=O)([O-])OC[C@H]1O[C@@H](n2ccc(N)nc2=O)[C@H](O)[C@@H]1O)OC(=O)CCCCCCCCCCCCCCC
Cyclopropane phosphatidylethanolamine (dioctadec-11,12-cyclo-anoyl, n-C18:0 cyclo)	CCCCCCC1CC1CCCCCCCCCC(=O)N(CCOP(=O)([O-])OCC(O)CO)C(=O)CCCCCCCCCC1CC1CCCCCC
Decanoate (n-C10:0)	CCCCCCCCCC(=O)[O-]
Dodecanoyl-ACP (n-C12:0ACP)	CCCCCCCCCCCC(=O)SCCNC(=O)CCNC(=O)[C@H](O)C(C)(C)COP(=O)([O-])OC[C@H](N[*])C([*])=O
Dodecanoate (n-C12:0)	CCCCCCCCCCCC(=O)[O-]
(enterobacterial common antigen)x2 undecaprenyl-diphosphate	CC(=O)NC1C(C)OC(OC2C(C(=O)[O-])OC(OC3C(CO)OC(OC4C(O)C(OC5C(C(=O)[O-])OC(OC6C(CO)OC(OP(=O)([O-])OP(=O)([O-])OCC=C(C)CCC=C(C)CCC=C(C)CCC=C(C)CCC=C(C)CCC=C(C)CCC=C(C)CCC=C(C)CCC=C(C)CCC=C(C)CCC=C(C)C)C(NC(C)=O)C6O)C(NC(C)=O)C5O)OC(C)C4NC(C)=O)C(NC(C)=O)C3O)C(NC(C)=O)C2O)C(O)C1O
(enterobacterial common antigen)x3 undecaprenyl-diphosphate	CC(=O)NC1C(C)OC(OC2C(C(=O)[O-])OC(OC3C(CO)OC(OC4C(O)C(OC5C(C(=O)[O-])OC(OC6C(CO)OC(OC7C(O)C(OC8C(C(=O)[O-])OC(OC9C(CO)OC(OP(=O)([O-])OP(=O)([O-])OCC=C(C)CCC=C(C)CCC=C(C)CCC=C(C)CCC=C(C)CCC=C(C)CCC=C(C)CCC=C(C)CCC=C(C)CCC=C(C)CCC=C(C)C)C(NC(C)=O)C9O)C(NC(C)=O)C8O)OC(C)C7NC(C)=O)C(NC(C)=O)C6O)C(NC(C)=O)C5O)OC(C)C4NC(C)=O)C(NC(C)=O)C3O)C(NC(C)=O)C2O)C(O)C1O
(enterobacterial common antigen)x4 core oligosaccharide lipid A	CCCCCCCCCCCCCC(=O)OC(CCCCCCCCCCC)CC(=O)OC1C(NC(=O)CC(CCCCCCCCCCC)OC(=O)CCCCCCCCCCC)C(OCC2OC(OP(=O)([O-])O)C(NC(=O)CC(O)CCCCCCCCCCC)C(OC(=O)CC(O)CCCCCCCCCCC)C2O)OC(COC2(C(=O)[O-])CC(OC3(C(=O)[O-])CC(OC4(C(=O)[O-])CC(O)C(O)C(C(O)CO)O4)C(OC4OC(C)C(O)C(O)C4O)C(C(O)CO)O3)C(OC3OC(C(O)CO)C(OP(=O)([O-])O)C(OC4OC(C(O)COC5OC(C(O)CO)C(O)C(O)C5O)C(OP(=O)([O-])O)C(OC5OC(COC6OC(CO)C(O)C(O)C6O)C(O)C(OC6OC(CO)C(O)C(O)C6OC6OC(COC7OC(C(O)COC8OC(CO)C(OC9OC(C(=O)[O-])C(OC%10OC(C)C(NC(C)=O)C(OC%11OC(CO)C(OC%12OC(C(=O)[O-])C(OC%13OC(C)C(NC(C)=O)C(OC%14OC(CO)C(OC%15OC(C(=O)[O-])C(OC%16OC(C)C(NC(C)=O)C(OC%17OC(CO)C(OC%18OC(C(=O)[O-])C(OC%19OC(C)C(NC(C)=O)C(O)C%19O)C(O)C%18NC(C)=O)C(O)C%17NC(C)=O)C%16O)C(O)C%15NC(C)=O)C(O)C%14NC(C)=O)C%13O)C(O)C%12NC(C)=O)C(O)C%11NC(C)=O)C%10O)C(O)C9NC(C)=O)C(O)C8NC(C)=O)C(O)C(O)C7O)C(O)C(O)C6O)C5O)C4O)C3O)C(C(O)CO)O2)C1OP(=O)([O-])O
(enterobacterial common antigen)x4 undecaprenyl-diphosphate	CC(=O)NC1C(C)OC(OC2C(C(=O)[O-])OC(OC3C(CO)OC(OC4C(O)C(OC5C(C(=O)[O-])OC(OC6C(CO)OC(OC7C(O)C(OC8C(C(=O)[O-])OC(OC9C(CO)OC(OC%10C(O)C(OC%11C(C(=O)[O-])OC(OC%12C(CO)OC(OP(=O)([O-])OP(=O)([O-])OCC=C(C)CCC=C(C)CCC=C(C)CCC=C(C)CCC=C(C)CCC=C(C)CCC=C(C)CCC=C(C)CCC=C(C)CCC=C(C)CCC=C(C)C)C(NC(C)=O)C%12O)C(NC(C)=O)C%11O)OC(C)C%10NC(C)=O)C(NC(C)=O)C9O)C(NC(C)=O)C8O)OC(C)C7NC(C)=O)C(NC(C)=O)C6O)C(NC(C)=O)C5O)OC(C)C4NC(C)=O)C(NC(C)=O)C3O)C(NC(C)=O)C2O)C(O)C1O
Enoylglutaryl-[acyl-carrier protein] methyl ester	COC(=O)C/C=C/C(=O)S[*]
Enoylpimeloyl-[acyl-carrier protein] methyl ester	COC(=O)CCC/C=C/C(=O)S[*]
Ferric 2,3-dihydroxybenzoylserine	O=C(NC(CO)C(=O)[O-])c1cccc(O)c1O.[Fe+2]
Ferrichrome minus Fe(III)	CC(=O)N(O)CCC[C@@H]1NC(=O)CNC(=O)CNC(=O)CNC(=O)[C@H](CCCN(O)C(C)=O)NC(=O)[C@H](CCCN(O)C(C)=O)NC1=O
Generic ferrioxamine-Fe-III	CC(=O)N1CCCCCNC(=O)CCC(=O)N2CCCCCNC(=O)CCC(=O)N(CCCCCN)O[Fe](O1)O2
Glucosyl-inner core oligosaccharide lipid A	CCCCCCCCCCCCCC(=O)OC(CCCCCCCCCCC)CC(=O)OC1C(NC(=O)CC(CCCCCCCCCCC)OC(=O)CCCCCCCCCCC)C(OCC2OC(OP(=O)([O-])O)C(NC(=O)CC(O)CCCCCCCCCCC)C(OC(=O)CC(O)CCCCCCCCCCC)C2O)OC(COC2(C(=O)[O-])CC(OC3(C(=O)[O-])CC(OC4(C(=O)[O-])CC(O)C(O)C(C(O)CO)O4)C(OC4OC(C)C(O)C(O)C4O)C(C(O)CO)O3)C(OC3OC(C(O)CO)C(OP(=O)([O-])O)C(OC4OC(C(O)COC5OC(C(O)CO)C(O)C(O)C5O)C(OP(=O)([O-])O)C(OC5OC(CO)C(O)C(O)C5O)C4O)C3O)C(C(O)CO)O2)C1OP(=O)([O-])O
L-Glutamyl-tRNA(Glu)	[*][C@@H]1O[C@H](CO)[C@@H](OP(=O)(O)OC[C@H]2O[C@@H]([*])[C@H](O)[C@@H]2OP(=O)(O)OC[C@H]2O[C@@H](n3cnc4c(N)ncnc43)[C@H](OC(=O)[C@@H](N)CCC(=O)O)[C@@H]2O)[C@H]1O
Glycogen C6H10O5	[*]O[C@@H]1[C@@H](CO)O[C@H](O[C@@H]2[C@@H](CO[C@H]3O[C@H](CO)[C@@H](O[C@H]4O[C@H](CO)[C@@H](O[C@H]5O[C@H](CO)[C@@H](O[C@H]6O[C@H](CO[C@H]7O[C@H](CO)[C@@H](O[C@H]8O[C@H](CO)[C@@H](O[C@H]9O[C@H](CO)[C@@H](O[C@H]%10O[C@H](CO)[C@@H](O[C@H]%11O[C@H](CO)[C@@H](O[C@H]%12O[C@H](CO)[C@@H](O[C@H]%13O[C@H](CO)[C@@H](O[C@H]%14O[C@H](CO)[C@@H](O)[C@H](O)[C@H]%14O)[C@H](O)[C@H]%13O)[C@H](O)[C@H]%12O)[C@H](O)[C@H]%11O)[C@H](O)[C@H]%10O)[C@H](O)[C@H]9O)[C@H](O)[C@H]8O)[C@H](O)[C@H]7O)[C@@H](O[C@H]7O[C@H](CO)[C@@H](O[C@H]8O[C@H](CO)[C@@H](O[C@H]9O[C@H](CO)[C@@H](O[C@H]%10O[C@H](CO)[C@@H](O)[C@H](O)[C@H]%10O)[C@H](O)[C@H]9O)[C@H](O)[C@H]8O)[C@H](O)[C@H]7O)[C@H](O)[C@H]6O)[C@H](O)[C@H]5O)[C@H](O)[C@H]4O)[C@H](O)[C@H]3O)O[C@H](O[C@@H]3[C@@H](CO)O[C@H](O[C@@H]4[C@@H](CO)O[C@H](O[C@@H]5[C@@H](CO)O[C@H](O[C@@H]6[C@@H](CO)O[C@H](O[C@@H]7[C@@H](CO)O[C@H](O[C@@H]8[C@@H](CO)O[C@H](O[C@@H]9[C@@H](CO[C@H]%10O[C@H](CO)[C@@H](O[C@H]%11O[C@H](CO)[C@@H](O[C@H]%12O[C@H](CO)[C@@H](O[C@H]%13O[C@H](CO)[C@@H](O[C@H]%14O[C@H](CO)[C@@H](O[C@H]%15O[C@H](CO)[C@@H](O[C@H]%16O[C@H](CO)[C@@H](O[C@H]%17O[C@H](CO)[C@@H](O)[C@H](O)[C@H]%17O)[C@H](O)[C@H]%16O)[C@H](O)[C@H]%15O)[C@H](O)[C@H]%14O)[C@H](O)[C@H]%13O)[C@H](O)[C@H]%12O)[C@H](O)[C@H]%11O)[C@H](O)[C@H]%10O)O[C@H](O[C@@H]%10[C@@H](CO)O[C@H](O[*])[C@H](O)[C@H]%10O)[C@H](O)[C@H]9O)[C@H](O)[C@H]8O)[C@H](O)[C@H]7O)[C@H](O)[C@H]6O)[C@H](O)[C@H]5O)[C@H](O)[C@H]4O)[C@H](O)[C@H]3O)[C@H](O)[C@H]2O)[C@H](O)[C@H]1O
Glutaryl-[acyl-carrier protein] methyl ester	COC(=O)CCCC(=O)S[*]
Glutaredoxin (oxidized)	[*]C(=O)C1CSSCC([*])C(=O)N1
Glutaredoxin (reduced)	[*]C(=O)C(CS)NC(=O)C([*])CS
H2O H2O	[O-][H]
Hepta-acylated KDO(2)-lipid (A)	CCCCCCCCCCCCCCCC(=O)OC(CCCCCCCCCCC)CC(=O)NC1C(OP(=O)([O-])O)OC(COC2OC(COC3(C(=O)[O-])CC(OC4(C(=O)[O-])CC(O)C(O)C(C(O)CO)O4)C(O)C(C(O)CO)O3)C(OP(=O)([O-])O)C(OC(=O)CC(CCCCCCCCCCC)OC(=O)CCCCCCCCCCCCC)C2NC(=O)CC(CCCCCCCCCCC)OC(=O)CCCCCCCCCCC)C(O)C1OC(=O)CC(O)CCCCCCCCCCC
Hexadecenoyl-CoA (n-C16:1CoA)	CCCCCC/C=C\CCCCCCCC(=O)SCCNC(=O)CCNC(=O)[C@H](O)C(C)(C)COP(=O)([O-])OP(=O)([O-])OC[C@H]1O[C@@H](n2cnc3c(N)ncnc32)[C@H](O)[C@@H]1OP(=O)([O-])[O-]
Hexanoyl-ACP (n-C6:0ACP)	CCCCCC(=O)S[*]
3-Hydroxyglutaryl-[acyl-carrier protein] methyl ester	COC(=O)CC(O)CC(=O)S[*]
3-Hydroxypimeloyl-[acyl-carrier protein] methyl ester	COC(=O)CCCC(O)CC(=O)S[*]
Hexanoyl-CoA (n-C6:0CoA)	CCCCCC(=O)SCCNC(=O)CCNC(=O)[C@H](O)C(C)(C)COP(=O)([O-])OP(=O)([O-])OC[C@H]1O[C@@H](n2cnc3c(N)ncnc32)[C@H](O)[C@@H]1OP(=O)([O-])[O-]
Inner core oligosaccharide lipid A (E coli)	CCCCCCCCCCCCCC(=O)OC(CCCCCCCCCCC)CC(=O)OC1C(NC(=O)CC(CCCCCCCCCCC)OC(=O)CCCCCCCCCCC)C(OCC2OC(OP(=O)([O-])O)C(NC(=O)CC(O)CCCCCCCCCCC)C(OC(=O)CC(O)CCCCCCCCCCC)C2O)OC(COC2(C(=O)[O-])CC(OC3(C(=O)[O-])CC(OC4(C(=O)[O-])CC(O)C(O)C(C(O)CO)O4)C(OC4OC(C)C(O)C(O)C4O)C(C(O)CO)O3)C(OC3OC(C(O)CO)C(OP(=O)([O-])O)C(OC4OC(C(O)COC5OC(C(O)CO)C(O)C(O)C5O)C(OP(=O)([O-])O)C(O)C4O)C3O)C(C(O)CO)O2)C1OP(=O)([O-])O
KDO(2)-lipid IV(A) with palmitoleoyl	CCCCCCC=CCCCCCCCC(=O)OC(CCCCCCCCCCC)CC(=O)NC1C(OCC2OC(OP(=O)([O-])O)C(NC(=O)CC(O)CCCCCCCCCCC)C(OC(=O)CC(O)CCCCCCCCCCC)C2O)OC(COC2(C(=O)[O-])CC(OC3(C(=O)[O-])CC(O)C(O)C(C(O)CO)O3)C(O)C(C(O)CO)O2)C(OP(=O)([O-])O)C1OC(=O)CC(O)CCCCCCCCCCC
Two linked disacharide tripeptide murein units (uncrosslinked, middle of chain)	CC(=O)N[C@H]1[C@H](O[C@@H]2[C@@H](CO)O[C@H](O[*])[C@H](NC(C)=O)[C@H]2O[C@H](C)C(=O)N[C@@H](C)C(=O)N[C@H](CCC(=O)N[C@@H](CCC[C@@H]([NH3+])C(=O)[O-])C(=O)[O-])C(=O)[O-])O[C@H](CO)[C@@H](O[C@H]2O[C@H](CO)[C@@H](O[C@@H]3O[C@H](CO)[C@@H](O[*])[C@H](O)[C@H]3NC(C)=O)[C@H](O[C@H](C)C(=O)N[C@@H](C)C(=O)N[C@H](CCC(=O)N[C@@H](CCC[C@@H]([NH3+])C(=O)[O-])C(=O)[O-])C(=O)[O-])[C@H]2NC(C)=O)[C@@H]1O
Two linked disacharide tetrapeptide and tripeptide murein units (uncrosslinked, middle of chain)	CC(=O)N[C@H]1C(O[*])O[C@H](CO)[C@@H](O[C@@H]2O[C@H](CO)[C@@H](O[C@@H]3O[C@H](CO)[C@@H](O[C@@H]4O[C@H](CO)[C@@H](O[*])[C@H](O)[C@H]4NC(C)=O)[C@H](O[C@H](C)C(=O)N[C@@H](C)C(=O)N[C@H](CCC(=O)N[C@@H](CCC[C@@H]([NH3+])C(=O)[O-])C(=O)N[C@H](C)C(=O)[O-])C(=O)[O-])[C@H]3NC(C)=O)[C@H](O)[C@H]2NC(C)=O)[C@@H]1O[C@H](C)C(=O)N[C@@H](C)C(=O)N[C@H](CCC(=O)N[C@@H](CCC[C@@H]([NH3+])C(=O)[O-])C(=O)[O-])C(=O)[O-]
Two linked disacharide tetrapeptide murein units (uncrosslinked, middle of chain)	CC(=O)N[C@H]1C(O[*])O[C@H](CO)[C@@H](O[C@@H]2O[C@H](CO)[C@@H](O[C@@H]3O[C@H](CO)[C@@H](O[C@@H]4O[C@H](CO)[C@@H](O[*])[C@H](O)[C@H]4NC(C)=O)[C@H](O[C@H](C)C(=O)N[C@@H](C)C(=O)N[C@H](CCC(=O)N[C@@H](CCC[C@@H]([NH3+])C(=O)[O-])C(=O)N[C@H](C)C(=O)[O-])C(=O)[O-])[C@H]3NC(C)=O)[C@H](O)[C@H]2NC(C)=O)[C@@H]1O[C@H](C)C(=O)N[C@@H](C)C(=O)N[C@H](CCC(=O)N[C@@H](CCC[C@@H]([NH3+])C(=O)[O-])C(=O)N[C@H](C)C(=O)[O-])C(=O)[O-]
Two disacharide linked murein units, tetrapeptide corsslinked tetrapeptide (A2pm->D-ala) (middle of chain)	CC(=O)NC1=COC(CO)C2OC3OC(CO)C(OC4OC(CO)C(OC5OC(CO)C(O)C(O)C5NC(C)=O)C(OC(C)C(=O)NC(C)C(=O)NC(CCC(=O)[O-])C(=O)NC(CCCC(N)C(=O)[O-])C(=O)NC(C)C(=O)NC(C(=O)[O-])CCCC(C(=O)NC(C)C(=O)[O-])NC(=O)C(CCC(=O)[O-])NC(=O)C(C)NC(=O)C(C)OC12)C4NC(C)=O)C(O)C3NC(C)=O
Three disacharide linked murein units (tetrapeptide crosslinked tetrapeptide (A2pm->D-ala) & tetrapeptide corsslinked tetrapeptide (A2pm->D-ala)) (middle of chain)	CC(=O)NC1=COC(CO)C2OC3OC(CO)C(OC4OC(CO)C5OC6OC(CO)C(OC7OC(CO)C(OC8OC(CO)C(O)C(O)C8NC(C)=O)C(OC(C)C(=O)NC(C)C(=O)NC(CCC(=O)[O-])C(=O)NC(CCCC([NH3+])C(=O)[O-])C(=O)NC(C)C(=O)NC(C(=O)[O-])CCCC(NC(=O)C(CCC(=O)[O-])NC(=O)C(C)NC(=O)C(C)OC5C4NC(C)=O)C(=O)NC(C)C(=O)NC(C(=O)[O-])CCCC(C(=O)NC(C)C(=O)[O-])NC(=O)C(CCC(=O)[O-])NC(=O)C(C)NC(=O)C(C)OC12)C7NC(C)=O)C(O)C6NC(C)=O)C(O)C3NC(C)=O
Two linked disacharide pentapeptide and tripeptide murein units (uncrosslinked, middle of chain)	CC(=O)N[C@H]1[C@H](O[C@@H]2[C@@H](CO)O[C@H](O[*])[C@H](NC(C)=O)[C@H]2O[C@H](C)C(=O)N[C@@H](C)C(=O)N[C@H](CCC(=O)N[C@@H](CCC[C@@H]([NH3+])C(=O)[O-])C(=O)N[C@H](C)C(=O)N[C@H](C)C(=O)[O-])C(=O)[O-])O[C@H](CO)[C@@H](O[C@H]2O[C@H](CO)[C@@H](O[C@@H]3O[C@H](CO)[C@@H](O[*])[C@H](O)[C@H]3NC(C)=O)[C@H](O[C@H](C)C(=O)N[C@@H](C)C(=O)N[C@H](CCC(=O)N[C@@H](CCC[C@@H]([NH3+])C(=O)[O-])C(=O)[O-])C(=O)[O-])[C@H]2NC(C)=O)[C@@H]1O
Two linked disacharide pentapeptide and tetrapeptide murein units (uncrosslinked, middle of chain)	CC(=O)N[C@H]1[C@H](O[C@@H]2[C@@H](CO)O[C@H](O[*])[C@H](NC(C)=O)[C@H]2O[C@H](C)C(=O)N[C@@H](C)C(=O)N[C@H](CCC(=O)N[C@@H](CCC[C@@H]([NH3+])C(=O)[O-])C(=O)N[C@H](C)C(=O)N[C@H](C)C(=O)[O-])C(=O)[O-])O[C@H](CO)[C@@H](O[C@H]2O[C@H](CO)[C@@H](O[C@@H]3O[C@H](CO)[C@@H](O[*])[C@H](O)[C@H]3NC(C)=O)[C@H](O[C@H](C)C(=O)N[C@@H](C)C(=O)N[C@H](CCC(=O)N[C@@H](CCC[C@@H]([NH3+])C(=O)[O-])C(=O)N[C@H](C)C(=O)[O-])C(=O)[O-])[C@H]2NC(C)=O)[C@@H]1O
Three linked disacharide pentapeptide murein units (uncrosslinked, middle of chain)	CC(=O)N[C@H]1[C@H](O[C@@H]2[C@@H](CO)O[C@@H](O[C@@H]3[C@@H](CO)O[C@@H](O[C@@H]4[C@@H](CO)O[C@@H](O[C@@H]5[C@@H](CO)O[C@@H](O[C@@H]6[C@@H](CO)O[C@H](O[*])[C@H](NC(C)=O)[C@H]6O[C@H](C)C(=O)N[C@@H](C)C(=O)N[C@H](CCC(=O)N[C@@H](CCC[C@@H]([NH3+])C(=O)[O-])C(=O)N[C@H](C)C(=O)N[C@H](C)C(=O)[O-])C(=O)[O-])[C@H](NC(C)=O)[C@H]5O)[C@H](NC(C)=O)[C@H]4O[C@H](C)C(=O)N[C@@H](C)C(=O)N[C@H](CCC(=O)N[C@@H](CCC[C@@H]([NH3+])C(=O)[O-])C(=O)N[C@H](C)C(=O)N[C@H](C)C(=O)[O-])C(=O)[O-])[C@H](NC(C)=O)[C@H]3O)[C@H](NC(C)=O)[C@H]2O[C@H](C)C(=O)N[C@@H](C)C(=O)N[C@H](CCC(=O)N[C@@H](CCC[C@@H]([NH3+])C(=O)[O-])C(=O)N[C@H](C)C(=O)N[C@H](C)C(=O)[O-])C(=O)[O-])O[C@H](CO)[C@@H](O[*])[C@@H]1O
Two linked disacharide pentapeptide murein units (uncrosslinked, middle of chain)	CC(=O)N[C@H]1[C@H](O[C@@H]2[C@@H](CO)O[C@H](O[*])[C@H](NC(C)=O)[C@H]2O[C@H](C)C(=O)N[C@@H](C)C(=O)N[C@H](CCC(=O)N[C@@H](CCC[C@@H]([NH3+])C(=O)[O-])C(=O)N[C@H](C)C(=O)N[C@H](C)C(=O)[O-])C(=O)[O-])O[C@H](CO)[C@@H](O[C@H]2O[C@H](CO)[C@@H](O[C@@H]3O[C@H](CO)[C@@H](O[*])[C@H](O)[C@H]3NC(C)=O)[C@H](O[C@H](C)C(=O)N[C@@H](C)C(=O)N[C@H](CCC(=O)N[C@@H](CCC[C@@H]([NH3+])C(=O)[O-])C(=O)N[C@H](C)C(=O)N[C@H](C)C(=O)[O-])C(=O)[O-])[C@H]2NC(C)=O)[C@@H]1O
Myristoyl-ACP (n-C14:0ACP)	CCCCCCCCCCCCCC(=O)S[*]
(O16 antigen)x2 undecaprenyl diphosphate	CC(=O)N[C@H]1[C@@H](O[C@@H]2[C@@H](O)[C@H]([C@H](O)CO)O[C@H]2OC[C@H]2O[C@H](O[C@@H]3[C@@H](O)[C@H](C)O[C@@H](O[C@H]4[C@H](O)[C@@H](CO[C@H]5O[C@H](CO)[C@@H](O)[C@H](O)[C@H]5O)O[C@H](OP(=O)([O-])OP(=O)([O-])OC/C=C(\C)CC/C=C(/C)CC/C=C(/C)CC/C=C(/C)CC/C=C(/C)CC/C=C(/C)CC/C=C(/C)CC/C=C(/C)CC/C=C(\C)CC/C=C(\C)CCC=C(C)C)[C@@H]4NC(C)=O)[C@@H]3OC(C)=O)[C@H](O)[C@@H](O)[C@@H]2O)O[C@H](CO[C@H]2O[C@H](CO)[C@@H](O)[C@H](O)[C@H]2O)[C@@H](O)[C@@H]1O[C@@H]1O[C@@H](C)[C@H](O)[C@@H](O[C@H]2O[C@H](CO[C@@H]3O[C@@H]([C@H](O)CO)[C@H](O)[C@H]3O)[C@@H](O)[C@H](O)[C@H]2O)[C@H]1OC(C)=O
(O16 antigen)x3 undecaprenyl diphosphate	CC(=O)N[C@H]1[C@@H](O[C@@H]2[C@@H](O)[C@H]([C@H](O)CO)O[C@H]2OC[C@H]2O[C@H](O[C@@H]3[C@@H](O)[C@H](C)O[C@@H](O[C@H]4[C@H](O)[C@@H](CO[C@H]5O[C@H](CO)[C@@H](O)[C@H](O)[C@H]5O)O[C@H](OP(=O)([O-])OP(=O)([O-])OC/C=C(\C)CC/C=C(/C)CC/C=C(/C)CC/C=C(/C)CC/C=C(/C)CC/C=C(/C)CC/C=C(/C)CC/C=C(/C)CC/C=C(\C)CC/C=C(\C)CCC=C(C)C)[C@@H]4NC(C)=O)[C@@H]3OC(C)=O)[C@H](O)[C@@H](O)[C@@H]2O)O[C@H](CO[C@H]2O[C@H](CO)[C@@H](O)[C@H](O)[C@H]2O)[C@@H](O)[C@@H]1O[C@@H]1O[C@@H](C)[C@H](O)[C@@H](O[C@H]2O[C@H](CO[C@@H]3O[C@@H]([C@H](O)CO)[C@H](O)[C@H]3O[C@H]3O[C@H](CO[C@H]4O[C@H](CO)[C@@H](O)[C@H](O)[C@H]4O)[C@@H](O)[C@H](O[C@@H]4O[C@@H](C)[C@H](O)[C@@H](O[C@H]5O[C@H](CO[C@@H]6O[C@@H]([C@H](O)CO)[C@H](O)[C@H]6O)[C@@H](O)[C@H](O)[C@H]5O)[C@H]4OC(C)=O)[C@H]3NC(C)=O)[C@@H](O)[C@H](O)[C@H]2O)[C@H]1OC(C)=O
(O16 antigen)x4 undecaprenyl diphosphate	CC(=O)NC1C(OC2C(OCC3OC(OC4C(O)C(C)OC(OC5C(O)C(COC6OC(CO)C(O)C(O)C6O)OC(OC6C(OCC7OC(OC8C(O)C(C)OC(OC9C(O)C(COC%10OC(CO)C(O)C(O)C%10O)OC(OC%10C(OCC%11OC(OC%12C(O)C(C)OC(OC%13C(O)C(COC%14OC(CO)C(O)C(O)C%14O)OC(OP(=O)([O-])OP(=O)([O-])OCC=C(C)CCC=C(C)CCC=C(C)CCC=C(C)CCC=C(C)CCC=C(C)CCC=C(C)CCC=C(C)CCC=C(C)CCC=C(C)CCC=C(C)C)C%13NC(C)=O)C%12OC(C)=O)C(O)C(O)C%11O)OC(C(O)CO)C%10O)C9NC(C)=O)C8OC(C)=O)C(O)C(O)C7O)OC(C(O)CO)C6O)C5NC(C)=O)C4OC(C)=O)C(O)C(O)C3O)OC(C(O)CO)C2O)OC(COC2OC(CO)C(O)C(O)C2O)C(O)C1OC1OC(C)C(O)C(OC2OC(COC3OC(C(O)CO)C(O)C3O)C(O)C(O)C2O)C1OC(C)=O
O16 antigen undecaprenyl diphosphate	CC(=O)N[C@H]1[C@@H](OP(=O)([O-])OP(=O)([O-])OC/C=C(\C)CC/C=C(/C)CC/C=C(/C)CC/C=C(/C)CC/C=C(/C)CC/C=C(/C)CC/C=C(/C)CC/C=C(/C)CC/C=C(\C)CC/C=C(\C)CCC=C(C)C)O[C@H](CO[C@H]2O[C@H](CO)[C@@H](O)[C@H](O)[C@H]2O)[C@@H](O)[C@@H]1O[C@@H]1O[C@@H](C)[C@H](O)[C@@H](O[C@H]2O[C@H](CO[C@@H]3O[C@@H]([C@H](O)CO)[C@H](O)[C@H]3O)[C@@H](O)[C@H](O)[C@H]2O)[C@H]1OC(C)=O
Palmitoyl-ACP (n-C16:0ACP)	CCCCCCCCCCCCCCCC(=O)S[*]
Phosphatidylglycerophosphate (dihexadec-9-enoyl, n-C16:1)	CCCCCC/C=C\CCCCCCCC(=O)OC[C@H](COP(=O)(O)OC[C@@H](O)COP(=O)(O)O)OC(=O)CCCCCCC/C=C\CCCCCC
Pimeloyl-[acyl-carrier protein]	CC(C)(COP(=O)([O-])OC[C@H](N[*])C([*])=O)[C@@H](O)C(=O)NCCC(=O)NCCSC(=O)CCCCCC(=O)[O-]
Pimeloyl-[acyl-carrier protein] methyl ester	COC(=O)CCCCCC(=O)SCCNC(=O)CCNC(=O)[C@H](O)C(C)(C)COP(=O)([O-])OC[C@H](N[*])C([*])=O
Propionate (n-C3:0)	CCC(=O)[O-]
Pseudouridine 5  phosphate C9H11N2O9P	O=c1[nH]cc([C@@H]2O[C@H](COP(=O)([O-])[O-])[C@@H](O)[C@H]2O)c(=O)[nH]1
Ring 1,2-epoxyphenylacetyl-CoA	CC(C)(COP(=O)([O-])OP(=O)([O-])OC[C@H]1O[C@@H](n2cnc3c(N)ncnc32)[C@H](O)[C@@H]1OP(=O)([O-])[O-])[C@@H](O)C(=O)NCCC(=O)NCCSC(=O)CC12C=CC=CC1O2
Trans-Oct-2-enoyl-[acyl-carrier protein]	CCCCCC=CC(=O)SCCNC(=O)CCNC(=O)C(O)C(C)(C)COP(=O)([O-])O[*]
Tetradecanoate (n-C14:0)	CCCCCCCCCCCCCC(=O)[O-]
Tetradecenoate (n-C14:1)	CCCC/C=C/CCCCCCCC(=O)O
