(1->3)-beta-D-glucan	[H]O[C@@H]1O[C@H](CO)[C@@H](O)[C@H](O)[C@H]1O	WQZGKKKJIJFFOK-VFUOTHLCSA-N
(1->6)-beta-D-glucan	[H]O[C@@H]1O[C@H](CO)[C@@H](O)[C@H](O)[C@H]1O	WQZGKKKJIJFFOK-VFUOTHLCSA-N
(2-amino-4-hydroxy-7,8-dihydropteridin-6-yl)methyl trihydrogen diphosphate	Nc1nc(O)c2c(n1)NCC(COP(=O)([O-])OP(=O)([O-])[O-])=N2	FCQGJGLSOWZZON-UHFFFAOYSA-K
(2E)-3-(methoxycarbonyl)pent-2-enedioic acid	COC(=O)/C(=C/C(=O)[O-])CC(=O)[O-]	BRYKYSQCLNCYQW-DUXPYHPUSA-L
(2R,3R)-2,3-dihydroxy-3-methylpentanoate	CC[C@@](C)(O)[C@@H](O)C(=O)[O-]	PDGXJDXVGMHUIR-UJURSFKZSA-M
(2R,3S)-3-isopropylmalate	CC(C)[C@H](C(=O)[O-])[C@@H](O)C(=O)[O-]	RNQHMTFBUSSBJQ-CRCLSJGQSA-L
(2R,3S)-3-methylmalate	C[C@H](C(=O)[O-])[C@@H](O)C(=O)[O-]	NPYQJIHHTGFBLN-STHAYSLISA-L
(2S)-2-isopropyl-3-oxosuccinate	CC(C)[C@H](C(=O)[O-])C(=O)C(=O)[O-]	HIIZAGQWABAMRR-BYPYZUCNSA-L
(2S,3R)-3-hydroxybutane-1,2,3-tricarboxylic acid	C[C@](O)(C(=O)[O-])[C@H](CC(=O)[O-])C(=O)[O-]	HHKPKXCSHMJWCF-WVBDSBKLSA-K
(4-hydroxyphenyl)acetaldehyde	O=CCc1ccc(O)cc1	IPRPPFIAVHPVJH-UHFFFAOYSA-N
(5S,6S)-di-HETE	CCCCC/C=C\C/C=C\C=C\C=C\[C@H](O)[C@@H](O)CCCC(=O)O	UVZBUUTTYHTDRR-WAQVJNLQSA-N
(9Z,12Z)-octadecadienoate	CCCCC/C=C\C/C=C\CCCCCCCC(=O)[O-]	OYHQOLUKZRVURQ-HZJYTTRNSA-M
(Indol-3-yl)acetamide	NC(=O)Cc1c[nH]c2ccccc12	ZOAMBXDOGPRZLP-UHFFFAOYSA-N
(N(omega)-L-arginino)succinic acid	N=C(NCCC[C@H](N)C(=O)O)N[C@@H](CC(=O)O)C(=O)O	KDZOASGQNOPSCU-WDSKDSINSA-N
(R)-2,3-dihydroxy-3-methylbutanoate	CC(C)(O)[C@@H](O)C(=O)[O-]	JTEYKUFKXGDTEU-VKHMYHEASA-M
(R)-3-hydroxy-cis-hexadec-7-enoyl-CoA	CCCCCCCC/C=C\CCC[C@H](O)CC(=O)SCCNC(=O)CCNC(=O)[C@H](O)C(C)(C)COP(=O)(O)OP(=O)(O)OC[C@H]1O[C@@H](n2cnc3c(N)ncnc32)[C@H](O)[C@@H]1OP(=O)(O)O	KZLHPKRIEDLQGG-SQUPIXLDSA-N
(R)-3-hydroxy-cis-octadec-9-enoyl-CoA	CCCCCCCC/C=C\CCCCC[C@H](O)CC(=O)SCCNC(=O)CCNC(=O)[C@H](O)C(C)(C)COP(=O)(O)OP(=O)(O)OC[C@H]1O[C@@H](n2cnc3c(N)ncnc32)[C@H](O)[C@@H]1OP(=O)(O)O	LHAYYTCFPMUQNR-DFXYPYGHSA-N
(R)-3-hydroxy-cis-tetradec-5-enoyl-CoA	CCCCCCCC/C=C\C[C@H](O)CC(=O)SCCNC(=O)CCNC(=O)[C@H](O)C(C)(C)COP(=O)(O)OP(=O)(O)OC[C@H]1O[C@@H](n2cnc3c(N)ncnc32)[C@H](O)[C@@H]1OP(=O)(O)O	KJJPUIFALMAQPF-SUAKZGBESA-N
(R)-3-hydroxybutanoyl-CoA	C[C@@H](O)CC(=O)SCCNC(=O)CCNC(=O)[C@H](O)C(C)(C)COP(=O)(O)OP(=O)(O)OC[C@H]1O[C@@H](n2cnc3c(N)ncnc32)[C@H](O)[C@@H]1OP(=O)(O)O	QHHKKMYHDBRONY-WZZMXTMRSA-N
(R)-3-hydroxydecanoyl-CoA	CCCCCCC[C@H](O)CC(=O)SCCNC(=O)CCNC(=O)[C@H](O)C(C)(C)COP(=O)(O)OP(=O)(O)OC[C@H]1O[C@@H](n2cnc3c(N)ncnc32)[C@H](O)[C@@H]1OP(=O)(O)O	HIVSMYZAMUNFKZ-PNPVFPMQSA-N
(R)-3-hydroxydocosanoyl-CoA	CCCCCCCCCCCCCCCCCCC[C@@H](O)CC(=O)SCCNC(=O)CCNC(=O)[C@H](O)C(C)(C)COP(=O)([O-])OP(=O)([O-])OC[C@H]1O[C@@H](n2cnc3c(N)ncnc32)[C@H](O)[C@@H]1OP(=O)([O-])[O-]	VNJQSRVXTRJVAZ-ZUIQSSPPSA-J
(R)-3-hydroxyhexanoyl-CoA	CCC[C@@H](O)CC(=O)SCCNC(=O)CCNC(=O)[C@H](O)C(C)(C)COP(=O)(O)OP(=O)(O)OC[C@H]1O[C@@H](n2cnc3c(N)ncnc32)[C@H](O)[C@@H]1OP(=O)(O)O	VAAHKRMGOFIORX-RLVCGTLZSA-N
(R)-3-hydroxyicosanoyl-CoA	CCCCCCCCCCCCCCCCC[C@@H](O)CC(=O)SCCNC(=O)CCNC(=O)[C@H](O)C(C)(C)COP(=O)(O)OP(=O)(O)OC[C@H]1O[C@@H](n2cnc3c(N)ncnc32)[C@H](O)[C@@H]1OP(=O)(O)O	KNSVYMFEJLUJST-AFMYZWIISA-N
(R)-3-hydroxylauroyl-CoA	CCCCCCCCC[C@H](O)CC(=O)SCCNC(=O)CCNC(=O)[C@H](O)C(C)(C)COP(=O)(O)OP(=O)(O)OC[C@H]1O[C@@H](n2cnc3c(N)ncnc32)[C@H](O)[C@@H]1OP(=O)(O)O	IJFLXRCJWPKGKJ-LXIXEQKWSA-N
(R)-3-hydroxyoctanoyl-CoA	CCCCC[C@@H](O)CC(=O)SCCNC(=O)CCNC(=O)[C@H](O)C(C)(C)COP(=O)([O-])OP(=O)([O-])OC[C@H]1O[C@@H](n2cnc3c(N)ncnc32)[C@H](O)[C@@H]1OP(=O)([O-])[O-]	ATVGTMKWKDUCMS-JWBYWSJJSA-J
(R)-3-hydroxytetracosanoyl-CoA	CCCCCCCCCCCCCCCCCCCCC[C@@H](O)CC(=O)SCCNC(=O)CCNC(=O)[C@H](O)C(C)(C)COP(=O)(O)OP(=O)(O)OC[C@H]1O[C@@H](n2cnc3c(N)ncnc32)[C@H](O)[C@@H]1OP(=O)(O)O	QIBKBVRVOFIKLN-YSOWJFSKSA-N
(R)-4'-phosphopantothenic acid	CC(C)(COP(=O)(O)O)[C@@H](O)C(=O)NCCC(=O)O	XHFVGHPGDLDEQO-ZETCQYMHSA-N
(R)-5-diphosphomevalonic acid	C[C@@](O)(CCOP(=O)([O-])OP(=O)([O-])[O-])CC(=O)[O-]	SIGQQUBJQXSAMW-ZCFIWIBFSA-J
(R)-5-phosphomevalonic acid	C[C@@](O)(CCOP(=O)([O-])[O-])CC(=O)[O-]	OKZYCXHTTZZYSK-ZCFIWIBFSA-K
(R)-Lipoate	O=C([O-])CCCC[C@@H]1CCSS1	AGBQKNBQESQNJD-SSDOTTSWSA-M
(R)-S-lactoylglutathione	C[C@@H](O)C(=O)SC[C@H](NC(=O)CC[C@H]([NH3+])C(=O)[O-])C(=O)NCC(=O)[O-]	VDYDCVUWILIYQF-CSMHCCOUSA-M
(R)-acetoin	CC(=O)[C@@H](C)O	ROWKJAVDOGWPAT-GSVOUGTGSA-N
(R)-carnitine	C[N+](C)(C)C[C@H](O)CC(=O)[O-]	PHIQHXFUZVPYII-ZCFIWIBFSA-N
(R)-lactate	C[C@@H](O)C(=O)[O-]	JVTAAEKCZFNVCJ-UWTATZPHSA-M
(R)-mevalonate	C[C@@](O)(CCO)CC(=O)[O-]	KJTLQQUUPVSXIM-ZCFIWIBFSA-M
(R)-pantoate	CC(C)(CO)[C@@H](O)C(=O)[O-]	OTOIIPJYVQJATP-BYPYZUCNSA-M
(R)-pantothenate	CC(C)(CO)[C@@H](O)C(=O)NCCC(=O)[O-]	GHOKWGTUZJEAQD-ZETCQYMHSA-M
(R,R)-2,3-butanediol	C[C@@H](O)[C@@H](C)O	OWBTYPJTUOEWEK-QWWZWVQMSA-N
(S)-2,3-epoxysqualene	CC(C)=CCC/C(C)=C/CC/C(C)=C/CC/C=C(\C)CC/C=C(\C)CC[C@@H]1OC1(C)C	QYIMSPSDBYKPPY-RSKUXYSASA-N
(S)-2-acetyl-2-hydroxybutanoate	CC[C@](O)(C(C)=O)C(=O)[O-]	VUQLHQFKACOHNZ-LURJTMIESA-M
(S)-3-hydroxyhexacosanoyl-CoA	CCCCCCCCCCCCCCCCCCCCCCC[C@H](O)CC(=O)SCCNC(=O)CCNC(=O)[C@H](O)C(C)(C)COP(=O)(O)OP(=O)(O)OC[C@H]1O[C@@H](n2cnc3c(N)ncnc32)[C@H](O)[C@@H]1OP(=O)(O)O	GBMJOTOUUWGTIA-FUMULLQGSA-N
(S)-3-hydroxypalmitoyl-CoA	CCCCCCCCCCCCC[C@H](O)CC(=O)SCCNC(=O)CCNC(=O)[C@H](O)C(C)(C)COP(=O)(O)OP(=O)(O)OC[C@H]1O[C@@H](n2cnc3c(N)ncnc32)[C@H](O)[C@@H]1OP(=O)(O)O	DEHLMTDDPWDRDR-BCIKBWLNSA-N
(S)-3-hydroxytetradecanoyl-CoA	CCCCCCCCCCC[C@H](O)CC(=O)SCCNC(=O)CCNC(=O)[C@H](O)C(C)(C)COP(=O)(O)OP(=O)(O)OC[C@H]1O[C@@H](n2cnc3c(N)ncnc32)[C@H](O)[C@@H]1OP(=O)(O)O	OXBHKMHNDGRDCZ-STLSENOWSA-N
(S)-3-methyl-2-oxopentanoate	CC[C@H](C)C(=O)C(=O)[O-]	JVQYSWDUAOAHFM-BYPYZUCNSA-M
(S)-Methylmalonate semialdehyde	C[C@@H](C=O)C(=O)[O-]	VOKUMXABRRXHAR-VKHMYHEASA-M
(S)-benzoin	O=C(c1ccccc1)[C@@H](O)c1ccccc1	ISAOCJYIOMOJEB-ZDUSSCGKSA-N
(S)-dihydroorotate	O=C1C[C@@H](C(=O)[O-])NC(=O)N1	UFIVEPVSAGBUSI-REOHCLBHSA-M
(S)-lactaldehyde	C[C@H](O)C=O	BSABBBMNWQWLLU-VKHMYHEASA-N
(S)-lactate	C[C@H](O)C(=O)[O-]	JVTAAEKCZFNVCJ-REOHCLBHSA-M
(S)-malate	O=C([O-])C[C@H](O)C(=O)[O-]	BJEPYKJPYRNKOW-REOHCLBHSA-L
1,2-diacyl-sn-glycerol 3-phosphate	[*]C(=O)OC[C@H](COP(=O)([O-])[O-])OC([*])=O	NFRFUGBXJTXTMZ-UHFFFAOYSA-L
1,2-diacylglycerol 3-diphosphate (1-16:0, 2-18:1)	CCCCCCCC/C=C\CCCCCCCC(=O)O[C@H](COC(=O)CCCCCCCCCCCCCCC)COP(=O)(O)OP(=O)(O)O	KGPOTEGAEDLRDC-QEJMHMKOSA-N
1,3-bisphospho-D-glycerate	O=C(OP(=O)([O-])[O-])[C@H](O)COP(=O)([O-])[O-]	LJQLQCAXBUHEAZ-UWTATZPHSA-J
1,4-benzosemiquinone	[O]c1ccc(O)cc1	XLHUBROMZOAQMV-UHFFFAOYSA-N
1-(2-carboxyphenylamino)-1-deoxy-D-ribulose 5-phosphate	O=C([O-])c1ccccc1NCC(=O)[C@H](O)[C@H](O)COP(=O)([O-])[O-]	QKMBYNRMPRKVTO-MNOVXSKESA-K
1-(5-phospho-D-ribosyl)-5-[(5-phospho-D-ribosylamino)methylideneamino]imidazole-4-carboxamide	NC(=O)c1ncn([C@@H]2O[C@H](COP(=O)([O-])[O-])[C@@H](O)[C@H]2O)c1/N=C/N[C@@H]1O[C@H](COP(=O)([O-])[O-])[C@@H](O)[C@H]1O	QOUSHGMTBIIAHR-KEOHHSTQSA-J
1-(5-phosphoribosyl)-5'-AMP	N=c1c2ncn([C@@H]3O[C@H](COP(=O)([O-])[O-])[C@@H](O)[C@H]3O)c2ncn1[C@@H]1O[C@H](COP(=O)([O-])[O-])[C@@H](O)[C@H]1O	RTQMRTSPTLIIHM-KEOHHSTQSA-J
1-(sn-glycero-3-phospho)-1D-myo-inositol	O=P([O-])(OC[C@H](O)CO)O[C@H]1[C@H](O)[C@@H](O)[C@H](O)[C@@H](O)[C@H]1O	BMVUIWJCUQSHLZ-UJGXJMNGSA-M
1-C-(indol-3-yl)glycerol 3-phosphate	O=P([O-])([O-])OCC(O)C(O)c1cnc2ccccc12	NQEQTYPJSIEPHW-UHFFFAOYSA-L
1-acyl-sn-glycerol 3-phosphate	[*]C(=O)OC[C@@H](O)COP(=O)([O-])[O-]	
1-acyl-sn-glycerol 3-phosphate (16:0)	CCCCCCCCCCCCCCCC(=O)OC[C@@H](O)COP(=O)(O)O	YNDYKPRNFWPPFU-GOSISDBHSA-N
1-acyl-sn-glycerol 3-phosphate (16:1)	CCCCCC/C=C\CCCCCCCC(=O)OC[C@@H](O)COP(=O)([O-])[O-]	GLGQZYWTNAOWHT-JTHGQSKGSA-L
1-acyl-sn-glycerol 3-phosphate (18:0)	CCCCCCCCCCCCCCCCCC(=O)OC[C@@H](O)COP(=O)(O)O	LAYXSTYJRSVXIH-HXUWFJFHSA-N
1-acyl-sn-glycerol 3-phosphate (18:1)	CCCCCCCC/C=C\CCCCCCCC(=O)OC[C@@H](O)COP(=O)(O)O	WRGQSWVCFNIUNZ-GDCKJWNLSA-N
1-acylglycerophosphocholine	C[N+](C)(C)CCOP(=O)(O)OCC(O)COC([*])=O	
1-acylglycerophosphocholine (16:0)	CCCCCCCCCCCCCCCC(=O)OC[C@@H](O)COP(=O)([O-])OCC[N+](C)(C)C	ASWBNKHCZGQVJV-HSZRJFAPSA-N
1-acylglycerophosphocholine (16:1)	CCCCCC/C=C\CCCCCCCC(=O)OC[C@@H](O)COP(=O)([O-])OCC[N+](C)(C)C	LFUDDCMNKWEORN-ZXEGGCGDSA-N
1-acylglycerophosphocholine (18:0)	CCCCCCCCCCCCCCCCCC(=O)OC[C@@H](O)COP(=O)([O-])OCC[N+](C)(C)C	IHNKQIMGVNPMTC-RUZDIDTESA-N
1-acylglycerophosphocholine (18:1)	CCCCCCCC/C=C\CCCCCCCC(=O)OC[C@@H](O)COP(=O)([O-])OCC[N+](C)(C)C	YAMUFBLWGFFICM-PTGWMXDISA-N
1-acylglycerophosphoethanolamine (16:0)	[1*]OC[C@]([H])(COP(=O)(O)OCCN)O[2*]	
1-acylglycerophosphoethanolamine (18:0)	[*]OC[C@H](COP(=O)(O)OCCN)O[*]	
1-acylglycerophosphoethanolamine (18:1)	[*]OC[C@H](COP(=O)(O)OCCN)O[*]	
1-acylglycerophosphoinositol (16:0)	CCCCCCCCCCCCCCCC(=O)OC[C@@H](O)COP(=O)(O)O[C@@H]1[C@H](O)[C@H](O)[C@@H](O)[C@H](O)[C@H]1O	UOXRPRZMAROFPH-OAOCPRPWSA-N
1-acylglycerophosphoinositol (16:1)	CCCCCC/C=C\CCCCCCCC(=O)O[C@H](CO)COP(=O)(O)O[C@H]1[C@H](O)[C@@H](O)[C@H](O)[C@@H](O)[C@H]1O	PEWKZKILLSBVNX-YUCDOUPMSA-N
1-acylglycerophosphoinositol (18:0)	CCCCCCCCCCCCCCCCCC(=O)OC[C@@H](O)COP(=O)(O)O[C@@H]1[C@H](O)[C@H](O)[C@@H](O)[C@H](O)[C@H]1O	MXAFDFDAIFZFET-CZDOQZASSA-N
1-acylglycerophosphoinositol (18:1)	CCCCCCCC/C=C\CCCCCCCC(=O)OC[C@@H](O)COP(=O)(O)O[C@@H]1[C@H](O)[C@H](O)[C@@H](O)[C@H](O)[C@H]1O	UGDOFRYHDCDVHD-FRWBGTIISA-N
1-acylglycerophosphoserine (16:0)	CCCCCCCCCCCCCCCC(=O)OC[C@@H](O)COP(=O)([O-])OC[C@H]([NH3+])C(=O)[O-]	XIVOBOJQPNEUSC-UXHICEINSA-M
1-acylglycerophosphoserine (16:1)	CCCCCC/C=C\CCCCCCCC(=O)OC[C@@H](O)COP(=O)(O)OC[C@H](N)C(=O)O	XSJRZJQMAINRKX-KGMDJONISA-N
1-acylglycerophosphoserine (18:0)	CCCCCCCCCCCCCCCCCC(=O)OC[C@@H](O)COP(=O)([O-])OC[C@H]([NH3+])C(=O)[O-]	ZPDQFUYPBVXUKS-YADHBBJMSA-M
1-acylglycerophosphoserine (18:1)	CCCCCCCC/C=C\CCCCCCCC(=O)OC[C@@H](O)COP(=O)([O-])OC[C@H]([NH3+])C(=O)[O-]	JZWNYZVVZXZRRH-YFKVPUFHSA-M
1-methylnicotinamide	C[n+]1cccc(C(N)=O)c1	LDHMAVIPBRSVRG-UHFFFAOYSA-O
1-monoglyceride (16:0)	[*]C(=O)OCC(O)CO	
1-monoglyceride (16:1)	[*]C(=O)OCC(O)CO	
1-monoglyceride (18:0)	[*]C(=O)OCC(O)CO	
1-monoglyceride (18:1)	[*]C(=O)OCC(O)CO	
1-oleoyl-sn-glycerol	CCCCCCCC/C=C\CCCCCCCC(=O)OC[C@@H](O)CO	RZRNAYUHWVFMIP-QJRAZLAKSA-N
1-phosphatidyl-1D-myo-inositol	[*]C(=O)OC[C@H](COP(=O)([O-])O[C@H]1[C@H](O)[C@@H](O)[C@H](O)[C@@H](O)[C@H]1O)OC([*])=O	
1-phosphatidyl-1D-myo-inositol (1-16:0, 2-16:1)	[H][C@@](COC(=O)CCCCCCCCCCCCCCC)(COP(=O)(O)O[C@H]1C(O)C(O)C(O)[C@@H](O)C1O)OC(=O)CCCCCCC/C=C\CCCCCC	QAWXBJDYTIBLRK-KHSFEHQMSA-N
1-phosphatidyl-1D-myo-inositol (1-16:0, 2-18:1)	CCCCCCCC/C=C\CCCCCCCC(=O)O[C@H](COC(=O)CCCCCCCCCCCCCCC)COP(=O)(O)O[C@@H]1[C@H](O)[C@H](O)[C@@H](O)[C@H](O)[C@H]1O	PDLAMJKMOKWLAJ-KTBSNPQYSA-N
1-phosphatidyl-1D-myo-inositol (1-16:1, 2-18:1)	[H][C@@](COC(=O)CCCCCCC/C=C\CCCCCC)(COP(=O)(O)O[C@H]1C(O)C(O)C(O)[C@@H](O)C1O)OC(=O)CCCCCCC/C=C\CCCCCCCC	GXAHXPDRXNWFIX-UZBWDOCNSA-N
1-phosphatidyl-1D-myo-inositol (1-18:0, 2-16:1)	[H][C@@](COC(=O)CCCCCCCCCCCCCCCCC)(COP(=O)(O)O[C@H]1C(O)C(O)C(O)[C@@H](O)C1O)OC(=O)CCCCCCC/C=C\CCCCCC	QMAMEGDTQPWOEM-FVTXIWCXSA-N
1-phosphatidyl-1D-myo-inositol (1-18:0, 2-18:1)	CCCCCCCC/C=C\CCCCCCCC(=O)O[C@H](COC(=O)CCCCCCCCCCCCCCCCC)COP(=O)([O-])O[C@H]1[C@H](O)[C@@H](O)[C@H](O)[C@@H](O)[C@H]1O	YOBFISPJJWPPTK-BAAZTTAESA-M
1-phosphatidyl-1D-myo-inositol (1-18:1, 2-16:1)	[H][C@@](COC(=O)CCCCCCC/C=C\CCCCCCCC)(COP(=O)(O)O[C@H]1C(O)C(O)C(O)[C@@H](O)C1O)OC(=O)CCCCCCC/C=C\CCCCCC	BDRPKQLVISVUCU-UZBWDOCNSA-N
1-phosphatidyl-1D-myo-inositol (1-18:1, 2-18:1)	[H][C@@](COC(=O)CCCCCCC/C=C\CCCCCCCC)(COP(=O)(O)O[C@H]1C(O)C(O)C(O)[C@@H](O)C1O)OC(=O)CCCCCCC/C=C\CCCCCCCC	LALGUHSIWLNTNW-SHLWDWSJSA-N
1-phosphatidyl-1D-myo-inositol 3-phosphate (1-18:0, 2-18:1)	CCCCCCCC/C=C\CCCCCCCC(=O)O[C@H](COC(=O)CCCCCCCCCCCCCCCCC)COP(=O)(O)O[C@H]1[C@H](O)[C@@H](OP(=O)(O)O)[C@H](O)[C@@H](O)[C@H]1O	FPKZCWDLBBWPJN-SFKOHRRUSA-N
1-phosphatidyl-1D-myo-inositol 3-phosphate (1-18:1, 2-18:1)	CCCCC/C=C\C/C=C\CCCCCCCC(=O)O[C@H](COC(=O)CCCCCCCCCCCCCCCCC)COP(=O)(O)O[C@H]1[C@H](O)[C@@H](OP(=O)(O)O)[C@H](O)[C@@H](O)[C@H]1O	OUZMDNVZLWWNFQ-JSYSIXJVSA-N
1-phosphatidyl-1D-myo-inositol 4,5-bisphosphate (1-18:0, 2-18:1)	CCCCCCCC/C=C\CCCCCCCC(=O)O[C@H](COC(=O)CCCCCCCCCCCCCCCCC)COP(=O)(O)O[C@@H]1[C@H](O)[C@H](O)[C@@H](OP(=O)(O)O)[C@H](OP(=O)(O)O)[C@H]1O	BWAQTKMFCCUVOJ-MDCBNCSGSA-N
1-phosphatidyl-1D-myo-inositol 4-phosphate (1-18:0, 2-18:1)	CCCCCCCC/C=C\CCCCCCCC(=O)O[C@H](COC(=O)CCCCCCCCCCCCCCCCC)COP(=O)(O)O[C@H]1[C@H](O)[C@@H](O)[C@H](OP(=O)(O)O)[C@@H](O)[C@H]1O	HGTWQOJDTOGJCZ-OWWMKGAESA-N
1-phosphatidyl-1D-myo-inositol backbone	[*]C(=O)OC[C@H](COP(=O)([O-])O[C@H]1[C@H](O)[C@@H](O)[C@H](O)[C@@H](O)[C@H]1O)OC([*])=O	
1-pyrroline-3-hydroxy-5-carboxylic acid	O=C([O-])C1CC(O)C=N1	WFOFKRKDDKGRIK-UHFFFAOYSA-M
1-pyrroline-5-carboxylate	O=C([O-])C1CCC=N1	DWAKNKKXGALPNW-UHFFFAOYSA-M
10-formyl-THF	Nc1nc2c(c(=O)[nH]1)N[C@@H](CN(C=O)c1ccc(C(=O)N[C@@H](CCC(=O)[O-])C(=O)[O-])cc1)CN2	AUFGTPPARQZWDO-YPMHNXCESA-L
14-demethyllanosterol	CC(C)=CCC[C@@H](C)[C@H]1CC[C@H]2C3=C(CC[C@@]21C)[C@@]1(C)CC[C@H](O)C(C)(C)[C@@H]1CC3	CHGIKSSZNBCNDW-QGBOJXOESA-N
1D-myo-inositol 1,3,4,5-tetrakisphosphate	O=P([O-])([O-])O[C@H]1[C@@H](O)[C@@H](OP(=O)([O-])[O-])[C@H](O)[C@@H](OP(=O)([O-])[O-])[C@@H]1OP(=O)([O-])[O-]	CIPFCGZLFXVXBG-CNWJWELYSA-F
1D-myo-inositol 1,4,5,6-tetrakisphosphate	O=P([O-])([O-])O[C@@H]1[C@@H](OP(=O)([O-])[O-])[C@H](OP(=O)([O-])[O-])[C@H](O)[C@H](O)[C@H]1OP(=O)([O-])[O-]	MRVYFOANPDTYBY-YORTWTKJSA-F
1D-myo-inositol 1,4,5-trisphosphate	O=P([O-])([O-])O[C@H]1[C@H](O)[C@@H](OP(=O)([O-])[O-])[C@H](OP(=O)([O-])[O-])[C@@H](O)[C@H]1O	MMWCIQZXVOZEGG-XJTPDSDZSA-H
1D-myo-inositol 1-phosphate	O=P([O-])([O-])O[C@H]1[C@H](O)[C@@H](O)[C@H](O)[C@@H](O)[C@H]1O	INAPMGSXUVUWAF-UOTPTPDRSA-L
1D-myo-inositol 3-phosphate	O=P([O-])([O-])O[C@H]1[C@@H](O)[C@@H](O)[C@H](O)[C@@H](O)[C@@H]1O	INAPMGSXUVUWAF-PTQMNWPWSA-L
2',3'-cyclic	Nc1ncnc2c1ncn2[C@@H]1O[C@H](CO)[C@H]2OP(=O)([O-])O[C@H]21	KMYWVDDIPVNLME-KQYNXXCUSA-M
2'-deoxyadenosine	Nc1ncnc2c1ncn2[C@H]1C[C@H](O)[C@@H](CO)O1	OLXZPDWKRNYJJZ-RRKCRQDMSA-N
2'-deoxyguanosine	Nc1nc2c(ncn2[C@H]2C[C@H](O)[C@@H](CO)O2)c(=O)[nH]1	YKBGVTZYEHREMT-KVQBGUIXSA-N
2'-deoxyinosine	O=c1[nH]cnc2c1ncn2[C@H]1C[C@H](O)[C@@H](CO)O1	VGONTNSXDCQUGY-RRKCRQDMSA-N
2'-deoxyribonucleoside 5'-phosphate	[*][C@H]1C[C@H](O)[C@@H](COP(=O)([O-])[O-])O1	
2'-deoxyribonucleoside 5'-triphosphate	[*][C@H]1C[C@H](O)[C@@H](COP(=O)([O-])OP(=O)([O-])OP(=O)([O-])[O-])O1	
2'-deoxyuridine	O=c1ccn([C@H]2C[C@H](O)[C@@H](CO)O2)c(=O)[nH]1	MXHRCPNRJAMMIM-SHYZEUOFSA-N
2,3-bisphospho-D-glyceric acid	O=C([O-])[C@@H](COP(=O)([O-])[O-])OP(=O)([O-])[O-]	XOHUEYCVLUUEJJ-UWTATZPHSA-I
2,5-diamino-4-hydroxy-6-(5-phosphoribosylamino)pyrimidine	Nc1nc(O)c(N)c(N[C@@H]2O[C@H](COP(=O)([O-])[O-])[C@@H](O)[C@H]2O)n1	OCLCLRXKNJCOJD-UMMCILCDSA-L
2,5-diamino-6-(5-phosphono)ribitylamino-4(3H)-pyrimidinone	Nc1nc(NC[C@H](O)[C@H](O)[C@H](O)COP(=O)([O-])[O-])c(N)c(=O)[nH]1	ACIVVGBVOVHFPQ-RPDRRWSUSA-L
2-(2-carboxy-4-methylthiazol-5-yl)ethyl phosphate	Cc1nc(C(=O)[O-])sc1CCOP(=O)([O-])[O-]	XWECMAHAKFWYNV-UHFFFAOYSA-K
2-(3-amino-3-carboxypropyl)-L-histidine	[*]NC(=O)[C@H](Cc1c[nH]c(CC[C@H]([NH3+])C(=O)[O-])n1)NC([*])=O	CJCSNWWKPUXVRD-MLWJPKLSSA-N
2-O-(6-phospho-alpha-D-mannosyl)-D-glycerate	O=C([O-])[C@@H](CO)O[C@H]1O[C@H](COP(=O)([O-])[O-])[C@@H](O)[C@H](O)[C@@H]1O	BOLXAGHGKNGVBE-MTXRGOKVSA-K
2-Oxoglutaramate	NC(=O)CCC(=O)C(=O)[O-]	COJBGNAUUSNXHX-UHFFFAOYSA-M
2-Phenylacetamide	NC(=O)Cc1ccccc1	LSBDFXRDZJMBSC-UHFFFAOYSA-N
2-Propynal	C#CC=O	IJNJLGFTSIAHEA-UHFFFAOYSA-N
2-[3-carboxy-3-(methylammonio)propyl]-L-histidine	C[NH2+]C(CCc1nc(C[C@H]([NH3+])C(=O)[O-])c[nH]1)C(=O)[O-]	YBMOTEQVMANKGX-JAMMHHFISA-N
2-acetamido-5-oxopentanoate	CC(=O)N[C@@H](CCC=O)C(=O)[O-]	BCPSFKBPHHBDAI-LURJTMIESA-M
2-acetyllactic acid	CC(=O)C(C)(O)C(=O)[O-]	NMDWGEGFJUBKLB-UHFFFAOYSA-M
2-amino-3-carboxymuconate-6-semialdehyde	[H]C(=O)C([H])=C([H])C(C(=O)[O-])=C(N)C(=O)[O-]	KACPVQQHDVBVFC-UHFFFAOYSA-L
2-amino-6-(hydroxymethyl)-7,8-dihydropteridin-4-ol	Nc1nc(O)c2c(n1)NCC(CO)=N2	CQQNNQTXUGLUEV-UHFFFAOYSA-N
2-aminobutanoate	CCC(N)C(=O)O	QWCKQJZIFLGMSD-UHFFFAOYSA-N
2-dehydropantoate	CC(C)(CO)C(=O)C(=O)[O-]	PKVVTUWHANFMQC-UHFFFAOYSA-M
2-deoxy-D-glucose	OC[C@H]1OC(O)C[C@@H](O)[C@@H]1O	PMMURAAUARKVCB-CERMHHMHSA-N
2-deoxy-D-glucose 6-phosphate	O=P([O-])([O-])OC[C@H]1OC(O)C[C@@H](O)[C@@H]1O	UQJFZAAGZAYVKZ-CERMHHMHSA-L
2-deoxy-D-ribose	O=CC[C@H](O)[C@H](O)CO	ASJSAQIRZKANQN-CRCLSJGQSA-N
2-deoxy-D-ribose 1-phosphate	O=P(O)(O)O[C@@H]1C[C@H](O)[C@@H](CO)O1	KBDKAJNTYKVSEK-VPENINKCSA-N
2-deoxy-D-ribose 5-phosphate	O=CC[C@H](O)[C@H](O)COP(=O)([O-])[O-]	ALQNUOMIEBHXQG-CRCLSJGQSA-L
2-hexaprenyl-5-hydroxy-6-methoxy-3-methyl-1,4-benzoquinone	COC1=C(O)C(=O)C(C)=C(C/C=C(\C)CC/C=C(\C)CC/C=C(\C)CC/C=C(\C)CC/C=C(\C)CCC=C(C)C)C1=O	YPBJTTYNKXYYKL-HGJBZHBGSA-N
2-hexaprenyl-6-methoxy-1,4-benzoquinone	COC1=CC(=O)C=C(C/C=C(\C)CC/C=C(\C)CC/C=C(\C)CC/C=C(\C)CC/C=C(\C)CCC=C(C)C)C1=O	SCPRZSDIZDIQOW-FRICUITQSA-N
2-hexaprenyl-6-methoxy-3-methyl-1,4-benzoquinone	COC1=CC(=O)C(C)=C(C/C=C(\C)CC/C=C(\C)CC/C=C(\C)CC/C=C(\C)CC/C=C(\C)CCC=C(C)C)C1=O	RLVSEUWSBSQQOE-NSUIJKAQSA-N
2-hexaprenyl-6-methoxyphenol	COc1cccc(C/C=C(\C)CC/C=C(\C)CC/C=C(\C)CC/C=C(\C)CC/C=C(\C)CCC=C(C)C)c1O	WVPRAWNIVDFQBO-DUBIXASGSA-N
2-hydroxy-3-oxobutyl phosphate	CC(=O)C(O)COP(=O)(O)O	OKYHYXLCTGGOLM-UHFFFAOYSA-N
2-hydroxyethane-1-sulfonate	O=S(=O)([O-])CCO	SUMDYPCJJOFFON-UHFFFAOYSA-M
2-hydroxyglutarate	O=C([O-])CCC(O)C(=O)[O-]	HWXBTNAVRSUOJR-UHFFFAOYSA-L
2-hydroxyhexadecanal	CCCCCCCCCCCCCC[C@@H](O)C=O	BKBDVQVDRVGXKT-MRXNPFEDSA-N
2-isopropylmalate	CC(C)C(O)(CC(=O)[O-])C(=O)[O-]	BITYXLXUCSKTJS-UHFFFAOYSA-L
2-isopropylmaleic acid	CC(C)/C(=C/C(=O)[O-])C(=O)[O-]	NJMGRJLQRLFQQX-HYXAFXHYSA-L
2-methylbutanal	CCC(C)C=O	BYGQBDHUGHBGMD-UHFFFAOYSA-N
2-methylbutanol	CCC(C)CO	QPRQEDXDYOZYLA-UHFFFAOYSA-N
2-methylbutyl acetate	CCC(C)COC(C)=O	XHIUFYZDQBSEMF-UHFFFAOYSA-N
2-methylbutyrate	CCC(C)C(=O)[O-]	WLAMNBDJUVNPJU-UHFFFAOYSA-M
2-methylcitrate	CC(C(=O)[O-])C(O)(CC(=O)[O-])C(=O)[O-]	YNOXCRMFGMSKIJ-UHFFFAOYSA-K
2-oxoadipic acid	O=C([O-])CCCC(=O)C(=O)[O-]	FGSBNBBHOZHUBO-UHFFFAOYSA-L
2-oxobutanoate	CCC(=O)C(=O)[O-]	TYEYBOSBBBHJIV-UHFFFAOYSA-M
2-oxoglutarate	O=C([O-])CCC(=O)C(=O)[O-]	KPGXRSRHYNQIFN-UHFFFAOYSA-L
2-phenylethanol	OCCc1ccccc1	WRMNZCZEMHIOCP-UHFFFAOYSA-N
2-phospho-D-glyceric acid	O=C([O-])[C@@H](CO)OP(=O)([O-])[O-]	GXIURPTVHJPJLF-UWTATZPHSA-K
2-phosphoglycolate	O=C([O-])COP(=O)([O-])[O-]	ASCFNMCAHFUBCO-UHFFFAOYSA-K
2-trans,6-trans-Farnesal	CC(C)=CCC/C(C)=C/CC/C(C)=C/C=O	YHRUHBBTQZKMEX-YFVJMOTDSA-N
3',5'-cyclic	Nc1ncnc2c1ncn2[C@@H]1O[C@@H]2COP(=O)([O-])O[C@H]2[C@H]1O	IVOMOUWHDPKRLL-KQYNXXCUSA-M
3',5'-cyclic dAMP	Nc1ncnc2c1ncn2[C@H]1C[C@@H]2OP(=O)(O)OC[C@H]2O1	MKMZAENVDZADSW-RRKCRQDMSA-N
3'-AMP	Nc1ncnc2c1ncn2[C@@H]1O[C@H](CO)[C@@H](OP(=O)([O-])[O-])[C@H]1O	LNQVTSROQXJCDD-KQYNXXCUSA-L
3'-GMP	Nc1nc2c(ncn2[C@@H]2O[C@H](CO)[C@@H](OP(=O)([O-])[O-])[C@H]2O)c(=O)[nH]1	ZDPUTNZENXVHJC-UUOKFMHZSA-L
3'-UMP	O=c1ccn([C@@H]2O[C@H](CO)[C@@H](OP(=O)([O-])[O-])[C@H]2O)c(=O)[nH]1	FOGRQMPFHUHIGU-XVFCMESISA-L
3'-dephospho-CoA	CC(C)(COP(=O)([O-])OP(=O)([O-])OC[C@H]1O[C@@H](n2cnc3c(N)ncnc32)[C@H](O)[C@@H]1O)[C@@H](O)C(=O)NCCC(=O)NCCS	KDTSHFARGAKYJN-IBOSZNHHSA-L
3'-phospho-5'-adenylyl sulfate	Nc1ncnc2c1ncn2[C@@H]1O[C@H](COP(=O)([O-])OS(=O)(=O)[O-])[C@@H](OP(=O)([O-])[O-])[C@H]1O	GACDQMDRPRGCTN-KQYNXXCUSA-J
3-(4-hydroxyphenyl)pyruvate	O=C([O-])C(=O)Cc1ccc(O)cc1	KKADPXVIOXHVKN-UHFFFAOYSA-M
3-(imidazol-4-yl)-2-oxopropyl dihydrogen phosphate	O=C(COP(=O)([O-])[O-])Cc1c[nH]cn1	YCFFMSOLUMRAMD-UHFFFAOYSA-L
3-aminopropanal	[NH3+]CCC=O	PCXDJQZLDDHMGX-UHFFFAOYSA-O
3-chlorobenzaldehyde	C1=CC(=CC(=C1)Cl)C=O	SRWILAKSARHZPR-UHFFFAOYSA-N
3-chlorobenzyl alcohol	C1=CC(=CC(=C1)Cl)CO	ZSRDNPVYGSFUMD-UHFFFAOYSA-N
3-dehydro-4-methylzymosterol	[H][C@@]12CC[C@]([H])([C@H](C)CCC=C(C)C)[C@@]1(C)CCC1=C2CC[C@@]2([H])C(C)C(=O)CC[C@]12C	DBPZYKHQDWKORQ-MWEYQPRESA-N
3-dehydroquinate	O=C1C[C@@](O)(C(=O)[O-])C[C@@H](O)[C@@H]1O	WVMWZWGZRAXUBK-SYTVJDICSA-M
3-dehydroshikimate	O=C([O-])C1=CC(=O)[C@@H](O)[C@H](O)C1	SLWWJZMPHJJOPH-PHDIDXHHSA-M
3-hexaprenyl-4,5-dihydroxybenzoic acid	CC(C)=CCC/C(C)=C/CC/C(C)=C/CC/C(C)=C/CC/C(C)=C/CC/C(C)=C/Cc1cc(C(=O)[O-])cc(O)c1O	VEPICJBQCOUQPI-IRVXXIIISA-M
3-hexaprenyl-4-hydroxy-5-methoxybenzoic acid	COc1cc(C(=O)[O-])cc(C/C=C(\C)CC/C=C(\C)CC/C=C(\C)CC/C=C(\C)CC/C=C(\C)CCC=C(C)C)c1O	YSZSVGFMAJXGMQ-FRICUITQSA-M
3-hexaprenyl-4-hydroxybenzoic acid	CC(C)=CCC/C(C)=C/CC/C(C)=C/CC/C(C)=C/CC/C(C)=C/CC/C(C)=C/Cc1cc(C(=O)O)ccc1O	LKMQQQABIGIHGL-LAAQXVIISA-N
3-hydroxy-2-isopropyl-4-methoxy-4-oxobutanoate	COC(=O)C(O)C(C(=O)[O-])C(C)C	YFUPBIBIDVFELV-UHFFFAOYSA-M
3-hydroxy-2-methylpropanoate	CC(CO)C(=O)[O-]	DBXBTMSZEOQQDU-UHFFFAOYSA-M
3-hydroxy-2-methylpropanoyl-CoA	CC(CO)C(=O)SCCNC(=O)CCNC(=O)[C@H](O)C(C)(C)COP(=O)([O-])OP(=O)([O-])OC[C@H]1O[C@@H](n2cnc3c(N)ncnc32)[C@H](O)[C@@H]1OP(=O)([O-])[O-]	WWEOGFZEFHPUAM-MIZDRFBCSA-J
3-hydroxy-3-methylglutaryl-CoA	CC(O)(CC(=O)O)CC(=O)SCCNC(=O)CCNC(=O)[C@H](O)C(C)(C)COP(=O)(O)OP(=O)(O)OC[C@H]1O[C@@H](n2cnc3c(N)ncnc32)[C@H](O)[C@@H]1OP(=O)(O)O	CABVTRNMFUVUDM-SJBCKIPMSA-N
3-hydroxy-L-kynurenine	Nc1c(O)cccc1C(=O)C[C@H](N)C(=O)O	VCKPUUFAIGNJHC-LURJTMIESA-N
3-hydroxyanthranilate	Nc1c(O)cccc1C(=O)[O-]	WJXSWCUQABXPFS-UHFFFAOYSA-M
3-hydroxybenzaldehyde	O=Cc1cccc(O)c1	IAVREABSGIHHMO-UHFFFAOYSA-N
3-hydroxybenzyl alcohol	OCc1cccc(O)c1	OKVJCVWFVRATSG-UHFFFAOYSA-N
3-hydroxydocosanoyl-CoA	CCCCCCCCCCCCCCCCCCCC(O)CC(=O)SCCNC(=O)CCNC(=O)[C@H](O)C(C)(C)COP(=O)(O)OP(=O)(O)OC[C@H]1O[C@@H](n2cnc3c(N)ncnc32)[C@H](O)[C@@H]1OP(=O)(O)O	VNJQSRVXTRJVAZ-NGZXMKLGSA-N
3-hydroxyhexanoyl-ACP	CCC[C@@H](O)CC(=O)S[*]	
3-hydroxyicosanoyl-CoA	CCCCCCCCCCCCCCCCCC(O)CC(=O)SCCNC(=O)CCNC(=O)[C@H](O)C(C)(C)COP(=O)(O)OP(=O)(O)OC[C@H]1O[C@@H](n2cnc3c(N)ncnc32)[C@H](O)[C@@H]1OP(=O)(O)O	KNSVYMFEJLUJST-MJMSVFGZSA-N
3-hydroxyisobutyrate	C[C@@H](CO)C(=O)[O-]	DBXBTMSZEOQQDU-VKHMYHEASA-M
3-hydroxyisobutyryl-CoA	Nc1c(O)cccc1C(=O)C[C@H]([NH3+])C(=O)[O-]	VCKPUUFAIGNJHC-LURJTMIESA-N
3-hydroxyoctadecanoyl-CoA	CCCCCCCCCCCCCCCC(O)CC(=O)SCCNC(=O)CCNC(=O)[C@H](O)C(C)(C)COP(=O)(O)OP(=O)(O)OC[C@H]1O[C@@H](n2cnc3c(N)ncnc32)[C@H](O)[C@@H]1OP(=O)(O)O	WZMAIEGYXCOYSH-FWBOWLIOSA-N
3-hydroxyoctanoyl-ACP	CCCCCCCCCCCCCCCC(O)CC(=O)S[*]	
3-hydroxytetracosanoyl-CoA	CCCCCCCCCCCCCCCCCCCCCC(O)CC(=O)SCCNC(=O)CCNC(=O)[C@H](O)C(C)(C)COP(=O)(O)OP(=O)(O)OC[C@H]1O[C@@H](n2cnc3c(N)ncnc32)[C@H](O)[C@@H]1OP(=O)(O)O	QIBKBVRVOFIKLN-SBPVGHMXSA-N
3-ketosphinganine	CCCCCCCCCCCCCCCC(=O)[C@@H]([NH3+])CO	KBUNOSOGGAARKZ-KRWDZBQOSA-O
3-mercaptopyruvate	O=C([O-])C(=O)CS	OJOLFAIGOXZBCI-UHFFFAOYSA-M
3-methyl-2-oxobutanoate	CC(C)C(=O)C(=O)[O-]	QHKABHOOEWYVLI-UHFFFAOYSA-M
3-methylbenzaldehyde	Cc1cccc(C=O)c1	OVWYEQOVUDKZNU-UHFFFAOYSA-N
3-methylbenzyl alcohol	Cc1cccc(CO)c1	JJCKHVUTVOPLBV-UHFFFAOYSA-N
3-methylbutanal	CC(C)CC=O	YGHRJJRRZDOVPD-UHFFFAOYSA-N
3-oxalomalate(3-)	O=C([O-])C(=O)C(C(=O)[O-])C(O)C(=O)[O-]	YILAUJBAPQXZGM-UHFFFAOYSA-K
3-oxo-cis-hexadec-7-enoyl-CoA	CCCCCCCC/C=C\CCCC(=O)CC(=O)SCCNC(=O)CCNC(=O)[C@H](O)C(C)(C)COP(=O)(O)OP(=O)(O)OC[C@H]1O[C@@H](n2cnc3c(N)ncnc32)[C@H](O)[C@@H]1OP(=O)(O)O	BUCIFQOXNYHEOO-YDGGZUKGSA-N
3-oxo-cis-hexadec-9-enoyl-CoA	CCCCCC/C=C\CCCCCCCC(=O)SCCNC(=O)CCNC(=O)[C@H](O)C(C)(C)COP(=O)(O)OP(=O)(O)OC[C@H]1O[C@@H](n2cnc3c(N)ncnc32)[C@H](O)[C@@H]1OP(=O)(O)O	QBYOCCWNZAOZTL-MDMKAECGSA-N
3-oxo-cis-octadec-9-enoyl-CoA	CCCCCCCC/C=C/CCCCCCCC(=O)SCCNC(=O)CCNC(=O)[C@H](O)C(C)(C)COP(=O)(O)OP(=O)(O)OC[C@H]1O[C@@H](n2cnc3c(N)ncnc32)[C@H](O)[C@@H]1OP(=O)(O)O	XDUHQPOXLUAVEE-MBEFLBOUSA-N
3-oxo-cis-tetradec-5-enoyl-CoA	CCCCCCCC/C=C\CC(=O)CC(=O)SCCNC(=O)CCNC(=O)[C@H](O)C(C)(C)COP(=O)([O-])OP(=O)([O-])OC[C@H]1O[C@@H](n2cnc3c(N)ncnc32)[C@H](O)[C@@H]1OP(=O)([O-])[O-]	KADPWMJVUVWQNK-STFCKWFXSA-J
3-oxo-hexanoyl-ACP	CCCC(=O)CC(=O)S[*]	
3-oxo-octanoyl-ACP	CCCCCC(=O)CC(=O)S[*]	
3-oxodecanoyl-CoA	CCCCCCCC(=O)CC(=O)SCCNC(=O)CCNC(=O)[C@H](O)C(C)(C)COP(=O)(O)OP(=O)(O)OC[C@H]1O[C@@H](n2cnc3c(N)ncnc32)[C@H](O)[C@@H]1OP(=O)(O)O	AZCVXMAPLHSIKY-HSJNEKGZSA-N
3-oxodocosanoyl-CoA	CCCCCCCCCCCCCCCCCCCC(=O)CC(=O)SCCNC(=O)CCNC(=O)[C@H](O)C(C)(C)COP(=O)(O)OP(=O)(O)OC[C@H]1O[C@@H](n2cnc3c(N)ncnc32)[C@H](O)[C@@H]1OP(=O)(O)O	RKCOGGUHKPTOQJ-GNSUAQHMSA-N
3-oxohexacosanoyl-CoA	CCCCCCCCCCCCCCCCCCCCCCCC(=O)CC(=O)SCCNC(=O)CCNC(=O)[C@H](O)C(C)(C)COP(=O)(O)OP(=O)(O)OC[C@H]1O[C@@H](n2cnc3c(N)ncnc32)[C@H](O)[C@@H]1OP(=O)(O)O	VOMUIFOBQMYJPJ-CPIGOPAHSA-N
3-oxohexanoyl-CoA	CCCC(=O)CC(=O)SCCNC(=O)CCNC(=O)[C@H](O)C(C)(C)COP(=O)(O)OP(=O)(O)OC[C@H]1O[C@@H](n2cnc3c(N)ncnc32)[C@H](O)[C@@H]1OP(=O)(O)O	NFOYYXQAVVYWKV-HDRQGHTBSA-N
3-oxoicosanoyl-CoA	CCCCCCCCCCCCCCCCCC(=O)CC(=O)SCCNC(=O)CCNC(=O)[C@H](O)C(C)(C)COP(=O)(O)OP(=O)(O)OC[C@H]1O[C@@H](n2cnc3c(N)ncnc32)[C@H](O)[C@@H]1OP(=O)(O)O	FYBVHNZJDVUVLJ-IBYUJNRCSA-N
3-oxolauroyl-CoA	CCCCCCCCCC(=O)CC(=O)SCCNC(=O)CCNC(=O)[C@H](O)C(C)(C)COP(=O)(O)OP(=O)(O)OC[C@H]1O[C@@H](n2cnc3c(N)ncnc32)[C@H](O)[C@@H]1OP(=O)(O)O	HQANBZHVWIDNQZ-GMHMEAMDSA-N
3-oxooctadecanoyl-CoA	CCCCCCCCCCCCCCCC(=O)CC(=O)SCCNC(=O)CCNC(=O)[C@H](O)C(C)(C)COP(=O)(O)OP(=O)(O)OC[C@H]1O[C@@H](n2cnc3c(N)ncnc32)[C@H](O)[C@@H]1OP(=O)(O)O	LGOGWHDPDVAUNY-LFZQUHGESA-N
3-oxooctanoyl-CoA	CCCCCC(=O)CC(=O)SCCNC(=O)CCNC(=O)[C@H](O)C(C)(C)COP(=O)(O)OP(=O)(O)OC[C@H]1O[C@@H](n2cnc3c(N)ncnc32)[C@H](O)[C@@H]1OP(=O)(O)O	WPIVBCGRGVNDDT-CECATXLMSA-N
3-oxopalmitoyl-CoA	CCCCCCCCCCCCCC(=O)CC(=O)SCCNC(=O)CCNC(=O)[C@H](O)C(C)(C)COP(=O)([O-])OP(=O)([O-])OC[C@H]1O[C@@H](n2cnc3c(N)ncnc32)[C@H](O)[C@@H]1OP(=O)([O-])[O-]	NQMPLXPCRJOSHL-BBECNAHFSA-J
3-oxopropanoate	O=CCC(=O)[O-]	OAKURXIZZOAYBC-UHFFFAOYSA-M
3-oxotetracosanoyl-CoA	CCCCCCCCCCCCCCCCCCCCCC(=O)CC(=O)SCCNC(=O)CCNC(=O)[C@H](O)C(C)(C)COP(=O)(O)OP(=O)(O)OC[C@H]1O[C@@H](n2cnc3c(N)ncnc32)[C@H](O)[C@@H]1OP(=O)(O)O	JJSJTIWFKNSCHC-JBKAVQFISA-N
3-oxotetradecanoyl-CoA	CCCCCCCCCCCC(=O)CC(=O)SCCNC(=O)CCNC(=O)[C@H](O)C(C)(C)COP(=O)(O)OP(=O)(O)OC[C@H]1O[C@@H](n2cnc3c(N)ncnc32)[C@H](O)[C@@H]1OP(=O)(O)O	IQNFBGHLIVBNOU-QSGBVPJFSA-N
3-phospho-hydroxypyruvate	O=C([O-])C(=O)COP(=O)([O-])[O-]	LFLUCDOSQPJJBE-UHFFFAOYSA-K
3-phospho-serine	[NH3+][C@@H](COP(=O)([O-])[O-])C(=O)[O-]	BZQFBWGGLXLEPQ-REOHCLBHSA-L
3-phosphonato-D-glycerate(3-)	O=C([O-])[C@H](O)COP(=O)([O-])[O-]	OSJPPGNTCRNQQC-UWTATZPHSA-K
3-phosphoshikimic acid	O=C([O-])C1=C[C@@H](OP(=O)([O-])[O-])[C@@H](O)[C@H](O)C1	QYOJSKGCWNAKGW-PBXRRBTRSA-K
3-sulfino-L-alanine	[NH3+][C@@H](CS(=O)[O-])C(=O)[O-]	ADVPTQAUNPRNPO-REOHCLBHSA-M
3alpha,7alpha-Dihydroxy-5beta-cholestan-26-al	C[C@@H](C=O)CCC[C@@H](C)[C@H]1CC[C@H]2[C@H]3[C@H](CC[C@@]21C)[C@@]1(C)CC[C@@H](O)C[C@H]1C[C@H]3O	YWGOKHMOJTZGBN-WKNWCLFJSA-N
3alpha,7alpha-Dihydroxy-5beta-cholestanate	CC(CCC[C@@H](C)[C@H]1CC[C@H]2[C@H]3[C@H](CC[C@@]21C)[C@@]1(C)CC[C@@H](O)C[C@H]1C[C@H]3O)C(=O)O	ITZYGDKGRKKBSN-HKFUITGCSA-N
4,4-dimethyl-5alpha-cholesta-8,14,24-trien-3beta-ol	CC(C)=CCC[C@@H](C)[C@H]1CC=C2C3=C(CC[C@@]21C)[C@@]1(C)CC[C@H](O)C(C)(C)[C@@H]1CC3	LFQXEZVYNCBVDO-PBJLWWPKSA-N
4,5-bis(diphospho)-1D-myo-inositol tetrakisphosphate	O=P(O)(O)O[C@@H]1[C@H](OP(=O)(O)O)[C@@H](OP(=O)(O)OP(=O)(O)O)[C@H](OP(=O)(O)OP(=O)(O)O)[C@@H](OP(=O)(O)O)[C@@H]1OP(=O)(O)O	GXPFHIDIIMSLOF-UZAAGFTCSA-N
4-(2-aminophenyl)-2,4-dioxobutanoate	Nc1ccccc1C(=O)CC(=O)C(=O)[O-]	CAOVWYZQMPNAFJ-UHFFFAOYSA-M
4-(phosphonooxy)-L-threonine	[NH3+][C@H](C(=O)[O-])[C@H](O)COP(=O)([O-])[O-]	FKHAKIJOKDGEII-GBXIJSLDSA-L
4-Acetamidobutanoate	CC(=O)NCCCC(=O)[O-]	UZTFMUBKZQVKLK-UHFFFAOYSA-M
4-Trimethylammoniobutanal	C[N+](C)(C)CCCC=O	OITBLCDWXSXNCN-UHFFFAOYSA-N
4-Trimethylammoniobutanoate	C[N+](C)(C)CCCC(=O)O	JHPNVNIEXXLNTR-UHFFFAOYSA-O
4-amino-2-methyl-5-diphosphomethylpyrimidine	Cc1ncc(COP(=O)([O-])OP(=O)([O-])[O-])c(N)n1	AGQJQCFEPUVXNK-UHFFFAOYSA-K
4-amino-2-methyl-5-phosphomethylpyrimidine	Cc1ncc(COP(=O)([O-])[O-])c(N)n1	PKYFHKIYHBRTPI-UHFFFAOYSA-L
4-amino-4-deoxychorismate	C=C(O[C@@H]1C=C(C(=O)[O-])C=C[C@H]1[NH3+])C(=O)[O-]	OIUJHGOLFKDBSU-HTQZYQBOSA-M
4-amino-5-hydroxymethyl-2-methylpyrimidine	Cc1ncc(CO)c(N)n1	VUTBELPREDJDDH-UHFFFAOYSA-N
4-aminobenzoate	Nc1ccc(C(=O)[O-])cc1	ALYNCZNDIQEVRV-UHFFFAOYSA-M
4-aminobutanal	[NH3+]CCCC=O	DZQLQEYLEYWJIB-UHFFFAOYSA-O
4-diphospho-1D-myo-inositol pentakisphosphate	O=P(O)(O)O[C@@H]1[C@H](OP(=O)(O)O)[C@@H](OP(=O)(O)OP(=O)(O)O)[C@H](OP(=O)(O)O)[C@@H](OP(=O)(O)O)[C@@H]1OP(=O)(O)O	UPHPWXPNZIOZJL-CNWJWELYSA-N
4-fumarylacetoacetate	O=C([O-])/C=C/C(=O)CC(=O)CC(=O)[O-]	GACSIVHAIFQKTC-OWOJBTEDSA-L
4-guanidinobutanamide	NC(=[NH2+])NCCCC(N)=O	YHVFECVVGNXFKO-UHFFFAOYSA-O
4-guanidinobutanoic acid	NC(=[NH2+])NCCCC(=O)[O-]	TUHVEAJXIMEOSA-UHFFFAOYSA-N
4-hydroxy-2-oxoglutarate	O=C([O-])C(=O)CC(O)C(=O)[O-]	WXSKVKPSMAHCSG-UHFFFAOYSA-L
4-hydroxy-4-methyl-2-oxoglutarate	C[C@@](O)(CC(=O)C(=O)[O-])C(=O)[O-]	YRWAMSXHYBBHFL-ZCFIWIBFSA-L
4-hydroxy-L-threonine	[NH3+][C@H](C(=O)[O-])[C@H](O)CO	JBNUARFQOCGDRK-GBXIJSLDSA-N
4-hydroxybenzoate	O=C([O-])c1ccc(O)cc1	FJKROLUGYXJWQN-UHFFFAOYSA-M
4-hydroxybenzoyl-CoA	CC(C)(COP(=O)([O-])OP(=O)([O-])OC[C@H]1O[C@@H](n2cnc3c(N)ncnc32)[C@H](O)[C@@H]1OP(=O)([O-])[O-])[C@@H](O)C(=O)NCCC(=O)NCCSC(=O)c1ccc(O)cc1	LTVXPVBFJBTNIJ-TYHXJLICSA-J
4-hydroxyphenyl acetate	O=C(O)Cc1ccc(O)cc1	XQXPVVBIMDBYFF-UHFFFAOYSA-N
4-isopropylbenzyl alcohol	CC(C)c1ccc(CO)cc1	OIGWAXDAPKFNCQ-UHFFFAOYSA-N
4-maleylacetoacetate	O=C([O-])/C=C\C(=O)CC(=O)CC(=O)[O-]	GACSIVHAIFQKTC-UPHRSURJSA-L
4-methyl-2-oxopentanoate	CC(C)CC(=O)C(=O)[O-]	BKAJNAXTPSGJCU-UHFFFAOYSA-M
4-methyl-5-(2-phosphonooxyethyl)thiazole	Cc1ncsc1CCOP(=O)([O-])[O-]	OCYMERZCMYJQQO-UHFFFAOYSA-L
4-methylbenzaldehyde	Cc1ccc(C=O)cc1	FXLOVSHXALFLKQ-UHFFFAOYSA-N
4-methylbenzyl alcohol	Cc1ccc(CO)cc1	KMTDMTZBNYGUNX-UHFFFAOYSA-N
4-methylthio-2-oxobutanoate	CSCCC(=O)C(=O)[O-]	SXFSQZDSUWACKX-UHFFFAOYSA-M
4-nitrophenol	O=[N+]([O-])c1ccc([O-])cc1	BTJIUGUIPKRLHP-UHFFFAOYSA-M
4-nitrophenyl phosphate	O=[N+]([O-])c1ccc(OP(=O)([O-])[O-])cc1	XZKIHKMTEMTJQX-UHFFFAOYSA-L
4-phospho-L-aspartate	[NH3+][C@@H](CC(=O)OP(=O)([O-])[O-])C(=O)[O-]	IXZNKTPIYKDIGG-REOHCLBHSA-L
4a-Hydroxytetrahydrobiopterin	C[C@H](O)[C@H](O)[C@H]1CNC2=NC(N)=NC(=O)[C@]2(O)N1	KJKIEFUPAPPGBC-XXKOCQOQSA-N
4alpha-methylzymosterol	CC(C)=CCC[C@@H](C)[C@H]1CC[C@H]2C3=C(CC[C@@]21C)[C@@]1(C)CC[C@H](O)[C@@H](C)[C@@H]1CC3	FOUJWBXBKVVHCJ-YIJYGBTNSA-N
4beta-methylzymosterol-4alpha-carboxylic acid	[H][C@@]12CCC3=C(CC[C@@]4(C)[C@@]3([H])CC[C@]4([H])[C@H](C)CCC=C(C)C)[C@@]1(C)CC[C@H](O)[C@@]2(C)C(=O)O	MYWAIWDQTCHPTH-LJAIZBFVSA-N
5'-Deoxyadenosine	C[C@H]1O[C@@H](n2cnc3c(N)ncnc32)[C@H](O)[C@@H]1O	XGYIMTFOTBMPFP-KQYNXXCUSA-N
5'-S-methyl-5'-thioadenosine	CSC[C@H]1O[C@@H](n2cnc3c(N)ncnc32)[C@H](O)[C@@H]1O	WUUGFSXJNOTRMR-IOSLPCCCSA-N
5'-adenylyl sulfate	Nc1ncnc2c1ncn2[C@@H]1O[C@H](COP(=O)([O-])OS(=O)(=O)[O-])[C@@H](O)[C@H]1O	IRLPACMLTUPBCL-KQYNXXCUSA-L
5'-phosphoribosyl-4-(N-succinocarboxamide)-5-aminoimidazole	Nc1c(C(=O)N[C@@H](CC(=O)[O-])C(=O)[O-])ncn1[C@@H]1O[C@H](COP(=O)([O-])[O-])[C@@H](O)[C@H]1O	NAQGHJTUZRHGAC-ZZZDFHIKSA-J
5'-phosphoribosyl-5-aminoimidazole	Nc1c[nH+]cn1C1O[C@H](COP(=O)([O-])[O-])[C@@H](O)[C@H]1O	PDACUKOKVHBVHJ-ZRTZXPPTSA-M
5'-phosphoribosyl-N-formylglycineamide	O=CNCC(=O)NC1O[C@H](COP(=O)([O-])[O-])[C@@H](O)[C@H]1O	VDXLUNDMVKSKHO-ZRTZXPPTSA-L
5'-phosphoribosyl-N-formylglycineamidine	[NH2+]=C(CNC=O)NC1O[C@H](COP(=O)([O-])[O-])[C@@H](O)[C@H]1O	PMCOGCVKOAOZQM-ZRTZXPPTSA-M
5,10-methenyl-THF	Nc1nc2c(c(=O)[nH]1)[N+]1=CN(c3ccc(C(=O)N[C@@H](CCC(=O)[O-])C(=O)[O-])cc3)C[C@H]1CN2	MEANFMOQMXYMCT-OLZOCXBDSA-M
5,10-methylenetetrahydrofolate	Nc1nc2c(c(=O)[nH]1)N1CN(c3ccc(C(=O)N[C@@H](CCC(=O)[O-])C(=O)[O-])cc3)CC1CN2	QYNUQALWYRSVHF-ABLWVSNPSA-L
5,6,7,8-tetrahydrofolyl-L-glutamic acid	Nc1nc2c(c(=O)n1)NC(CNc1ccc(C(=O)N[C@@H](CCC(=O)N[C@@H](CCC(=O)O)C(=O)O)C(=O)O)cc1)CN2	ZAOGJXDWOQXFBW-FGRDXJNISA-N
5,6-bis(diphospho)-1D-myo-inositol tetrakisphosphate	O=P(O)(O)O[C@@H]1[C@@H](OP(=O)(O)O)[C@H](OP(=O)(O)OP(=O)(O)O)[C@@H](OP(=O)(O)OP(=O)(O)O)[C@H](OP(=O)(O)O)[C@@H]1OP(=O)(O)O	GXPFHIDIIMSLOF-YORTWTKJSA-N
5-(2-hydroxyethyl)-4-methylthiazole	Cc1ncsc1CCO	BKAWJIRCKVUVED-UHFFFAOYSA-N
5-(methylsulfanyl)-2,3-dioxopentyl phosphate	CSCCC(=O)C(=O)COP(=O)([O-])[O-]	HKEAOVFNWRDVAJ-UHFFFAOYSA-L
5-Hydroxyindoleacetaldehyde	O=CCc1c[nH]c2ccc(O)cc12	OBFAPCIUSYHFIE-UHFFFAOYSA-N
5-Hydroxyindoleacetate	O=C(O)Cc1cnc2ccc(O)cc12	DUUGKQCEGZLZNO-UHFFFAOYSA-N
5-O-(1-carboxyvinyl)-3-phosphoshikimic acid	C=C(O[C@@H]1CC(C(=O)[O-])=C[C@@H](OP(=O)([O-])[O-])[C@H]1O)C(=O)[O-]	QUTYKIXIUDQOLK-PRJMDXOYSA-J
5-[(5-phospho-1-deoxy-D-ribulos-1-ylamino)methylideneamino]-1-(5-phospho-D-ribosyl)imidazole-4-carboxamide	NC(=O)c1ncn([C@@H]2O[C@H](COP(=O)([O-])[O-])[C@@H](O)[C@H]2O)c1NC=NCC(=O)[C@H](O)[C@H](O)COP(=O)([O-])[O-]	BLKFNHOCHNCLII-GHVQHMAVSA-J
5-amino-6-(5-phosphoribitylamino)uracil	Nc1c(NC[C@H](O)[C@H](O)[C@H](O)COP(=O)([O-])[O-])[nH]c(=O)[nH]c1=O	RQRINYISXYAZKL-RPDRRWSUSA-L
5-amino-6-(D-ribitylamino)uracil	Nc1c(NC[C@H](O)[C@H](O)[C@H](O)CO)[nH]c(=O)[nH]c1=O	XKQZIXVJVUPORE-RPDRRWSUSA-N
5-aminolevulinate	[NH3+]CC(=O)CCC(=O)[O-]	ZGXJTSGNIOSYLO-UHFFFAOYSA-N
5-dehydro-D-gluconate	O=C(CO)[C@@H](O)[C@H](O)[C@@H](O)C(=O)[O-]	IZSRJDGCGRAUAR-MROZADKFSA-M
5-diphospho-1D-myo-inositol pentakisphosphate	O=P([O-])([O-])O[C@H]1[C@@H](OP(=O)([O-])[O-])[C@@H](OP(=O)([O-])[O-])[C@H](OP(=O)([O-])[O-])[C@@H](OP(=O)([O-])OP(=O)([O-])[O-])[C@@H]1OP(=O)([O-])[O-]	UPHPWXPNZIOZJL-KXXVROSKSA-A
5-formyltetrahydrofolic acid	Nc1nc2c(c(=O)[nH]1)N(C=O)[C@@H](CNc1ccc(C(=O)N[C@@H](CCC(=O)[O-])C(=O)[O-])cc1)CN2	VVIAGPKUTFNRDU-STQMWFEESA-L
5-methylcytosine	Cc1c[nH]c(=O)nc1N	LRSASMSXMSNRBT-UHFFFAOYSA-N
5-methyltetrahydrofolate	CN1c2c(nc(N)[nH]c2=O)NC[C@@H]1CNc1ccc(C(=O)N[C@@H](CCC(=O)[O-])C(=O)[O-])cc1	ZNOVTXRBGFNYRX-STQMWFEESA-L
5-methyltetrahydropteroyltri-L-glutamic acid	CN1c2c(nc(N)[nH]c2=O)NC[C@@H]1CNc1ccc(C(=O)N[C@@H](CCC(=O)N[C@@H](CCC(=O)N[C@@H](CCC(=O)[O-])C(=O)[O-])C(=O)[O-])C(=O)[O-])cc1	HVRNKDVLFAVCJF-VJANTYMQSA-J
5-oxo-L-proline	O=C1CC[C@@H](C(=O)[O-])N1	ODHCTXKNWHHXJC-VKHMYHEASA-M
5-phospho-ribosyl-glycineamide	[NH3+]CC(=O)NC1O[C@H](COP(=O)([O-])[O-])[C@@H](O)[C@H]1O	OBQMLSFOUZUIOB-HJZCUYRDSA-M
5-phosphoribosyl-ATP	N=c1c2ncn([C@@H]3O[C@H](COP(=O)([O-])OP(=O)([O-])OP(=O)([O-])[O-])[C@@H](O)[C@H]3O)c2ncn1C1O[C@H](COP(=O)([O-])[O-])[C@@H](O)[C@H]1O	RKNHJBVBFHDXGR-MRUDJCSFSA-H
5-phosphoribosylamine	[NH3+][C@@H]1O[C@H](COP(=O)([O-])[O-])[C@@H](O)[C@H]1O	SKCBPEVYGOQGJN-TXICZTDVSA-M
6,7-dimethyl-8-(1-D-ribityl)lumazine	Cc1nc2c(=O)[n-]c(=O)nc-2n(C[C@H](O)[C@H](O)[C@H](O)CO)c1C	SXDXRJZUAJBNFL-XKSSXDPKSA-M
6-(N-acetyl-alpha-D-glucosaminyl)-1-phosphatidyl-1D-myo-inositol	CC(=O)N[C@H]1[C@@H](O[C@@H]2[C@@H](O)[C@H](O)[C@@H](O)[C@@H](O)[C@H]2OP(=O)([O-])OC[C@@H](COC([*])=O)OC([*])=O)O[C@H](CO)[C@@H](O)[C@@H]1O	PURMXIZHPMUYNW-DDSODLQFSA-N
6-(alpha-D-glucosaminyl)-1-phosphatidyl-1D-myo-inositol	[1*]C(=O)OC[C@]([H])(COP(=O)(O)O[C@@H]1[C@H](O)[C@H](O)[C@@H](O)[C@H](O)[C@H]1O[C@H]1O[C@H](CO)[C@@H](O)[C@H](O)[C@H]1N)OC([2*])=O	KMXDCNYDSLACTP-SQVFPUTGSA-N
6-O-alpha-D-glucopyranosyl-D-fructofuranose	OC[C@H]1O[C@H](OC[C@H]2OC(O)(CO)[C@@H](O)[C@@H]2O)[C@H](O)[C@@H](O)[C@@H]1O	PVXPPJIGRGXGCY-TZLCEDOOSA-N
6-O-phosphono-D-glucono-1,5-lactone	O=C1O[C@H](COP(=O)([O-])[O-])[C@@H](O)[C@H](O)[C@H]1O	IJOJIVNDFQSGAB-SQOUGZDYSA-L
6-diphospho-1D-myo-inositol pentakisphosphate	O=P(O)(O)O[C@H]1[C@H](OP(=O)(O)O)[C@@H](OP(=O)(O)O)[C@@H](OP(=O)(O)O)[C@@H](OP(=O)(O)O)[C@@H]1OP(=O)(O)OP(=O)(O)O	UPHPWXPNZIOZJL-XCMZKKERSA-N
6-phospho-D-gluconate	O=C([O-])[C@H](O)[C@@H](O)[C@H](O)[C@H](O)COP(=O)([O-])[O-]	BIRSGZKFKXLSJQ-SQOUGZDYSA-K
7,8-diaminononanoate	C[C@H]([NH3+])[C@H]([NH3+])CCCCCC(=O)[O-]	KCEGBPIYGIWCDH-JGVFFNPUSA-O
7,8-dihydroneopterin	Nc1nc2c(c(=O)[nH]1)N=C([C@H](O)[C@H](O)CO)CN2	YQIFAMYNGGOTFB-XINAWCOVSA-N
7,8-dihydroneopterin 3'-phosphate	Nc1nc2c(c(=O)[nH]1)N=C([C@H](O)[C@H](O)COP(=O)([O-])[O-])CN2	PLSQMGZYOGSOCE-XINAWCOVSA-L
7,8-dihydroneopterin 3'-triphosphate	Nc1nc2c(c(=O)[nH]1)N=C([C@H](O)[C@H](O)COP(=O)([O-])OP(=O)([O-])OP(=O)([O-])[O-])CN2	DGGUVLXVLHAAGT-XINAWCOVSA-J
7,8-dihydropteroate	Nc1nc2c(c(=O)[nH]1)N=C(CNc1ccc(C(=O)[O-])cc1)CN2	WBFYVDCHGVNRBH-UHFFFAOYSA-M
7-phospho-2-dehydro-3-deoxy-D-arabino-heptonic acid	O=C([O-])C(=O)C[C@@H](O)[C@H](O)[C@H](O)COP(=O)([O-])[O-]	PJWIPEXIFFQAQZ-PUFIMZNGSA-K
8-amino-7-oxononanoate	CC(N)C(=O)CCCCCC(=O)O	GUAHPAJOXVYFON-UHFFFAOYSA-N
8-oxo-dGMP	C1C(C(OC1N2C3=C(C(=O)NC(=N3)N)NC2=O)COP(=O)(O)O)O	AQIVLFLYHYFRKU-VPENINKCSA-N
8-oxo-dGTP	C1C(C(OC1N2C3=C(C(=O)NC(=N3)N)NC2=O)COP(=O)(O)OP(=O)(O)OP(=O)(O)O)O	BUZOGVVQWCXXDP-VPENINKCSA-N
9H-xanthine	O=c1[nH]c(=O)c2nc[nH]c2[nH]1	LRFVTYWOQMYALW-UHFFFAOYSA-N
ACP1	[*]S	
ADP	Nc1ncnc2c1ncn2[C@@H]1O[C@H](COP(=O)([O-])OP(=O)([O-])[O-])[C@@H](O)[C@H]1O	XTWYTFMLZFPYCI-KQYNXXCUSA-K
ADP-5-ethyl-4-methylthiazole-2-carboxylate	Cc1nc(C(=O)[O-])sc1CCOP(=O)([O-])OP(=O)([O-])OC[C@H]1O[C@@H](n2cnc3c(N)ncnc32)[C@H](O)[C@@H]1O	VGXBGQACJQRWLV-LKGUXBDMSA-K
ADP-D-ribose 1''-phosphate	Nc1ncnc2c1ncn2[C@@H]1O[C@H](COP(=O)([O-])OP(=O)([O-])OC[C@H]2O[C@H](OP(=O)([O-])[O-])[C@H](O)[C@@H]2O)[C@@H](O)[C@H]1O	CUNFRFHBHMFVPH-KEOHHSTQSA-J
ADP-ribose	Nc1ncnc2c1ncn2[C@@H]1O[C@H](COP(=O)([O-])OP(=O)([O-])OC[C@H]2OC(O)[C@H](O)[C@@H]2O)[C@@H](O)[C@H]1O	SRNWOUGRCWSEMX-TYASJMOZSA-L
AICAR	NC(=O)c1ncn([C@@H]2O[C@H](COP(=O)([O-])[O-])[C@@H](O)[C@H]2O)c1N	NOTGFIUVDGNKRI-UUOKFMHZSA-L
AMP	Nc1ncnc2c1ncn2[C@@H]1O[C@H](COP(=O)([O-])[O-])[C@@H](O)[C@H]1O	UDMBCSSLTHHNCD-KQYNXXCUSA-L
ATP	Nc1ncnc2c1ncn2[C@@H]1O[C@H](COP(=O)([O-])OP(=O)([O-])OP(=O)([O-])[O-])[C@@H](O)[C@H]1O	ZKHQWZAMYRWXGA-KQYNXXCUSA-J
Acrylamide	C=CC(N)=O	HRPVXLWXLXDGHG-UHFFFAOYSA-N
Acrylic acid	C=CC(=O)[O-]	NIXOWILDQLNWCW-UHFFFAOYSA-M
Acyl-CoA	CC(C)(COP(=O)([O-])OP(=O)([O-])OC[C@H]1O[C@@H](n2cnc3c(N)ncnc32)[C@H](O)[C@@H]1OP(=O)([O-])[O-])[C@@H](O)C(=O)NCCC(=O)NCCSC([*])=O	
Ala-Asp	C[C@H]([NH3+])C(=O)N[C@@H](CC(=O)[O-])C(=O)[O-]	XAEWTDMGFGHWFK-IMJSIDKUSA-M
Ala-Gln	C[C@H]([NH3+])C(=O)N[C@@H](CCC(N)=O)C(=O)[O-]	HJCMDXDYPOUFDY-WHFBIAKZSA-N
Ala-Glu	C[C@H]([NH3+])C(=O)N[C@@H](CCC(=O)[O-])C(=O)[O-]	VYZAGTDAHUIRQA-WHFBIAKZSA-M
Ala-Gly	C[C@H]([NH3+])C(=O)NCC(=O)[O-]	CXISPYVYMQWFLE-VKHMYHEASA-N
Ala-His	C[C@H]([NH3+])C(=O)N[C@@H](Cc1cnc[nH]1)C(=O)[O-]	XZWXFWBHYRFLEF-FSPLSTOPSA-N
Ala-Leu	CC(C)C[C@H](NC(=O)[C@H](C)N)C(=O)O	RDIKFPRVLJLMER-BQBZGAKWSA-N
Ala-Thr	C[C@H]([NH3+])C(=O)N[C@H](C(=O)[O-])[C@@H](C)O	BUQICHWNXBIBOG-LMVFSUKVSA-N
Apocytochrome c	[*]NC(=O)[C@H](CS)NC([*])=O.[*]NC(=O)[C@H](CS)NC([*])=O	
Apoprotein	[*]N	
Benzamide	NC(=O)c1ccccc1	KXDAEFPNCMNJSK-UHFFFAOYSA-N
Benzoate	O=C([O-])c1ccccc1	WPYMKLBDIGXBTP-UHFFFAOYSA-M
CDP	Nc1ccn([C@@H]2O[C@H](COP(=O)([O-])OP(=O)([O-])[O-])[C@@H](O)[C@H]2O)c(=O)n1	ZWIADYZPOWUWEW-XVFCMESISA-K
CDP-choline	C[N+](C)(C)CCOP(=O)([O-])OP(=O)(O)OC[C@H]1O[C@@H](n2ccc(N)nc2=O)[C@H](O)[C@@H]1O	RZZPDXZPRHQOCG-OJAKKHQRSA-N
CDP-diacylglycerol	[*]C(=O)OC[C@H](COP(=O)(O)OP(=O)(O)OC[C@H]1O[C@@H](n2ccc(N)nc2=O)[C@H](O)[C@@H]1O)OC([*])=O	
CDP-diacylglycerol (1-16:0, 2-18:1)	CCCCCCCC/C=C\CCCCCCCC(=O)O[C@H](COC(=O)CCCCCCCCCCCCCCC)COP(=O)([O-])OP(=O)([O-])OC[C@H]1O[C@@H](n2ccc(N)nc2=O)[C@H](O)[C@@H]1O	FPQIENQTTUVFMM-UQDLJZPTSA-L
CDP-diacylglycerol (1-16:1, 2-16:1)	CCCCCCC=CCCCCCCCC(=O)OC[C@H](COP(=O)(O)OP(=O)(O)OC[C@H]1O[C@@H](n2ccc(N)nc2=O)[C@H](O)[C@@H]1O)OC(=O)CCCCCCCC=CCCCCCC	LBKBJHVQQNUXGQ-BQUKFSKHSA-N
CDP-diacylglycerol (1-18:1, 2-18:1)	CCCCCCC=CCCCCCCCCCC(=O)OC[C@H](COP(=O)(O)OP(=O)(O)OC[C@H]1O[C@@H](n2ccc(N)nc2=O)[C@H](O)[C@@H]1O)OC(=O)CCCCCCCCCC=CCCCCCC	KISJWPWNABZPGN-IGIWICMZSA-N
CDP-ethanolamine	Nc1ccn([C@@H]2O[C@H](COP(=O)([O-])OP(=O)([O-])OCC[NH3+])[C@@H](O)[C@H]2O)c(=O)n1	WVIMUEUQJFPNDK-PEBGCTIMSA-M
CMP	Nc1ccn([C@@H]2O[C@H](COP(=O)([O-])[O-])[C@@H](O)[C@H]2O)c(=O)n1	IERHLVCPSMICTF-XVFCMESISA-L
CTP	Nc1ccn([C@@H]2O[C@H](COP(=O)([O-])OP(=O)([O-])OP(=O)([O-])[O-])[C@@H](O)[C@H]2O)c(=O)n1	PCDQPRRSZKQHHS-XVFCMESISA-J
Ca(2+)	[Ca+2]	BHPQYMZQTOCNFJ-UHFFFAOYSA-N
Chloroacetaldehyde	O=CCCl	QSKPIOLLBIHNAC-UHFFFAOYSA-N
Chloroacetic acid	O=C([O-])CCl	FOCAUTSVDIKZOP-UHFFFAOYSA-M
Cu2(+)	[Cu+2]	JPVYNHNXODAKFH-UHFFFAOYSA-N
Cyanamide	N#CN	XZMCDFZZKTWFGF-UHFFFAOYSA-N
Cytochrome c	CC1=C(CCC(=O)[O-])C2=Cc3c(CCC(=O)[O-])c(C)c4n3[Fe-2]35n6c(c(C)c(C(C)SC[C@H](N[*])C([*])=O)c6=CC6=[N+]3C(=C4)C(C(C)SC[C@H](N[*])C([*])=O)=C6C)=CC1=[N+]25	
D-Glucarate	O=C([O-])[C@@H](O)[C@@H](O)[C@H](O)[C@@H](O)C(=O)[O-]	DSLZVSRJTYRBFB-LLEIAEIESA-L
D-Glucosamine	N[C@H]1C(O)O[C@H](CO)[C@@H](O)[C@@H]1O	MSWZFWKMSRAUBD-IVMDWMLBSA-N
D-Glucuronolactone	O=C[C@H](O)[C@H]1OC(=O)[C@@H](O)[C@H]1O	UYUXSRADSPPKRZ-SKNVOMKLSA-N
D-Glycerate	O=C([O-])[C@H](O)CO	RBNPOMFGQQGHHO-UWTATZPHSA-M
D-Serine	[NH3+][C@H](CO)C(=O)[O-]	MTCFGRXMJLQNBG-UWTATZPHSA-N
D-arabinitol	OC[C@@H](O)C(O)[C@H](O)CO	HEBKCHPVOIAQTA-QWWZWVQMSA-N
D-arabinono-1,4-lactone	O=C1O[C@H](CO)[C@@H](O)[C@@H]1O	CUOKHACJLGPRHD-JJYYJPOSSA-N
D-arabinose		PYMYPHUHKUWMLA-WDCZJNDASA-N
D-erythro-1-(imidazol-4-yl)glycerol 3-phosphate	O=P([O-])([O-])OC[C@@H](O)[C@@H](O)c1c[nH]cn1	HFYBTHCYPKEDQQ-RITPCOANSA-L
D-erythrose 4-phosphate	O=C[C@H](O)[C@H](O)COP(=O)([O-])[O-]	NGHMDNPXVRFFGS-IUYQGCFVSA-L
D-fructose		LKDRXBCSQODPBY-VRPWFDPXSA-N
D-fructose 1,6-bisphosphate	O=C(COP(=O)(O)O)[C@@H](O)[C@H](O)[C@H](O)COP(=O)(O)O	XPYBSIWDXQFNMH-UYFOZJQFSA-N
D-fructose 1-phosphate	O=C(COP(=O)(O)O)[C@@H](O)[C@H](O)[C@H](O)CO	ZKLLSNQJRLJIGT-UYFOZJQFSA-N
D-fructose 6-phosphate	O=C(CO)[C@@H](O)[C@H](O)[C@H](O)COP(=O)([O-])[O-]	GSXOAOHZAIYLCY-HSUXUTPPSA-L
D-galactose		WQZGKKKJIJFFOK-SVZMEOIVSA-N
D-galacturonate	O=C[C@H](O)[C@@H](O)[C@@H](O)[C@H](O)C(=O)[O-]	IAJILQKETJEXLJ-RSJOWCBRSA-M
D-glucitol	OC[C@H](O)[C@@H](O)[C@H](O)[C@H](O)CO	FBPFZTCFMRRESA-JGWLITMVSA-N
D-gluconate	O=C([O-])[C@H](O)[C@@H](O)[C@H](O)[C@H](O)CO	RGHNJXZEOKUKBD-SQOUGZDYSA-M
D-glucose	OC[C@H]1OC(O)[C@H](O)[C@@H](O)[C@@H]1O	WQZGKKKJIJFFOK-GASJEMHNSA-N
D-glucose 1-phosphate	O=P([O-])([O-])OC1O[C@H](CO)[C@@H](O)[C@H](O)[C@H]1O	HXXFSFRBOHSIMQ-GASJEMHNSA-L
D-glucose 6-phosphate		VFRROHXSMXFLSN-SLPGGIOYSA-N
D-glyceraldehyde	O=C[C@H](O)CO	MNQZXJOMYWMBOU-VKHMYHEASA-N
D-mannose		WQZGKKKJIJFFOK-QTVWNMPRSA-N
D-mannose 1-phosphate	O=P(O)(O)OC1O[C@H](CO)[C@@H](O)[C@H](O)[C@@H]1O	HXXFSFRBOHSIMQ-QTVWNMPRSA-N
D-mannose 6-phosphate		NBSCHQHZLSJFNQ-QTVWNMPRSA-N
D-phenylalanine	[NH3+][C@H](Cc1ccccc1)C(=O)[O-]	COLNVLDHVKWLRT-MRVPVSSYSA-N
D-ribofuranose 5-phosphate	O=P([O-])([O-])OC[C@H]1OC(O)[C@H](O)[C@@H]1O	KTVPXOYAKDPRHY-SOOFDHNKSA-L
D-ribose		SRBFZHDQGSBBOR-SOOFDHNKSA-N
D-ribulose	O=C(CO)[C@H](O)[C@H](O)CO	ZAQJHHRNXZUBTE-NQXXGFSBSA-N
D-ribulose 5-phosphate	O=C(CO)[C@H](O)[C@H](O)COP(=O)([O-])[O-]	FNZLKVNUWIIPSJ-UHNVWZDZSA-L
D-tagatofuranose 6-phosphate	O=P([O-])([O-])OC[C@H]1OC(O)(CO)[C@@H](O)[C@H]1O	BGWGXPAPYGQALX-OEXCPVAWSA-L
D-tagatose	OCC1(O)OC[C@@H](O)[C@H](O)[C@@H]1O	LKDRXBCSQODPBY-OEXCPVAWSA-N
D-tyrosine	[NH3+][C@H](Cc1ccc(O)cc1)C(=O)[O-]	OUYCCCASQSFEME-MRVPVSSYSA-N
D-xylose	O=C[C@H](O)[C@@H](O)[C@H](O)CO	PYMYPHUHKUWMLA-VPENINKCSA-N
D-xylulose	O=C(CO)[C@@H](O)[C@H](O)CO	ZAQJHHRNXZUBTE-WUJLRWPWSA-N
D-xylulose 5-phosphate	O=C(CO)[C@@H](O)[C@H](O)COP(=O)([O-])[O-]	FNZLKVNUWIIPSJ-RFZPGFLSSA-L
Delta(6)-trans,Delta(8)-cis-leukotriene B4	CCCCC/C=C\C[C@@H](O)/C=C/C=C\C=C\[C@@H](O)CCCC(=O)O	VNYSSYRCGWBHLG-GEWAPNICSA-N
Dextrin		FYGDTMLNYKFZSV-MRCIVHHJSA-N
Dihydrobiopterin	CC(O)C(O)C1CNC2=NC(N)=NC(=O)C2=N1	ZHQJVZLJDXWFFX-UHFFFAOYSA-N
Dolichyl beta-D-glucosyl phosphate	CC(C)=CCC/C(C)=C/CC/C(C)=C/CC/C(C)=C\CCC(C)CCOP(=O)([O-])O[C@@H]1O[C@H](CO)[C@@H](O)[C@H](O)[C@H]1O	AGLXCEGQRIYVRV-DVDHLLHCSA-M
Dolichyl diphosphate	CC(C)=CCC/C(C)=C/CC/C(C)=C/CC/C(C)=C\CCC(C)CCOP(=O)([O-])OP(=O)([O-])[O-]	MXGLYEVGJRXBTP-QOLULZROSA-K
Ethylnitronate	CC[N+](=O)[O-]	MCSAJNNLRCFZED-UHFFFAOYSA-N
FAD	Cc1cc2nc3c(=O)[n-]c(=O)nc-3n(C[C@H](O)[C@H](O)[C@H](O)COP(=O)([O-])OP(=O)([O-])OC[C@H]3O[C@@H](n4cnc5c(N)ncnc54)[C@H](O)[C@@H]3O)c2cc1C	IMGVNJNCCGXBHD-UYBVJOGSSA-K
FADH2	Cc1cc2c(cc1C)N(C[C@H](O)[C@H](O)[C@H](O)COP(=O)([O-])OP(=O)([O-])OC[C@H]1O[C@@H](n3cnc4c(N)ncnc43)[C@H](O)[C@@H]1O)c1[nH]c(=O)[nH]c(=O)c1N2	YPZRHBJKEMOYQH-UYBVJOGSSA-L
FMN	Cc1cc2nc3c(=O)[n-]c(=O)nc-3n(C[C@H](O)[C@H](O)[C@H](O)COP(=O)([O-])[O-])c2cc1C	ANKZYBDXHMZBDK-SCRDCRAPSA-K
FMNH2	Cc1cc2c(cc1C)N(C[C@H](O)[C@H](O)[C@H](O)COP(=O)([O-])[O-])c1[nH]c(=O)[nH]c(=O)c1N2	YTNIXZGTHTVJBW-SCRDCRAPSA-L
Farnesoic acid	CC(C)=CCC/C(C)=C/CC/C(C)=C/C(=O)O	WJHFZYAELPOJIV-IJFRVEDASA-N
G00006	CC(=O)N[C@H]1[C@H](O[C@@H]2[C@@H](CO)O[C@H](OP(=O)([O-])OP(=O)([O-])OCCC(C)CC/C=C(/C)CC/C=C(\C)CC/C=C(\C)CCC=C(C)C)[C@H](NC(C)=O)[C@H]2O)O[C@H](CO)[C@@H](O[C@@H]2O[C@H](CO[C@H]3O[C@H](CO)[C@@H](O)[C@H](O)[C@@H]3O)[C@@H](O)[C@H](O[C@H]3O[C@H](CO)[C@@H](O)[C@H](O)[C@@H]3O[C@H]3O[C@H](CO)[C@@H](O)[C@H](O)[C@@H]3O[C@H]3O[C@H](CO)[C@@H](O)[C@H](O)[C@@H]3O)[C@@H]2O)[C@@H]1O	HYYPTQKNNHAOBO-UWWLDHJCSA-L
G00009	CC(=O)N[C@H]1[C@H](O[C@@H]2[C@@H](CO)O[C@@H](NC(=O)C[C@H](N[*])C([*])=O)[C@H](NC(C)=O)[C@H]2O)O[C@H](CO)[C@@H](O[C@@H]2O[C@H](CO[C@H]3O[C@H](CO[C@H]4O[C@H](CO)[C@@H](O)[C@H](O)[C@@H]4O[C@H]4O[C@H](CO)[C@@H](O)[C@H](O)[C@@H]4O)[C@@H](O)[C@H](O[C@H]4O[C@H](CO)[C@@H](O)[C@H](O)[C@@H]4O[C@H]4O[C@H](CO)[C@@H](O)[C@H](O)[C@@H]4O)[C@@H]3O)[C@@H](O)[C@H](O[C@H]3O[C@H](CO)[C@@H](O)[C@H](O)[C@@H]3O[C@H]3O[C@H](CO)[C@@H](O)[C@H](O)[C@@H]3O[C@H]3O[C@H](CO)[C@@H](O)[C@H](O[C@H]4O[C@H](CO)[C@@H](O)[C@H](O[C@H]5O[C@H](CO)[C@@H](O)[C@H](O)[C@H]5O[C@H]5O[C@H](CO)[C@@H](O)[C@H](O)[C@H]5O)[C@H]4O)[C@@H]3O)[C@@H]2O)[C@@H]1O	
G00143	CC(=O)N[C@H]1[C@@H](O[C@@H]2[C@@H](O)[C@H](O)[C@@H](O)[C@@H](O)[C@H]2OP(=O)([O-])OC[C@@H](COC([*])=O)OC([*])=O)O[C@H](CO)[C@@H](O)[C@@H]1O	
G10526	CC(=O)N[C@H]1[C@H](O[C@@H]2[C@@H](CO)O[C@H](OP(=O)([O-])OP(=O)([O-])OCCC(C)CC/C=C(/C)CC/C=C(\C)CC/C=C(\C)CCC=C(C)C)[C@H](NC(C)=O)[C@H]2O)O[C@H](CO)[C@@H](O[C@@H]2O[C@H](CO[C@H]3O[C@H](CO)[C@@H](O)[C@H](O)[C@@H]3O)[C@@H](O)[C@H](O[C@H]3O[C@H](CO)[C@@H](O)[C@H](O)[C@@H]3O)[C@@H]2O)[C@@H]1O	AGHYELQSGASRRD-WUEMCLIYSA-L
G10595	CC1=CC(=C(C=C1Cl)[N+](=O)[O-])Cl	PEQYJEJKUTUIFJ-UHFFFAOYSA-N
G10596	C1=CN2C(=NC=C2Br)C=C1F	JIWHAZGZFYOGCD-UHFFFAOYSA-N
G10597	C1=C(C=C(C2=C1C=NN2)Cl)[N+](=O)[O-]	YMEJTHJTNCGFPD-UHFFFAOYSA-N
G10598	COC(=O)C1=CN2C=C(N=C2C=C1)C(F)(F)F	RYRYWRGTTHIMLM-UHFFFAOYSA-N
G10599	COC1=CC(=C(C=C1C#N)[N+](=O)[O-])Cl	NXGOJSOVJVXGIU-UHFFFAOYSA-N
G10694	C1=CC2=C(C=C1C#N)C(=O)C(=CN2)I	TTZXJPYMUGGDLO-UHFFFAOYSA-N
GDP	Nc1nc2c(ncn2[C@@H]2O[C@H](COP(=O)([O-])OP(=O)([O-])[O-])[C@@H](O)[C@H]2O)c(=O)[nH]1	QGWNDRXFNXRZMB-UUOKFMHZSA-K
GDP-alpha-D-mannose	Nc1nc2c(ncn2[C@@H]2O[C@H](COP(=O)([O-])OP(=O)([O-])O[C@H]3O[C@H](CO)[C@@H](O)[C@H](O)[C@@H]3O)[C@@H](O)[C@H]2O)c(=O)[nH]1	MVMSCBBUIHUTGJ-GDJBGNAASA-L
GMP	Nc1nc2c(ncn2[C@@H]2O[C@H](COP(=O)([O-])[O-])[C@@H](O)[C@H]2O)c(=O)[nH]1	RQFCJASXJCIDSX-UUOKFMHZSA-L
GTP	Nc1nc(=O)c2ncn([C@@H]3O[C@H](COP(=O)([O-])OP(=O)([O-])OP(=O)([O-])O)[C@@H](O)[C@H]3O)c2n1	XKMLYUALXHKNFT-UUOKFMHZSA-K
Gly-Asn	NC(=O)C[C@H](NC(=O)C[NH3+])C(=O)[O-]	FUESBOMYALLFNI-VKHMYHEASA-N
Gly-Gln	NC(=O)CC[C@H](NC(=O)C[NH3+])C(=O)[O-]	PNMUAGGSDZXTHX-BYPYZUCNSA-N
Gly-Glu	[NH3+]CC(=O)N[C@@H](CCC(=O)[O-])C(=O)[O-]	IEFJWDNGDZAYNZ-BYPYZUCNSA-M
Gly-Met	CSCC[C@H](NC(=O)C[NH3+])C(=O)[O-]	PFMUCCYYAAFKTH-YFKPBYRVSA-N
H+	[H+]	GPRLSGONYQIRFK-UHFFFAOYSA-N
H2O	[H]O[H]	XLYOFNOQVPJJNP-UHFFFAOYSA-N
HX	[*-]	FDGQSTZJBFJUBT-UHFFFAOYSA-N
Hydroquinone	Oc1ccc(O)cc1	QIGBRXMKCJKVMJ-UHFFFAOYSA-N
IDP	O=c1[nH]cnc2c1ncn2[C@@H]1O[C@H](COP(=O)([O-])OP(=O)([O-])[O-])[C@@H](O)[C@H]1O	JPXZQMKKFWMMGK-KQYNXXCUSA-K
IMP	O=c1[nH]cnc2c1ncn2[C@@H]1O[C@H](COP(=O)([O-])[O-])[C@@H](O)[C@H]1O	GRSZFWQUAKGDAV-KQYNXXCUSA-L
ITP	O=c1[nH]cnc2c1ncn2[C@@H]1O[C@H](COP(=O)([O-])OP(=O)([O-])OP(=O)([O-])[O-])[C@@H](O)[C@H]1O	HAEJPQIATWHALX-KQYNXXCUSA-J
Imidazole-4-acetaldehyde	O=CCc1c[nH]cn1	MQSRGWNVEZRLDK-UHFFFAOYSA-N
Imidazole-4-acetate	O=C(O)Cc1cncn1	PRJKNHOMHKJCEJ-UHFFFAOYSA-N
Isomaltose	OC[C@H]1O[C@H](OC[C@H]2OC(O)[C@H](O)[C@@H](O)[C@@H]2O)[C@H](O)[C@@H](O)[C@@H]1O	DLRVVLDZNNYCBX-RTPHMHGBSA-N
L-2-amino-3-oxobutanoate	CC(=O)[C@H]([NH3+])C(=O)[O-]	SAUCHDKDCUROAO-VKHMYHEASA-N
L-2-aminoadipate	[NH3+][C@@H](CCCC(=O)[O-])C(=O)[O-]	OYIFNHCXNCRBQI-BYPYZUCNSA-M
L-4-hydroxyglutamic semialdehyde	[NH3+][C@@H](C[C@@H](O)C=O)C(=O)[O-]	XCXUZPXOFFRGGP-DMTCNVIQSA-N
L-Arginyl-protein	[*][C@H](NC(=O)[C@H]([*])NC(=O)[C@@H](N)CCCNC(=N)N)C(=O)O	
L-Methionine S-oxide	CS(=O)CC[C@H](N)C(=O)O	QEFRNWWLZKMPFJ-YGVKFDHGSA-N
L-Threonylcarbamoyladenylate	C[C@@H](O)[C@H](NC(=O)OP(=O)([O-])OC[C@H]1O[C@@H](n2cnc3c(N)ncnc32)[C@H](O)[C@@H]1O)C(=O)[O-]	GHLUPQUHEIJRCU-DWVDDHQFSA-L
L-alanine	C[C@H](N)C(=O)O	QNAYBMKLOCPYGJ-REOHCLBHSA-N
L-allothreonine	C[C@H](O)[C@H]([NH3+])C(=O)[O-]	AYFVYJQAPQTCCC-HRFVKAFMSA-N
L-allysine	[H]C(=O)CCC[C@H](N)C(=O)O	GFXYTQPNNXGICT-YFKPBYRVSA-N
L-alpha-formylglycine	[NH3+][C@@H](C=O)C(=O)[O-]	XMTCKNXTTXDPJX-REOHCLBHSA-N
L-arabinitol	OC[C@H](O)C(O)[C@@H](O)CO	HEBKCHPVOIAQTA-IMJSIDKUSA-N
L-arabinose	OC1OC[C@H](O)[C@H](O)[C@H]1O	SRBFZHDQGSBBOR-HWQSCIPKSA-N
L-arginine	NC(=[NH2+])NCCC[C@H]([NH3+])C(=O)[O-]	ODKSFYDXXFIFQN-BYPYZUCNSA-O
L-asparagine	NC(=O)C[C@H](N)C(=O)O	DCXYFEDJOCDNAF-REOHCLBHSA-N
L-aspartate	[NH3+][C@@H](CC(=O)[O-])C(=O)[O-]	CKLJMWTZIZZHCS-REOHCLBHSA-M
L-aspartate 4-semialdehyde	[NH3+][C@@H](CC=O)C(=O)[O-]	HOSWPDPVFBCLSY-VKHMYHEASA-N
L-citrulline	NC(=O)NCCC[C@H](N)C(=O)O	RHGKLRLOHDJJDR-BYPYZUCNSA-N
L-cystathionine	[NH3+][C@@H](CCSC[C@H]([NH3+])C(=O)[O-])C(=O)[O-]	ILRYLPWNYFXEMH-WHFBIAKZSA-N
L-cysteate	[NH3+][C@@H](CS(=O)(=O)[O-])C(=O)[O-]	XVOYSCVBGLVSOL-REOHCLBHSA-M
L-cysteine	N[C@@H](CS)C(=O)O	XUJNEKJLAYXESH-REOHCLBHSA-N
L-cysteinylglycine	[NH3+][C@@H](CS)C(=O)NCC(=O)[O-]	ZUKPVRWZDMRIEO-VKHMYHEASA-N
L-cystine	[NH3+][C@@H](CSSC[C@H]([NH3+])C(=O)[O-])C(=O)[O-]	LEVWYRKDKASIDU-IMJSIDKUSA-N
L-gamma-glutamyl phosphate	[NH3+][C@@H](CCC(=O)OP(=O)([O-])[O-])C(=O)[O-]	PJRXVIJAERNUIP-VKHMYHEASA-L
L-gamma-glutamyl-L-alanine	C[C@H](NC(=O)CC[C@H](N)C(=O)O)C(=O)O	WQXXXVRAFAKQJM-WHFBIAKZSA-N
L-gamma-glutamyl-L-cysteine	[NH3+][C@@H](CCC(=O)N[C@@H](CS)C(=O)[O-])C(=O)[O-]	RITKHVBHSGLULN-WHFBIAKZSA-M
L-glucitol	OC[C@H](O)[C@H](O)[C@@H](O)[C@H](O)CO	FBPFZTCFMRRESA-FSIIMWSLSA-N
L-glutamate	[NH3+][C@@H](CCC(=O)[O-])C(=O)[O-]	WHUUTDBJXJRKMK-VKHMYHEASA-M
L-glutamic 5-semialdehyde	[H]C(=O)CC[C@H](N)C(=O)O	KABXUUFDPUOJMW-BYPYZUCNSA-N
L-glutamine	NC(=O)CC[C@H]([NH3+])C(=O)[O-]	ZDXPYRJPNDTMRX-VKHMYHEASA-N
L-glutamyl-tRNA(Gln)	[*][C@@H]1O[C@H](CO)[C@@H](OP(=O)(O)OC[C@H]2O[C@@H]([*])[C@H](O)[C@@H]2OP(=O)(O)OC[C@H]2O[C@@H](n3cnc4c(N)ncnc43)[C@H](OC(=O)[C@@H](N)CCC(=O)O)[C@@H]2O)[C@H]1O	
L-glycine	[NH3+]CC(=O)[O-]	DHMQDGOQFOQNFH-UHFFFAOYSA-N
L-histidine	N[C@@H](Cc1cncn1)C(=O)O	HNDVDQJCIGZPNO-YFKPBYRVSA-N
L-histidinol	[NH3+][C@H](CO)Cc1c[nH]cn1	ZQISRDCJNBUVMM-YFKPBYRVSA-O
L-histidinol phosphate	[NH3+][C@H](COP(=O)([O-])[O-])Cc1c[nH]cn1	CWNDERHTHMWBSI-YFKPBYRVSA-M
L-homocysteine	[NH3+][C@@H](CCS)C(=O)[O-]	FFFHZYDWPBMWHY-VKHMYHEASA-N
L-homoserine	[NH3+][C@@H](CCO)C(=O)[O-]	UKAUYVFTDYCKQA-VKHMYHEASA-N
L-iditol	OC[C@H](O)[C@@H](O)[C@H](O)[C@@H](O)CO	FBPFZTCFMRRESA-UNTFVMJOSA-N
L-isoleucine	CC[C@H](C)[C@H](N)C(=O)O	AGPKZVBTJJNPAG-WHFBIAKZSA-N
L-kynurenine	Nc1ccccc1C(=O)C[C@H](N)C(=O)O	YGPSJZOEDVAXAB-QMMMGPOBSA-N
L-leucine	CC(C)C[C@H](N)C(=O)O	ROHFNLRQFUQHCH-YFKPBYRVSA-N
L-lysine	[NH3+]CCCC[C@H]([NH3+])C(=O)[O-]	KDXKERNSBIXSRK-YFKPBYRVSA-O
L-lysine-[histone]	[*]N[C@@H](CCCCN)C([*])=O	
L-methionine	CSCC[C@H](N)C(=O)O	FFEARJCKVFRZRR-BYPYZUCNSA-N
L-methionine (S)-S-oxide	C[S@](=O)CC[C@H](N)C(=O)O	QEFRNWWLZKMPFJ-MFXDVPHUSA-N
L-phenylalanine	N[C@@H](Cc1ccccc1)C(=O)O	COLNVLDHVKWLRT-QMMMGPOBSA-N
L-proline	O=C([O-])[C@@H]1CCC[NH2+]1	ONIBWKKTOPOVIA-BYPYZUCNSA-N
L-saccharopine	[NH3+][C@@H](CCCC[NH2+][C@@H](CCC(=O)[O-])C(=O)[O-])C(=O)[O-]	ZDGJAHTZVHVLOT-YUMQZZPRSA-M
L-serine	N[C@@H](CO)C(=O)O	MTCFGRXMJLQNBG-REOHCLBHSA-N
L-sorbose		LKDRXBCSQODPBY-AMVSKUEXSA-N
L-threonine	C[C@@H](O)[C@H]([NH3+])C(=O)[O-]	AYFVYJQAPQTCCC-GBXIJSLDSA-N
L-tryptophan	N[C@@H](Cc1cnc2ccccc12)C(=O)O	QIVBCDIJIAJPQS-VIFPVBQESA-N
L-tyrosine	[NH3+][C@@H](Cc1ccc(O)cc1)C(=O)[O-]	OUYCCCASQSFEME-QMMMGPOBSA-N
L-valine	CC(C)[C@H]([NH3+])C(=O)[O-]	KZSNJWFQEVHDMF-BYPYZUCNSA-N
L-xylulose	O=C(CO)[C@@H](O)[C@H](O)CO	ZAQJHHRNXZUBTE-WUJLRWPWSA-N
Lipoyl-AMP	Nc1ncnc2c1ncn2[C@@H]1O[C@H](COP(=O)([O-])OC(=O)CCCC[C@@H]2CCSS2)[C@@H](O)[C@H]1O	QWEGOCJRZOKSOE-ADUAKINBSA-M
Lipoyl-[acp]	[*]SC(=O)CCCCC1CCSS1	
Mannitol	OC[C@@H](O)[C@@H](O)[C@H](O)[C@H](O)CO	FBPFZTCFMRRESA-KVTDHHQDSA-N
Met-Ala	CSCC[C@H]([NH3+])C(=O)N[C@@H](C)C(=O)[O-]	JHKXZYLNVJRAAJ-WDSKDSINSA-N
Methylmalonate	CC(C(=O)[O-])C(=O)[O-]	ZIYVHBGGAOATLY-UHFFFAOYSA-L
Mg(2+)	[Mg+2]	JLVVSXFLKOJNIY-UHFFFAOYSA-N
Mn(2+)	[Mn+2]	WAEMQWOKJMHJLA-UHFFFAOYSA-N
N(1)-acetylspermidine	CC(=O)NCCC[NH2+]CCCC[NH3+]	MQTAVJHICJWXBR-UHFFFAOYSA-P
N(1)-acetylspermine	CC(=O)NCCC[NH2+]CCCC[NH2+]CCC[NH3+]	GUNURVWAJRRUAV-UHFFFAOYSA-Q
N(2)-acetyl-L-ornithine	CC(=O)N[C@@H](CCC[NH3+])C(=O)[O-]	JRLGPAXAGHMNOL-LURJTMIESA-N
N(alpha)-acetyl-L-methionine	CSCCC(NC(C)=O)C(=O)[O-]	XUYPXLNMDZIRQH-UHFFFAOYSA-M
N(omega)-phospho-L-arginine	[NH2+]=C(NCCC[C@H]([NH3+])C(=O)[O-])NP(=O)([O-])[O-]	CCTIOCVIZPCTGO-BYPYZUCNSA-M
N(pros)-methyl-L-histidine	Cn1cncc1C[C@H](N)C(=O)O	JDHILDINMRGULE-LURJTMIESA-N
N,N'-diacetylchitobiosyldiphosphodolichol	CC(=O)N[C@H]1[C@H](O[C@@H]2[C@@H](CO)O[C@H](OP(=O)(O)OP(=O)(O)OCCC(C)CC/C=C(/C)CC/C=C(\C)CC/C=C(\C)CCC=C(C)C)[C@H](NC(C)=O)[C@H]2O)O[C@H](CO)[C@@H](O)[C@@H]1O	QBRZRKKUHJLMCY-HRUJLXCPSA-N
N,N'-diformyldityrosine	O=CNC(Cc1ccc(O)c(-c2cc(CC(NC=O)C(=O)O)ccc2O)c1)C(=O)O	OUNKRBSXIMLJRR-UHFFFAOYSA-N
N-(4-oxoglutarate)-L-cysteinylglycine	O=C([O-])CNC(=O)[C@H](CS)NC(=O)CCC(=O)C(=O)[O-]	PMIVQUCENWNWHX-YFKPBYRVSA-L
N-(5-phospho-beta-D-ribosyl)anthranilate	O=C([O-])c1ccccc1N[C@@H]1O[C@H](COP(=O)([O-])[O-])[C@@H](O)[C@H]1O	PMFMJXPRNJUYMB-GWOFURMSSA-K
N-Acetyl-D-glucosamine	CC(=O)N[C@H]1C(O)O[C@H](CO)[C@@H](O)[C@@H]1O	OVRNDRQMDRJTHS-RTRLPJTCSA-N
N-Acetyl-D-glucosaminyldiphosphodolichol	CC(=O)N[C@H]1[C@@H](OP(=O)(O)OP(=O)(O)OCCC(C)CC/C=C(/C)CC/C=C(\C)CC/C=C(\C)CCC=C(C)C)O[C@H](CO)[C@@H](O)[C@@H]1O	NSVKTXNITHYTDN-QQFUYBAXSA-N
N-[(R)-4-phosphonopantothenoyl]-L-cysteine	CC(C)(COP(=O)([O-])[O-])[C@@H](O)C(=O)NCCC(=O)N[C@@H](CS)C(=O)[O-]	XQYALQVLCNHCFT-CBAPKCEASA-K
N-acetyl-D-glucosamine 6-phosphate	CC(=O)N[C@H]1C(O)O[C@H](COP(=O)([O-])[O-])[C@@H](O)[C@@H]1O	BRGMHAYQAZFZDJ-RTRLPJTCSA-L
N-acetyl-D-phenylalanine	CC(=O)N[C@H](Cc1ccccc1)C(=O)O	CBQJSKKFNMDLON-SNVBAGLBSA-N
N-acetyl-L-cysteine	CC(=O)N[C@@H](CS)C(=O)[O-]	PWKSKIMOESPYIA-BYPYZUCNSA-M
N-acetyl-L-gamma-glutamyl phosphate	CC(=O)N[C@@H](CCC(=O)OP(=O)([O-])[O-])C(=O)[O-]	FCVIHFVSXHOPSW-YFKPBYRVSA-K
N-acetyl-L-glutamate	CC(=O)N[C@@H](CCC(=O)[O-])C(=O)[O-]	RFMMMVDNIPUKGG-YFKPBYRVSA-L
N-acetyl-alpha-D-glucosamine 1-phosphate	CC(=O)N[C@H]1[C@@H](OP(=O)(O)O)O[C@H](CO)[C@@H](O)[C@@H]1O	FZLJPEPAYPUMMR-FMDGEEDCSA-N
N-acetylputrescine	CC(=O)NCCCC[NH3+]	KLZGKIDSEJWEDW-UHFFFAOYSA-O
N-carbamoyl-L-aspartate	NC(=O)N[C@@H](CC(=O)[O-])C(=O)[O-]	HLKXYZVTANABHZ-REOHCLBHSA-L
N-formyl-L-kynurenine	[H]C(=O)Nc1ccccc1C(=O)C[C@H](N)C(=O)O	BYHJHXPTQMMKCA-QMMMGPOBSA-N
N-formyl-L-tyrosine	O=CN[C@@H](Cc1ccc(O)cc1)C(=O)O	ROUWPHMRHBMAFE-VIFPVBQESA-N
N-phosphocreatine	C[N+](CC(=O)O)=C(N)NP(=O)(O)O	RMRKEMHUAGATCC-UHFFFAOYSA-O
N4-Acetylaminobutanal	CC(=O)NCCCC=O	DDSLGZOYEPKPSJ-UHFFFAOYSA-N
N6-methyl-L-lysine-[histone]	C[NH2+]CCCC[C@H](N[*])C([*])=O	
NAD	NC(=O)c1ccc[n+]([C@@H]2O[C@H](COP(=O)([O-])OP(=O)([O-])OC[C@H]3O[C@@H](n4cnc5c(N)ncnc54)[C@H](O)[C@@H]3O)[C@@H](O)[C@H]2O)c1	BAWFJGJZGIEFAR-NNYOXOHSSA-M
NADH	NC(=O)C1=CN([C@@H]2O[C@H](COP(=O)([O-])OP(=O)([O-])OC[C@H]3O[C@@H](n4cnc5c(N)ncnc54)[C@H](O)[C@@H]3O)[C@@H](O)[C@H]2O)C=CC1	BOPGDPNILDQYTO-NNYOXOHSSA-L
NADP(+)	NC(=O)c1ccc[n+]([C@@H]2O[C@H](COP(=O)([O-])OP(=O)([O-])OC[C@H]3O[C@@H](n4cnc5c(N)ncnc54)[C@H](OP(=O)([O-])[O-])[C@@H]3O)[C@@H](O)[C@H]2O)c1	XJLXINKUBYWONI-NNYOXOHSSA-K
NADPH	NC(=O)C1=CN([C@@H]2O[C@H](COP(=O)([O-])OP(=O)([O-])OC[C@H]3O[C@@H](n4cnc5c(N)ncnc54)[C@H](OP(=O)([O-])[O-])[C@@H]3O)[C@@H](O)[C@H]2O)C=CC1	ACFIXJIJDZMPPO-NNYOXOHSSA-J
NMN	NC(=O)c1ccc[n+]([C@@H]2O[C@H](COP(=O)([O-])[O-])[C@@H](O)[C@H]2O)c1	DAYLJWODMCOQEW-TURQNECASA-M
Nitrite	O=N[O-]	IOVCWXUNBOPUCH-UHFFFAOYSA-M
O(4)-phospho-L-tyrosine	[NH3+][C@@H](Cc1ccc(OP(=O)([O-])[O-])cc1)C(=O)[O-]	DCWXELXMIBXGTH-QMMMGPOBSA-L
O-acetyl-L-homoserine	CC(=O)OCC[C@H](N)C(=O)O	FCXZBWSIAGGPCB-YFKPBYRVSA-N
O-acetyl-L-serine	CC(=O)OC[C@H]([NH3+])C(=O)[O-]	VZXPDPZARILFQX-BYPYZUCNSA-N
O-acetylcarnitine	CC(=O)O[C@H](CC(=O)[O-])C[N+](C)(C)C	RDHQFKQIGNGIED-MRVPVSSYSA-N
O-phospho-L-homoserine	[NH3+][C@@H](CCOP(=O)([O-])[O-])C(=O)[O-]	FXDNYOANAXWZHG-VKHMYHEASA-L
O-phospho-L-threonine	C[C@@H](OP(=O)([O-])[O-])[C@H]([NH3+])C(=O)[O-]	USRGIUJOYOXOQJ-GBXIJSLDSA-L
O-phosphoethanolamine	[NH3+]CCOP(=O)([O-])[O-]	SUHOOTKUPISOBE-UHFFFAOYSA-M
O-phosphonatooxy-D-serine(2-)	[NH3+][C@H](COP(=O)([O-])[O-])C(=O)[O-]	BZQFBWGGLXLEPQ-UWTATZPHSA-L
O-succinyl-L-homoserine	[NH3+][C@@H](CCOC(=O)CCC(=O)[O-])C(=O)[O-]	GNISQJGXJIDKDJ-YFKPBYRVSA-M
Oxalate	O=C([O-])C(=O)[O-]	MUBZPKHOEPUJKR-UHFFFAOYSA-L
Oxalyl-CoA	CC(C)(COP(=O)([O-])OP(=O)([O-])OC[C@H]1O[C@@H](n2cnc3c(N)ncnc32)[C@H](O)[C@@H]1OP(=O)([O-])[O-])[C@@H](O)C(=O)NCCC(=O)NCCSC(=O)C(=O)[O-]	QVXMZFTWJVBUHP-IBOSZNHHSA-I
P(1),P(3)-bis(5'-adenosyl) triphosphate	Nc1ncnc2c1ncn2[C@@H]1O[C@H](COP(=O)([O-])OP(=O)([O-])OP(=O)([O-])OC[C@H]2O[C@@H](n3cnc4c(N)ncnc43)[C@H](O)[C@@H]2O)[C@@H](O)[C@H]1O	QCICUPZZLIQAPA-XPWFQUROSA-K
P(1),P(4)-bis(5'-adenosyl) tetraphosphate	Nc1ncnc2c1ncn2[C@@H]1O[C@H](COP(=O)([O-])OP(=O)([O-])OP(=O)([O-])OP(=O)([O-])OC[C@H]2O[C@@H](n3cnc4c(N)ncnc43)[C@H](O)[C@@H]2O)[C@@H](O)[C@H]1O	YOAHKNVSNCMZGQ-XPWFQUROSA-J
P(1),P(4)-bis(5'-guanosyl) tetraphosphate	Nc1nc2c(ncn2[C@@H]2O[C@H](COP(=O)([O-])OP(=O)([O-])OP(=O)([O-])OP(=O)([O-])OC[C@H]3O[C@@H](n4cnc5c(=O)[nH]c(N)nc54)[C@H](O)[C@@H]3O)[C@@H](O)[C@H]2O)c(=O)[nH]1	OLGWXCQXRSSQPO-MHARETSRSA-J
P1-(5'-adenosyl),P4-(5'-guanosyl) tetraphosphate	Nc1nc2c(ncn2[C@@H]2O[C@H](COP(=O)(O)OP(=O)(O)OP(=O)(O)OP(=O)(O)OC[C@H]3O[C@@H](n4cnc5c(N)ncnc54)[C@H](O)[C@@H]3O)[C@@H](O)[C@H]2O)c(=O)[nH]1	SJXJAXXRDJWRCR-INFSMZHSSA-N
PRPP	O=P([O-])([O-])OC[C@H]1O[C@H](OP(=O)([O-])OP(=O)([O-])[O-])[C@H](O)[C@@H]1O	PQGCEDQWHSBAJP-TXICZTDVSA-I
Peptide diphthamide	*N[C@@H](Cc1cnc(CC[C@@H](C(=O)[O-])[N+](C)(C)C)n1)C(*)=O	
Peptide diphthine	C[N+](C)(C)[C@@H](CCc1nc(C[C@H](N)C(=O)O)c[nH]1)C(=O)O	CBQVLMCHMFGPMX-UWVGGRQHSA-O
Perillic acid	C=C(C)C1CC=C(C(=O)[O-])CC1	CDSMSBUVCWHORP-UHFFFAOYSA-M
Perillyl aldehyde	C=C(C)[C@@H]1CC=C(C=O)CC1	RUMOYJJNUMEFDD-SNVBAGLBSA-N
Propynoate	C#CC(=O)[O-]	UORVCLMRJXCDCP-UHFFFAOYSA-M
Protein C-terminal S-farnesyl-L-cysteine	*[C@H](N)C(=O)N[C@@H](*)C(=O)N[C@@H](CSC/C=C(\C)CC/C=C(\C)CCC=C(C)C)C(=O)O	
Protein C-terminal S-farnesyl-L-cysteine methyl ester	*[C@H](N)C(=O)N[C@@H](*)C(=O)N[C@@H](CSC/C=C(\C)CC/C=C(\C)CCC=C(C)C)C(=O)OC	
Protein N6-(lipoyl)lysine	*NC(=O)CCCCC1CCSS1	
Protein N6-(octanoyl)lysine	CCCCCCCC(=O)N[*]	
Protein asparagine	[*]N[C@@H](CC(N)=O)C([*])=O	
R-S-Cysteinylglycine	*SC[C@H](N)C(=O)NCC(=O)O	
R-S-glutathione	*SC[C@H](NC(=O)CC[C@H](N)C(=O)O)C(=O)NCC(=O)O	
RX	**	
S(8)-aminomethyldihydrolipoamide	NCSCCC(S)CCCCC(N)=O	KALYVIJGKPJBQV-UHFFFAOYSA-N
S(8)-succinyldihydrolipoamide	NC(=O)CCCCC(S)CCSC(=O)CCC(=O)O	KWKBJWYJJBQOAE-UHFFFAOYSA-N
S-Substituted L-cysteine	[*]SC[C@H](N)C(=O)O	
S-adenosyl-4-methylthio-2-oxobutanoate	C[S+](CCC(=O)C(=O)[O-])C[C@H]1O[C@@H](n2cnc3c(N)ncnc32)[C@H](O)[C@@H]1O	UOKVQQMBGVMXPU-CJPDYEHRSA-N
S-adenosyl-L-homocysteine	Nc1ncnc2c1ncn2[C@@H]1O[C@H](CSCC[C@H](N)C(=O)O)[C@@H](O)[C@H]1O	ZJUKTBDSGOFHSH-WFMPWKQPSA-N
S-adenosyl-L-methionine	C[S+](CC[C@H](N)C(=O)O)C[C@H]1O[C@@H](n2cnc3c(N)ncnc32)[C@H](O)[C@@H]1O	MEFKEPWMEQBLKI-AIRLBKTGSA-O
S-adenosylmethioninamine	C[S+](CCC[NH3+])C[C@H]1O[C@@H](n2cnc3c(N)ncnc32)[C@H](O)[C@@H]1O	ZUNBITIXDCPNSD-LSRJEVITSA-O
S-formylglutathione	[NH3+][C@@H](CCC(=O)N[C@@H](CSC=O)C(=O)NCC(=O)[O-])C(=O)[O-]	FHXAGOICBFGEBF-BQBZGAKWSA-M
S-methyl-5-thio-D-ribulose 1-phosphate	CSC[C@@H](O)[C@@H](O)C(=O)COP(=O)([O-])[O-]	CNSJRYUMVMWNMC-RITPCOANSA-L
S-methyl-5-thio-alpha-D-ribose 1-phosphate	CSC[C@H]1O[C@H](OP(=O)([O-])[O-])[C@H](O)[C@@H]1O	JTFITTQBRJDSTL-KVTDHHQDSA-L
S-methyl-L-methionine	C[S+](C)CC[C@H](N)C(=O)O	YDBYJHTYSHBBAU-YFKPBYRVSA-O
TDP	Cc1ncc(C[n+]2csc(CCOP(=O)([O-])OP(=O)([O-])[O-])c2C)c(N)n1	AYEKOFBPNLCAJY-UHFFFAOYSA-L
THF	Nc1nc2c(c(=O)n1)NC(CNc1ccc(C(=O)N[C@@H](CCC(=O)O)C(=O)O)cc1)CN2	MSTNYGQPCMXVAQ-KIYNQFGBSA-N
TMP	Cc1ncc(C[n+]2csc(CCOP(=O)([O-])[O-])c2C)c(N)n1	HZSAJDVWZRBGIF-UHFFFAOYSA-M
TRX1 disulphide	[*]N[C@@H](CSSC[C@H](N[*])C([*])=O)C([*])=O	
Threo-3-hydroxy-L-aspartate	[NH3+][C@H](C(=O)[O-])[C@H](O)C(=O)[O-]	YYLQUHNPNCGKJQ-LWMBPPNESA-M
UDP	O=c1ccn([C@@H]2O[C@H](COP(=O)([O-])OP(=O)([O-])[O-])[C@@H](O)[C@H]2O)c(=O)[nH]1	XCCTYIAWTASOJW-XVFCMESISA-K
UDP-D-galactose	O=c1ccn([C@@H]2O[C@H](COP(=O)([O-])OP(=O)([O-])OC3O[C@H](CO)[C@H](O)[C@H](O)[C@H]3O)[C@@H](O)[C@H]2O)c(=O)n1	HSCJRCZFDFQWRP-LNYDKVEPSA-L
UDP-D-glucose	O=c1ccn([C@@H]2O[C@H](COP(=O)([O-])OP(=O)([O-])OC3O[C@H](CO)[C@@H](O)[C@H](O)[C@H]3O)[C@@H](O)[C@H]2O)c(=O)n1	HSCJRCZFDFQWRP-RDKQLNKOSA-L
UDP-N-acetyl-alpha-D-glucosamine	CC(=O)N[C@H]1[C@@H](OP(=O)([O-])OP(=O)([O-])OC[C@H]2O[C@@H](n3ccc(=O)[nH]c3=O)[C@H](O)[C@@H]2O)O[C@H](CO)[C@@H](O)[C@@H]1O	LFTYTUAZOPRMMI-CFRASDGPSA-L
UMP	O=c1ccn([C@@H]2O[C@H](COP(=O)([O-])[O-])[C@@H](O)[C@H]2O)c(=O)[nH]1	DJJCXFVJDGTHFX-XVFCMESISA-L
UTP	O=c1ccn([C@@H]2O[C@H](COP(=O)([O-])OP(=O)([O-])OP(=O)([O-])[O-])[C@@H](O)[C@H]2O)c(=O)[nH]1	PGAVKCOVUIYSFO-XVFCMESISA-J
Zn(2+)	[Zn+2]	PTFCDOFLOPIGGS-UHFFFAOYSA-N
[cytochrome c]-L-lysine	*N[C@@H](CCCC[NH3+])C(*)=O	
[cytochrome c]-N6-methyl-L-lysine	C[NH2+]CCCC[C@H](N[*])C([*])=O	
[protein]-L-lysine	*N[C@@H](CCCC[NH3+])C(*)=O	
[protein]-N(6)-acetyl-L-lysine	CC(=O)NCCCC[C@H](N[*])C([*])=O	
acetaldehyde	CC=O	IKHGUXGNUITLKF-UHFFFAOYSA-N
acetate	CC(=O)[O-]	QTBSBXVTEAMEQO-UHFFFAOYSA-M
acetoacetate	CC(=O)CC(=O)[O-]	WDJHALXBUFZDSR-UHFFFAOYSA-M
acetoacetyl-ACP	CC(=O)CC(=O)S[*]	
acetoacetyl-CoA	CC(=O)CC(=O)SCCNC(=O)CCNC(=O)[C@H](O)C(C)(C)COP(=O)([O-])OP(=O)([O-])OC[C@H]1O[C@@H](n2cnc3c(N)ncnc32)[C@H](O)[C@@H]1OP(=O)([O-])[O-]	OJFDKHTZOUZBOS-CITAKDKDSA-J
acetoin	CC(=O)[C@H](C)O	ROWKJAVDOGWPAT-VKHMYHEASA-N
acetyl-ACP	[1*]SC(C)=O	
acetyl-CoA	CC(=O)SCCNC(=O)CCNC(=O)[C@H](O)C(C)(C)COP(=O)([O-])OP(=O)([O-])OC[C@H]1O[C@@H](n2cnc3c(N)ncnc32)[C@H](O)[C@@H]1OP(=O)([O-])[O-]	ZSLZBFCDCINBPY-ZSJPKINUSA-J
acylglycerone phosphate (16:0)	CCCCCCCCCCCCCCCC(=O)OCC(=O)COP(=O)([O-])[O-]	MLWXSIMRTQAWHY-UHFFFAOYSA-L
acylglycerone phosphate (18:0)	CCCCCCCCCCCCCCCCCC(=O)OCC(=O)COP(=O)([O-])[O-]	GTPATKZCXDKGQS-UHFFFAOYSA-L
acylglycerone phosphate (18:1)	CCCCCCCC/C=C\CCCCCCCC(=O)OCC(=O)COP(=O)([O-])[O-]	YZKFNNQAEBNCEN-KTKRTIGZSA-L
adenine	Nc1ncnc2[nH]cnc12	GFFGJBXGBJISGV-UHFFFAOYSA-N
adenosine	Nc1ncnc2c1ncn2[C@@H]1O[C@H](CO)[C@@H](O)[C@H]1O	OIRDTQYFTABQOQ-KQYNXXCUSA-N
adenosine 2'-phosphate	Nc1ncnc2c1ncn2[C@@H]1O[C@H](CO)[C@@H](O)[C@H]1OP(=O)(O)O	QDFHPFSBQFLLSW-KQYNXXCUSA-N
adenosine 3',5'-bismonophosphate	Nc1ncnc2c1ncn2[C@@H]1O[C@H](COP(=O)([O-])[O-])[C@@H](OP(=O)([O-])[O-])[C@H]1O	WHTCPDAXWFLDIH-KQYNXXCUSA-J
adenylo-succinate	O=C([O-])CC(Nc1ncnc2c1ncn2[C@@H]1O[C@H](COP(=O)([O-])[O-])[C@@H](O)[C@H]1O)C(=O)[O-]	OFBHPPMPBOJXRT-DPXQIYNJSA-J
aldehydo-D-ribose 5-phosphate	O=C[C@H](O)[C@H](O)[C@H](O)COP(=O)([O-])[O-]	PPQRONHOSHZGFQ-LMVFSUKVSA-L
alkanesulfonate	[*]CS(=O)(=O)[O-]	AFVFQIVMOAPDHO-UHFFFAOYSA-N
allantoate	NC(=O)NC(NC(N)=O)C(=O)[O-]	NUCLJNSWZCHRKL-UHFFFAOYSA-M
allantoin	NC(=O)NC1NC(=O)NC1=O	POJWUDADGALRAB-UHFFFAOYSA-N
alpha,alpha-trehalose 6-phosphate	O=P([O-])([O-])OC[C@H]1O[C@H](O[C@H]2O[C@H](CO)[C@@H](O)[C@H](O)[C@H]2O)[C@H](O)[C@@H](O)[C@@H]1O	LABSPYBHMPDTEL-LIZSDCNHSA-L
alpha-D-Galactose	OC[C@H]1O[C@H](O)[C@H](O)[C@@H](O)[C@H]1O	WQZGKKKJIJFFOK-PHYPRBDBSA-N
alpha-D-Glucose	OC[C@H]1O[C@H](O)[C@H](O)[C@@H](O)[C@@H]1O	WQZGKKKJIJFFOK-DVKNGEFBSA-N
alpha-D-Glucose 6-phosphate	O=P([O-])([O-])OC[C@H]1O[C@H](O)[C@H](O)[C@@H](O)[C@@H]1O	NBSCHQHZLSJFNQ-DVKNGEFBSA-L
alpha-D-galactose 1-phosphate	O=P([O-])([O-])O[C@H]1O[C@H](CO)[C@H](O)[C@H](O)[C@H]1O	HXXFSFRBOHSIMQ-FPRJBGLDSA-L
alpha-D-glucosamine 1-phosphate	[NH3+][C@H]1[C@@H](OP(=O)([O-])[O-])O[C@H](CO)[C@@H](O)[C@@H]1O	YMJBYRVFGYXULK-QZABAPFNSA-M
alpha-D-glucosamine 6-phosphate	N[C@@H]1[C@@H](O)[C@H](O)[C@@H](COP(=O)(O)O)O[C@@H]1O	XHMJOUIAFHJHBW-UKFBFLRUSA-N
alpha-D-mannopyranose	OC[C@H]1O[C@H](O)[C@@H](O)[C@@H](O)[C@@H]1O	WQZGKKKJIJFFOK-PQMKYFCFSA-N
alpha-D-mannoside	[*]O[C@H]1O[C@H](CO)[C@@H](O)[C@H](O)[C@@H]1O	WQZGKKKJIJFFOK-PQMKYFCFSA-N
alpha-D-mannosyl-beta-D-mannosyldiacetylchitobiosyldiphosphodolichol	CC(=O)N[C@H]1[C@H](O[C@@H]2[C@@H](CO)O[C@H](OP(=O)(O)OP(=O)(O)OCCC(C)CC/C=C(\C)CC/C=C(\C)CC/C=C(\C)CCC=C(C)C)[C@H](NC(C)=O)[C@H]2O)O[C@H](CO)[C@@H](O[C@@H]2O[C@H](CO)[C@@H](O)[C@H](O[C@H]3O[C@H](CO)[C@@H](O)[C@H](O)[C@@H]3O)[C@@H]2O)[C@@H]1O	LXNPFZYOWOXRQK-WPFSCCOBSA-N
alpha-D-ribose 1-phosphate(2-)	O=P([O-])([O-])O[C@H]1O[C@H](CO)[C@@H](O)[C@H]1O	YXJDFQJKERBOBM-TXICZTDVSA-L
alpha-maltotriose	O=C[C@H](O)[C@@H](O)[C@H](O[C@H]1O[C@H](CO)[C@@H](O[C@H]2O[C@H](CO)[C@@H](O)[C@H](O)[C@H]2O)[C@H](O)[C@H]1O)[C@H](O)CO	RXVWSYJTUUKTEA-CGQAXDJHSA-N
aminoacetaldehyde	[NH3+]CC=O	LYIIBVSRGJSHAV-UHFFFAOYSA-O
aminoacetone	CC(=O)C[NH3+]	BCDGQXUMWHRQCB-UHFFFAOYSA-O
aminopropylcadaverine	[NH3+]CCCCC[NH2+]CCC[NH3+]	QZBYOYPROVGOGE-UHFFFAOYSA-Q
ammonium	[NH4+]	QGZKDVFQNNGYKY-UHFFFAOYSA-O
anserine	Cn1cncc1C[C@H](NC(=O)CC[NH3+])C(=O)[O-]	MYYIAHXIVFADCU-QMMMGPOBSA-N
anthranilate	Nc1ccccc1C(=O)[O-]	RWZYAGGXGHYGMB-UHFFFAOYSA-M
arachidate	CCCCCCCCCCCCCCCCCCCC(=O)[O-]	VKOBVWXKNCXXDE-UHFFFAOYSA-M
ascorbate	O=C1O[C@H]([C@@H](O)CO)C([O-])=C1O	CIWBSHSKHKDKBQ-JLAZNSOCSA-M
behenate	CCCCCCCCCCCCCCCCCCCCCC(=O)[O-]	UKMSUNONTOPOIO-UHFFFAOYSA-M
benzaldehyde	O=Cc1ccccc1	HUMNYLRZRPPJDN-UHFFFAOYSA-N
benzil	O=C(C(=O)c1ccccc1)c1ccccc1	WURBFLDFSFBTLW-UHFFFAOYSA-N
benzyl acetate	CC(=O)OCc1ccccc1	QUKGYYKBILRGFE-UHFFFAOYSA-N
benzyl alcohol	OCc1ccccc1	WVDDGKGOMKODPV-UHFFFAOYSA-N
beta-D-Fructose	OC[C@H]1O[C@](O)(CO)[C@@H](O)[C@@H]1O	RFSUNEUAIZKAJO-ARQDHWQXSA-N
beta-D-Fructose 6-phosphate	O=P([O-])([O-])OC[C@H]1O[C@](O)(CO)[C@@H](O)[C@@H]1O	BGWGXPAPYGQALX-ARQDHWQXSA-L
beta-D-Glucose	OC[C@H]1O[C@@H](O)[C@H](O)[C@@H](O)[C@@H]1O	WQZGKKKJIJFFOK-VFUOTHLCSA-N
beta-D-Glucose 6-phosphate	O=P([O-])([O-])OC[C@H]1O[C@@H](O)[C@H](O)[C@@H](O)[C@@H]1O	NBSCHQHZLSJFNQ-VFUOTHLCSA-L
beta-D-fructose 2,6-bisphosphate	O=P([O-])([O-])OC[C@H]1O[C@@](CO)(OP(=O)([O-])[O-])[C@@H](O)[C@@H]1O	YXWOAJXNVLXPMU-ZXXMMSQZSA-J
beta-D-mannosyldiacetylchitobiosyldiphosphodolichol	CC(=O)N[C@H]1[C@H](O[C@@H]2[C@@H](CO)O[C@H](OP(=O)(O)OP(=O)(O)OCCC(C)CC/C=C(\C)CC/C=C(\C)CC/C=C(\C)CCC=C(C)C)[C@H](NC(C)=O)[C@H]2O)O[C@H](CO)[C@@H](O[C@@H]2O[C@H](CO)[C@@H](O)[C@H](O)[C@@H]2O)[C@@H]1O	CMBCFQGXXHOGEH-LSMBNOQWSA-N
beta-alanine	[NH3+]CCC(=O)[O-]	UCMIRNVEIXFBKS-UHFFFAOYSA-N
bicarbonate	O=C([O-])O	BVKZGUZCCUSVTD-UHFFFAOYSA-M
biotin	O=C([O-])CCCC[C@@H]1SC[C@@H]2NC(=O)N[C@H]12	YBJHBAHKTGYVGT-ZKWXMUAHSA-M
biotinyl-5'-AMP	Nc1ncnc2c1ncn2[C@@H]1O[C@H](COP(=O)([O-])OC(=O)CCCC[C@@H]2SC[C@@H]3NC(=O)N[C@H]23)[C@@H](O)[C@H]1O	UTQCSTJVMLODHM-RHCAYAJFSA-M
but-1-ene-1,2,4-tricarboxylic acid	O=C([O-])/C=C(/CCC(=O)[O-])C(=O)[O-]	BJYPZFUWWJSAKC-ARJAWSKDSA-K
but-2-enoyl-CoA	CC=CC(=O)SCCNC(=O)CCNC(=O)[C@H](O)C(C)(C)COP(=O)(O)OP(=O)(O)OC[C@H]1O[C@@H](n2cnc3c(N)ncnc32)[C@H](O)[C@@H]1OP(=O)(O)O	KFWWCMJSYSSPSK-CITAKDKDSA-N
butanoyl-ACP	CCCC(=O)S[*]	
butanoyl-CoA	CCCC(=O)SCCNC(=O)CCNC(=O)[C@H](O)C(C)(C)COP(=O)([O-])OP(=O)([O-])OC[C@H]1O[C@@H](n2cnc3c(N)ncnc32)[C@H](O)[C@@H]1OP(=O)([O-])[O-]	CRFNGMNYKDXRTN-CITAKDKDSA-J
butyrate	CCCC(=O)[O-]	FERIUCNNQQJTOY-UHFFFAOYSA-M
cadaverine	[NH3+]CCCCC[NH3+]	VHRGRCVQAFMJIZ-UHFFFAOYSA-P
cadmium(2+)	[Cd+2]	WLZRMCYVCSSEQC-UHFFFAOYSA-N
carbamoyl phosphate	NC(=O)OP(=O)([O-])[O-]	FFQKYPRQEYGKAF-UHFFFAOYSA-L
carbon dioxide	O=C=O	CURLTUGMZLYLDI-UHFFFAOYSA-N
carboxyacetyl-ACP	[*]SC(=O)CC(=O)O	
cardiolipin (1-16:0, 2-16:1, 3-16:0, 4-16:1)	CCCCCC/C=C\CCCCCCCC(=O)O[C@H](COC(=O)CCCCCCCCCCCCCCC)COP(=O)([O-])OCC(O)COP(=O)([O-])OC[C@@H](COC(=O)CCCCCCCCCCCCCCC)OC(=O)CCCCCCC/C=C\CCCCCC	ZDJOJCREINQZEV-NHBOLZEYSA-L
cardiolipin (1-16:0, 2-16:1, 3-18:0, 4-16:1)	CCCCCC/C=C\CCCCCCCC(=O)O[C@H](COC(=O)CCCCCCCCCCCCCCC)COP(=O)(O)OC[C@H](O)COP(=O)(O)OC[C@@H](COC(=O)CCCCCCCCCCCCCCCCC)OC(=O)CCCCCCC/C=C\CCCCCC	JQSMVOVLPIKMJH-RESPAUMMSA-N
cardiolipin (1-16:1, 2-16:1, 3-16:1, 4-16:1)	CCCCCCC=CCCCCCCCC(=O)OC[C@H](COP(=O)(O)OCC(O)COP(=O)(O)OC[C@@H](COC(=O)CCCCCCCC=CCCCCCC)OC(=O)CCCCCCCC=CCCCCCC)OC(=O)CCCCCCCC=CCCCCCC	UYSHBKYVDAZLKJ-GMUISZSCSA-N
carnosine	NCCC(=O)N[C@@H](Cc1cncn1)C(=O)O	CQOVPNPJLQNMDC-ZETCQYMHSA-N
ceramide-1 (C24)	CCCCCCCCCCCCCCCCCCCCCCCC(=O)N[C@@H](CO)[C@H](O)CCCCCCCCCCCCCCC	BPLYVSYSBPLDOA-WVILEFPPSA-N
ceramide-1 (C26)	CCCCCCCCCCCCCCCCCCCCCCCCCC(=O)N[C@@H](CO)[C@H](O)CCCCCCCCCCCCCCC	NWERZHCPHDHUMO-WZYYJWNZSA-N
ceramide-2 (C24)	CCCCCCCCCCCCCCCCCCCCCCCC(=O)N[C@@H](CO)[C@H](O)[C@H](O)CCCCCCCCCCCCCC	ZESJDNWGTANZCC-LFVSMIGWSA-N
ceramide-2 (C26)	CCCCCCCCCCCCCCCCCCCCCCCCCC(=O)N[C@@H](CO)[C@H](O)[C@H](O)CCCCCCCCCCCCCC	GKRXVCWVXYHWOD-KZRDWULCSA-N
ceramide-2' (C24)	CCCCCCCCCCCCCCCCCCCCCCC(O)C(=O)N[C@@H](CO)[C@H](O)CCCCCCCCCCCCCCC	DGORBCXEWSENPF-MOKHYRRWSA-N
ceramide-2' (C26)	CCCCCCCCCCCCCCCCCCCCCCCCC(O)C(=O)N[C@@H](CO)[C@H](O)CCCCCCCCCCCCCCC	BAZWIFLKHLJIPY-WJYGDXIFSA-N
ceramide-3 (C24)	CCCCCCCCCCCCCCCCCCCCCCC(O)C(=O)N[C@@H](CO)[C@H](O)[C@H](O)CCCCCCCCCCCCCC	ZFUXWVVVWGWGPQ-KGXKBISVSA-N
ceramide-3 (C26)	CCCCCCCCCCCCCCCCCCCCCCCCC(O)C(=O)N[C@@H](CO)[C@H](O)[C@H](O)CCCCCCCCCCCCCC	XNLFLZXNXQVPII-YIWOKQJZSA-N
ceramide-4 (C24)	CCCCCCCCCCCCCCCCCCCCC[C@@H](O)[C@H](O)C(=O)N[C@@H](CO)[C@H](O)[C@H](O)CCCCCCCCCCCCCC	CTYJERKZRBECCL-HBXSEFHESA-N
ceramide-4 (C26)	CCCCCCCCCCCCCCCCCCCCCCC[C@@H](O)[C@H](O)C(=O)N[C@@H](CO)[C@H](O)[C@H](O)CCCCCCCCCCCCCC	IMHKEXOLDHXQAG-SUUDYLNVSA-N
cerotic acid	CCCCCCCCCCCCCCCCCCCCCCCCCC(=O)[O-]	XMHIUKTWLZUKEX-UHFFFAOYSA-M
chitin	CC(=O)N[C@H]1[C@H](O)O[C@H](CO)[C@@H](O)[C@@H]1O	OVRNDRQMDRJTHS-FMDGEEDCSA-N
chitosan	N[C@H]1[C@H](O)O[C@H](CO)[C@@H](O)[C@@H]1O	MSWZFWKMSRAUBD-QZABAPFNSA-N
chloride	[Cl-]	VEXZGXHMUGYJMC-UHFFFAOYSA-M
cholesterol	CC(C)CCC[C@@H](C)[C@H]1CC[C@H]2[C@@H]3CC=C4C[C@@H](O)CC[C@]4(C)[C@H]3CC[C@@]21C	HVYWMOMLDIMFJA-DPAQBDIFSA-N
choline	C[N+](C)(C)CCO	OEYIOHPDSNJKLS-UHFFFAOYSA-N
choline phosphate	C[N+](C)(C)CCOP(=O)([O-])[O-]	YHHSONZFOIEMCP-UHFFFAOYSA-M
chorismate	C=C(O[C@@H]1C=C(C(=O)[O-])C=C[C@H]1O)C(=O)[O-]	WTFXTQVDAKGDEY-HTQZYQBOSA-L
cis-3-Chloroacrylic acid	O=C(O)/C=C\Cl	MHMUCYJKZUZMNJ-UPHRSURJSA-N
cis-3-Chloroallyl aldehyde	O=C/C=C\Cl	ZSOPPQGHWJVKJB-UPHRSURJSA-N
cis-aconitate	O=C([O-])/C=C(/CC(=O)[O-])C(=O)[O-]	GTZCVFVGUGFEME-IWQZZHSRSA-K
cis-dodec-3-enoyl-CoA	CCCCCCCC/C=C\CC(=O)SCCNC(=O)CCNC(=O)[C@H](O)C(C)(C)COP(=O)(O)OP(=O)(O)OC[C@H]1O[C@@H](n2cnc3c(N)ncnc32)[C@H](O)[C@@H]1OP(=O)(O)O	XEMIVMKTVGRFTD-REDSNERGSA-N
cis-hexadec-7-enoyl-CoA	CCCCCCCC/C=C\CCCCCC(=O)SCCNC(=O)CCNC(=O)[C@H](O)C(C)(C)COP(=O)(O)OP(=O)(O)OC[C@H]1O[C@@H](n2cnc3c(N)ncnc32)[C@H](O)[C@@H]1OP(=O)(O)O	MJWMOLDKMBISOB-YDGGZUKGSA-N
cis-tetradec-5-enoyl-CoA	CCCCCCCC/C=C\CCCC(=O)SCCNC(=O)CCNC(=O)[C@H](O)C(C)(C)COP(=O)(O)OP(=O)(O)OC[C@H]1O[C@@H](n2cnc3c(N)ncnc32)[C@H](O)[C@@H]1OP(=O)(O)O	MRVDZOHJMLTLHJ-STFCKWFXSA-N
citrate	O=C([O-])CC(O)(CC(=O)[O-])C(=O)[O-]	KRKNYBCHXYNGOX-UHFFFAOYSA-K
coenzyme A	CC(C)(COP(=O)([O-])OP(=O)([O-])OC[C@H]1O[C@@H](n2cnc3c(N)ncnc32)[C@H](O)[C@@H]1OP(=O)([O-])[O-])[C@@H](O)C(=O)NCCC(=O)NCCS	RGJOEKWQDUBAIZ-IBOSZNHHSA-J
cofactor	C1C2CN(CN2C3=C(N1)N=C(NC3=O)N)C4=CC=C(C=C4)C(=O)NC(CCC(=O)[O-])C(=O)[O-].[Ca+2]	AKUPTUNGFOADRT-ZEDZUCNESA-L
coproporphyrinogen	Cc1c2[nH]c(c1CCC(=O)[O-])Cc1[nH]c(c(CCC(=O)[O-])c1C)Cc1[nH]c(c(CCC(=O)[O-])c1C)Cc1[nH]c(c(C)c1CCC(=O)[O-])C2	NIUVHXTXUXOFEB-UHFFFAOYSA-J
creatinine	CN1CC(=O)NC1=N	DDRJAANPRJIHGJ-UHFFFAOYSA-N
cysteamine	[NH3+]CCS	UFULAYFCSOUIOV-UHFFFAOYSA-O
cysteamine S-phosphate	[NH3+]CCSP(=O)([O-])[O-]	RZPNFYXFSHGGBE-UHFFFAOYSA-M
cytidine	Nc1ccn([C@@H]2O[C@H](CO)[C@@H](O)[C@H]2O)c(=O)n1	UHDGCWIWMRVCDJ-XVFCMESISA-N
cytidine 2'-phosphate	Nc1ccn([C@@H]2O[C@H](CO)[C@@H](O)[C@H]2OP(=O)([O-])[O-])c(=O)n1	YQUAKORMLHPSLZ-XVFCMESISA-L
cytosine	Nc1cc[nH]c(=O)n1	OPTASPLRGRRNAP-UHFFFAOYSA-N
dADP	Nc1ncnc2c1ncn2[C@H]1C[C@H](O)[C@@H](COP(=O)([O-])OP(=O)([O-])[O-])O1	DAEAPNUQQAICNR-RRKCRQDMSA-K
dAMP	Nc1ncnc2c1ncn2[C@H]1C[C@H](O)[C@@H](COP(=O)([O-])[O-])O1	KHWCHTKSEGGWEX-RRKCRQDMSA-L
dATP	Nc1ncnc2c1ncn2[C@H]1C[C@H](O)[C@@H](COP(=O)([O-])OP(=O)([O-])OP(=O)([O-])[O-])O1	SUYVUBYJARFZHO-RRKCRQDMSA-J
dCDP	Nc1ccn([C@H]2C[C@H](O)[C@@H](COP(=O)([O-])OP(=O)([O-])[O-])O2)c(=O)n1	FTDHDKPUHBLBTL-SHYZEUOFSA-K
dCMP	Nc1ccn([C@H]2C[C@H](O)[C@@H](COP(=O)([O-])[O-])O2)c(=O)n1	NCMVOABPESMRCP-SHYZEUOFSA-L
dCTP	Nc1ccn([C@H]2C[C@H](O)[C@@H](COP(=O)([O-])OP(=O)([O-])OP(=O)([O-])[O-])O2)c(=O)n1	RGWHQCVHVJXOKC-SHYZEUOFSA-J
dGDP	Nc1nc2c(ncn2[C@H]2C[C@H](O)[C@@H](COP(=O)([O-])OP(=O)([O-])[O-])O2)c(=O)[nH]1	CIKGWCTVFSRMJU-KVQBGUIXSA-K
dGMP	Nc1nc2c(ncn2[C@H]2C[C@H](O)[C@@H](COP(=O)([O-])[O-])O2)c(=O)[nH]1	LTFMZDNNPPEQNG-KVQBGUIXSA-L
dGTP	Nc1nc2c(ncn2[C@H]2C[C@H](O)[C@@H](COP(=O)([O-])OP(=O)([O-])OP(=O)([O-])[O-])O2)c(=O)[nH]1	HAAZLUGHYHWQIW-KVQBGUIXSA-J
dIDP	O=c1[nH]cnc2c1ncn2[C@H]1C[C@H](O)[C@@H](COP(=O)([O-])OP(=O)([O-])[O-])O1	BKUSIKGSPSFQAC-RRKCRQDMSA-K
dITP	O=c1[nH]cnc2c1ncn2[C@H]1C[C@H](O)[C@@H](COP(=O)([O-])OP(=O)([O-])OP(=O)([O-])[O-])O1	UFJPAQSLHAGEBL-RRKCRQDMSA-J
dTDP	Cc1cn([C@H]2C[C@H](O)[C@@H](COP(=O)([O-])OP(=O)([O-])[O-])O2)c(=O)[nH]c1=O	UJLXYODCHAELLY-XLPZGREQSA-K
dTMP	Cc1cn([C@H]2C[C@H](O)[C@@H](COP(=O)([O-])[O-])O2)c(=O)[nH]c1=O	GYOZYWVXFNDGLU-XLPZGREQSA-L
dTTP	Cc1cn([C@H]2C[C@H](O)[C@@H](COP(=O)([O-])OP(=O)([O-])OP(=O)([O-])[O-])O2)c(=O)[nH]c1=O	NHVNXKFIZYSCEB-XLPZGREQSA-J
dUDP	O=c1ccn([C@H]2C[C@H](O)[C@@H](COP(=O)([O-])OP(=O)([O-])[O-])O2)c(=O)[nH]1	QHWZTVCCBMIIKE-SHYZEUOFSA-K
dUMP	O=c1ccn([C@H]2C[C@H](O)[C@@H](COP(=O)([O-])[O-])O2)c(=O)[nH]1	JSRLJPSBLDHEIO-SHYZEUOFSA-L
dUTP	O=c1ccn([C@H]2C[C@H](O)[C@@H](COP(=O)([O-])OP(=O)([O-])OP(=O)([O-])[O-])O2)c(=O)[nH]1	AHCYMLUZIRLXAA-SHYZEUOFSA-J
deamido-NAD(+)	Nc1ncnc2c1ncn2[C@@H]1O[C@H](COP(=O)(O)OP(=O)(O)OC[C@H]2O[C@@H]([n+]3cccc(C(=O)O)c3)[C@H](O)[C@@H]2O)[C@@H](O)[C@H]1O	SENPVEZBRZQVST-HISDBWNOSA-O
decanoate	CCCCCCCCCC(=O)[O-]	GHVNFZFCNZKVNT-UHFFFAOYSA-M
decanoyl-CoA	CCCCCCCCCC(=O)SCCNC(=O)CCNC(=O)[C@H](O)C(C)(C)COP(=O)([O-])OP(=O)([O-])OC[C@H]1O[C@@H](n2cnc3c(N)ncnc32)[C@H](O)[C@@H]1OP(=O)([O-])[O-]	CNKJPHSEFDPYDB-HSJNEKGZSA-J
decaprenyl diphosphate	CC(C)=CCCC(C)=CCCC(C)=CCCC(C)=CCCC(C)=CCCC(C)=CCCC(C)=CCCC(C)=CCCC(C)=CCCC(C)=CCOP(=O)(O)OP(=O)(O)O	FSCYHDCTHRVSKN-UHFFFAOYSA-N
dehydro-D-arabinono-1,4-lactone	O=C1O[C@H](CO)C([O-])=C1O	ZZZCUOFIHGPKAK-UWTATZPHSA-M
dehydroascorbate	O=C1O[C@H]([C@@H](O)CO)C(=O)C1=O	SBJKKFFYIZUCET-JLAZNSOCSA-N
deoxycytidine	Nc1ccn([C@H]2C[C@H](O)[C@@H](CO)O2)c(=O)n1	CKTSBUTUHBMZGZ-SHYZEUOFSA-N
dethiobiotin	C[C@@H]1NC(=O)N[C@@H]1CCCCCC(=O)[O-]	AUTOLBMXDDTRRT-JGVFFNPUSA-M
diacetyl	CC(=O)C(C)=O	QSJXEFYPDANLFS-UHFFFAOYSA-N
diethyl succinate	CCOC(=O)CCC(=O)OCC	DKMROQRQHGEIOW-UHFFFAOYSA-N
diglyceride (1-16:0, 2-16:1)	CCCCCC/C=C\CCCCCCCC(=O)O[C@@H](CO)COC(=O)CCCCCCCCCCCCCCC	ADLOEVQMJKYKSR-YAIMUBSCSA-N
diglyceride (1-16:0, 2-18:1)	CCCCCC/C=C\CCCCCCCCCC(=O)O[C@@H](CO)COC(=O)CCCCCCCCCCCCCCC	IIEPDWHEGOSXLD-NMYQGLQJSA-N
diglyceride (1-16:1, 2-16:1)	CCCCCC/C=C\CCCCCCCC(=O)OC[C@H](CO)OC(=O)CCCCCCC/C=C\CCCCCC	HSQHRRHRYJNSOC-DWCRPSDDSA-N
diglyceride (1-16:1, 2-18:1)	CCCCCC/C=C\CCCCCCCC(=O)OC[C@H](CO)OC(=O)CCCCCCC/C=C\CCCCCCCC	FWWLDEIJAPIBES-DATDAJMQSA-N
diglyceride (1-18:0, 2-16:1)	CCCCCC/C=C\CCCCCCCC(=O)O[C@@H](CO)COC(=O)CCCCCCCCCCCCCCCCC	WEYCUJKFHUWUDC-BSNNDZOISA-N
diglyceride (1-18:0, 2-18:1)	CCCCCCCC/C=C\CCCCCCCC(=O)O[C@@H](CO)COC(=O)CCCCCCCCCCCCCCCCC	SAEPUUXWQQNLGN-LVVMQYBKSA-N
diglyceride (1-18:1, 2-16:1)	CCCCCC/C=C\CCCCCCCC(=O)O[C@@H](CO)COC(=O)CCCCCCC/C=C\CCCCCCCC	PFIBPRNWUYNCLJ-DATDAJMQSA-N
diglyceride (1-18:1, 2-18:1)	CCCCCCCC/C=C\CCCCCCCC(=O)OC[C@H](CO)OC(=O)CCCCCCC/C=C\CCCCCCCC	AFSHUZFNMVJNKX-LLWMBOQKSA-N
diglyceride backbone	[*]OCC(CO[*])O[*]	
dihydrofolic acid	Nc1nc2c(c(=O)[nH]1)N=C(CNc1ccc(C(=O)N[C@@H](CCC(=O)[O-])C(=O)[O-])cc1)CN2	OZRNSSUDZOLUSN-LBPRGKRZSA-L
dihydrolipoamide	NC(=O)CCCC[C@@H](S)CCS	VLYUGYAKYZETRF-SSDOTTSWSA-N
dihydrolipoylprotein		VLYUGYAKYZETRF-SSDOTTSWSA-N
dihydroxyacetone phosphate	O=C(CO)COP(=O)([O-])[O-]	GNGACRATGGDKBX-UHFFFAOYSA-L
dimethylallyl phosphate	CC(C)=CCOP(=O)([O-])[O-]	MQCJHQBRIPSIKA-UHFFFAOYSA-L
diphosphate	O=P([O-])([O-])OP(=O)([O-])O	XPPKVPWEQAFLFU-UHFFFAOYSA-K
docosanoyl-CoA	CCCCCCCCCCCCCCCCCCCCCC(=O)SCCNC(=O)CCNC(=O)[C@H](O)C(C)(C)COP(=O)(O)OP(=O)(O)OC[C@H]1O[C@@H](n2cnc3c(N)ncnc32)[C@H](O)[C@@H]1OP(=O)(O)O	NDDZLVOCGALPLR-GNSUAQHMSA-N
docosaprenyl diphosphate	CC(C)=CCCC(C)=CCCC(C)=CCCC(C)=CCCC(C)=CCCC(C)=CCCC(C)=CCCC(C)=CCCC(C)=CCCC(C)=CCCC(C)=CCCC(C)=CCCC(C)=CCCC(C)=CCCC(C)=CCCC(C)=CCCC(C)=CCCC(C)=CCCC(C)=CCCC(C)=CCCC(C)=CCCC(C)=CCOP(=O)(O)OP(=O)(O)O	MZSGVQIBVJYUCN-UHFFFAOYSA-N
dodecaprenyl diphosphate	CC(C)=CCCC(C)=CCCC(C)=CCCC(C)=CCCC(C)=CCCC(C)=CCCC(C)=CCCC(C)=CCCC(C)=CCCC(C)=CCCC(C)=CCCC(C)=CCOP(=O)(O)OP(=O)(O)O	WURMRKUXTPWSRM-UHFFFAOYSA-N
dolichol	CC(C)=CCC/C(C)=C/CC/C(C)=C/CC/C(C)=C\CCC(C)CCO	KLGBTYNAYAZPFD-QOLULZROSA-N
dolichyl D-mannosyl phosphate	CC(C)=CCC/C(C)=C/CC/C(C)=C/CC/C(C)=C\CCC(C)CCOP(=O)(O)OC1O[C@H](CO)[C@@H](O)[C@H](O)[C@@H]1O	AGLXCEGQRIYVRV-JJMCDSPESA-N
dolichyl phosphate	CC(C)=CCC/C(C)=C/CC/C(C)=C/CC/C(C)=C\CCC(C)CCOP(=O)(O)O	GYBNOAFGEKAZTA-QOLULZROSA-N
episterol	C=C(CC[C@@H](C)[C@H]1CC[C@H]2C3=CC[C@H]4C[C@@H](O)CC[C@]4(C)[C@H]3CC[C@@]21C)C(C)C	BTCAEOLDEYPGGE-JVAZTMFWSA-N
episteryl oleate	C=C(CC[C@@H](C)[C@H]1CC[C@H]2C3=CC[C@H]4C[C@@H](OC(=O)CCCCCCC/C=C\CCCCCCCC)CC[C@]4(C)[C@H]3CC[C@@]21C)C(C)C	WXTXUXMQBSJEQW-PIJZSGCZSA-N
episteryl palmitoleate	C=C(CC[C@@H](C)[C@H]1CC[C@H]2C3=CC[C@H]4C[C@@H](OC(=O)CCCCCCC/C=C\CCCCCC)CC[C@]4(C)[C@H]3CC[C@@]21C)C(C)C	SYZHHZICOBPDNN-ADJCQIKLSA-N
ergosta-5,7,22,24(28)-tetraen-3beta-ol	C=C(/C=C/[C@@H](C)[C@H]1CC[C@H]2C3=CC=C4C[C@@H](O)CC[C@]4(C)[C@H]3CC[C@@]21C)C(C)C	SQFQJKZSFOZDJY-CVGLIYDESA-N
ergosta-5,7,24(28)-trien-3beta-ol	C=C(CC[C@@H](C)[C@H]1CC[C@H]2C3=CC=C4C[C@@H](O)CC[C@]4(C)[C@H]3CC[C@@]21C)C(C)C	ZEPNVCGPJXYABB-LOIOQLKMSA-N
ergosterol	CC(C)[C@@H](C)/C=C/[C@@H](C)[C@H]1CC[C@H]2C3=CC=C4C[C@@H](O)CC[C@]4(C)[C@H]3CC[C@@]21C	DNVPQKQSNYMLRS-APGDWVJJSA-N
ergosterol 3-beta-D-glucoside	CC(C)[C@@H](C)/C=C/[C@@H](C)[C@H]1CC[C@H]2C3=CC=C4C[C@@H](O[C@@H]5O[C@H](CO)[C@@H](O)[C@H](O)[C@H]5O)CC[C@]4(C)[C@H]3CC[C@@]21C	MKZPNGBJJJZJMI-GBLVNJONSA-N
ergosterol ester backbone	CC(C)[C@@H](C)/C=C/[C@@H](C)[C@H]1CC[C@H]2C3=CC=C4C[C@@H](OC([*])=O)CC[C@]4(C)[C@H]3CC[C@@]21C	
ergosteryl oleate	CCCCCCCC/C=C\CCCCCCCC(=O)O[C@H]1CC[C@@]2(C)C(=CC=C3[C@@H]2CC[C@@]2(C)[C@H]3CC[C@@H]2[C@H](C)/C=C/[C@H](C)C(C)C)C1	VVZNLLXLOKRQPH-NZIRWOIASA-N
ergosteryl palmitoleate	CCCCCC/C=C\CCCCCCCC(=O)O[C@H]1CC[C@@]2(C)C(=CC=C3[C@@H]2CC[C@@]2(C)[C@H]3CC[C@@H]2[C@H](C)/C=C/[C@H](C)C(C)C)C1	YNMORHVGYFUEDW-CPYZXPJNSA-N
erythro-4-hydroxy-L-glutamic acid	N[C@@H](C[C@@H](O)C(=O)O)C(=O)O	HBDWQSHEVMSFGY-STHAYSLISA-N
ethanol	CCO	LFQSCWFLJHTTHZ-UHFFFAOYSA-N
ethanolamine	[NH3+]CCO	HZAXFHJVJLSVMW-UHFFFAOYSA-O
ethyl (2R)-lactate	CCOC(=O)[C@@H](C)O	LZCLXQDLBQLTDK-SCSAIBSYSA-N
ethyl (2S)-lactate	CCOC(=O)[C@H](C)O	LZCLXQDLBQLTDK-BYPYZUCNSA-N
ethyl 2-methylbutyrate	CCOC(=O)C(C)CC	HCRBXQFHJMCTLF-UHFFFAOYSA-N
ethyl acetate	CCOC(C)=O	XEKOWRVHYACXOJ-UHFFFAOYSA-N
ethyl benzoate	CCOC(=O)c1ccccc1	MTZQAGJQAFMTAQ-UHFFFAOYSA-N
ethyl butanoate	CCCC(=O)OCC	OBNCKNCVKJNDBV-UHFFFAOYSA-N
ethyl decanoate	CCCCCCCCCC(=O)OCC	RGXWDWUGBIJHDO-UHFFFAOYSA-N
ethyl hexanoate	CCCCCC(=O)OCC	SHZIWNPUGXLXDT-UHFFFAOYSA-N
ethyl isobutyrate	CCOC(=O)C(C)C	WDAXFOBOLVPGLV-UHFFFAOYSA-N
ethyl octanoate	CCCCCCCC(=O)OCC	YYZUSRORWSJGET-UHFFFAOYSA-N
ethyl propionate	CCOC(=O)CC	FKRCODPIKNYEAC-UHFFFAOYSA-N
ethyl pyruvate	CCOC(=O)C(C)=O	XXRCUYVCPSWGCC-UHFFFAOYSA-N
farnesol	CC(C)=CCC/C(C)=C/CC/C(C)=C/CO	CRDAMVZIKSXKFV-YFVJMOTDSA-N
farnesyl diphosphate	CC(C)=CCC/C(C)=C/CC/C(C)=C/COP(=O)([O-])OP(=O)([O-])[O-]	VWFJDQUYCIWHTN-YFVJMOTDSA-K
fatty acid backbone	[*]C(=O)O	
fecosterol	C=C(CC[C@@H](C)[C@H]1CC[C@H]2C3=C(CC[C@@]21C)[C@@]1(C)CC[C@H](O)C[C@@H]1CC3)C(C)C	SLQKYSPHBZMASJ-QKPORZECSA-N
fecosteryl oleate	C=C(CC[C@@H](C)[C@H]1CC[C@H]2C3=C(CC[C@@]21C)[C@@]1(C)CC[C@H](OC(=O)CCCCCCC/C=C\CCCCCCCC)C[C@@H]1CC3)C(C)C	HMMVQRABXKLEQV-ASZKISFMSA-N
fecosteryl palmitoleate	C=C(CC[C@@H](C)[C@H]1CC[C@H]2C3=C(CC[C@@]21C)[C@@]1(C)CC[C@H](OC(=O)CCCCCCC/C=C\CCCCCC)C[C@@H]1CC3)C(C)C	VXMWPGVHCCYQEO-JKUHGSQXSA-N
ferroheme b	C=CC1=C(C)C2=Cc3c(C=C)c(C)c4n3[Fe-2]35n6c(c(C)c(CCC(=O)[O-])c6=CC6=[N+]3C(=C4)C(C)=C6CCC(=O)[O-])=CC1=[N+]25	KABFMIBPWCXCRK-RGGAHWMASA-J
folate	Nc1nc2ncc(CNc3ccc(C(=O)N[C@@H](CCC(=O)[O-])C(=O)[O-])cc3)nc2c(=O)[nH]1	OVBPIULPVIDEAO-LBPRGKRZSA-L
formaldehyde	C=O	WSFSSNUMVMOOMR-UHFFFAOYSA-N
formate	O=C[O-]	BDAGIHXWWSANSR-UHFFFAOYSA-M
fumarate	O=C([O-])/C=C/C(=O)[O-]	VZCYOOQTPOCHFL-OWOJBTEDSA-L
gamma-aminobutyrate	[NH3+]CCCC(=O)[O-]	BTCSSZJGUNDROE-UHFFFAOYSA-N
geranyl diphosphate	CC(C)=CCC/C(C)=C/COP(=O)([O-])OP(=O)([O-])[O-]	GVVPGTZRZFNKDS-JXMROGBWSA-K
geranylgeranyl diphosphate	CC(C)=CCC/C(C)=C/CC/C(C)=C/CC/C(C)=C/COP(=O)([O-])OP(=O)([O-])[O-]	OINNEUNVOZHBOX-QIRCYJPOSA-K
glutathione	[NH3+][C@@H](CCC(=O)N[C@@H](CS)C(=O)NCC(=O)[O-])C(=O)[O-]	RWSXRVCMGQZWBV-WDSKDSINSA-M
glutathione disulfide	[NH3+][C@@H](CCC(=O)N[C@@H](CSSC[C@H](NC(=O)CC[C@H]([NH3+])C(=O)[O-])C(=O)NCC(=O)[O-])C(=O)NCC(=O)[O-])C(=O)[O-]	YPZRWBKMTBYPTK-BJDJZHNGSA-L
glyceraldehyde 3-phosphate	[H]C(=O)C(O)COP(=O)([O-])[O-]	LXJXRIRHZLFYRP-UHFFFAOYSA-L
glycerol	OCC(O)CO	PEDCQBHIVMGVHV-UHFFFAOYSA-N
glycerol 1-phosphate	O=P([O-])([O-])OCC(O)CO	AWUCVROLDVIAJX-UHFFFAOYSA-L
glycerol 2-phosphate(2-)	O=P([O-])([O-])OC(CO)CO	DHCLVCXQIBBOPH-UHFFFAOYSA-L
glycerol 3-phosphate	O=P([O-])([O-])OC[C@H](O)CO	AWUCVROLDVIAJX-GSVOUGTGSA-L
glycerone	O=C(CO)CO	RXKJFZQQPQGTFL-UHFFFAOYSA-N
glycogen		BYSGBSNPRWKUQH-UJDJLXLFSA-N
glycolaldehyde	O=CCO	WGCNASOHLSPBMP-UHFFFAOYSA-N
glycolate	O=C([O-])CO	AEMRFAOFKBGASW-UHFFFAOYSA-M
glyoxylate	O=CC(=O)[O-]	HHLFWLYXYJOTON-UHFFFAOYSA-M
guanine	Nc1nc2[nH]cnc2c(=O)[nH]1	UYTPUPDQBNUYGX-UHFFFAOYSA-N
guanosine	Nc1nc2c(ncn2[C@@H]2O[C@H](CO)[C@@H](O)[C@H]2O)c(=O)[nH]1	NYHBQMYGNKIUIF-UUOKFMHZSA-N
guanosine 2'-monophosphate	Nc1nc2c(ncn2[C@@H]2O[C@H](CO)[C@@H](O)[C@H]2OP(=O)([O-])[O-])c(=O)[nH]1	WTIFIAZWCCBCGE-UUOKFMHZSA-L
heme a		AGFDAVHVTSYCNW-YRJWGCQVSA-L
heme o		FISPASSVCDRERW-BSMVMXCYSA-L
henicosaprenyl diphosphate	CC(C)=CCCC(C)=CCCC(C)=CCCC(C)=CCCC(C)=CCCC(C)=CCCC(C)=CCCC(C)=CCCC(C)=CCCC(C)=CCCC(C)=CCCC(C)=CCCC(C)=CCCC(C)=CCCC(C)=CCCC(C)=CCCC(C)=CCCC(C)=CCCC(C)=CCCC(C)=CCCC(C)=CCOP(=O)(O)OP(=O)(O)O	BZGGMKNQGHICEP-UHFFFAOYSA-N
heptadecaprenyl diphosphate	CC(C)=CCCC(C)=CCCC(C)=CCCC(C)=CCCC(C)=CCCC(C)=CCCC(C)=CCCC(C)=CCCC(C)=CCCC(C)=CCCC(C)=CCCC(C)=CCCC(C)=CCCC(C)=CCCC(C)=CCCC(C)=CCCC(C)=CCOP(=O)(O)OP(=O)(O)O	ULBHNJNYJOQJSB-UHFFFAOYSA-N
heptaprenyl diphosphate	CC(C)=CCCC(C)=CCCC(C)=CCCC(C)=CCCC(C)=CCCC(C)=CCCC(C)=CCOP(=O)(O)OP(=O)(O)O	LSJLEXWXRKTZAJ-UHFFFAOYSA-N
hexacosanoyl-CoA	CCCCCCCCCCCCCCCCCCCCCCCCCC(=O)SCCNC(=O)CCNC(=O)[C@H](O)C(C)(C)COP(=O)(O)OP(=O)(O)OC[C@H]1O[C@@H](n2cnc3c(N)ncnc32)[C@H](O)[C@@H]1OP(=O)(O)O	FHLYYFPJDVYWQH-CPIGOPAHSA-N
hexadec-2-enoyl-CoA	CCCCCCCCCCCCCC=CC(=O)SCCNC(=O)CCNC(=O)C(C(C)(C)COP(=O)(O)OP(=O)(O)OCC1C(C(C(O1)N2C=NC3=C(N=CN=C32)N)O)OP(=O)(O)O)O	JUPAQFRKPHPXLD-MSHHSVQMSA-N
hexadecanal	CCCCCCCCCCCCCCCC=O	NIOYUNMRJMEDGI-UHFFFAOYSA-N
hexadecaprenyl diphosphate	CC(C)=CCCC(C)=CCCC(C)=CCCC(C)=CCCC(C)=CCCC(C)=CCCC(C)=CCCC(C)=CCCC(C)=CCCC(C)=CCCC(C)=CCCC(C)=CCCC(C)=CCCC(C)=CCCC(C)=CCCC(C)=CCOP(=O)(O)OP(=O)(O)O	TUNIPIPDJADHSR-UHFFFAOYSA-N
hexanoate	CCCCCC(=O)[O-]	FUZZWVXGSFPDMH-UHFFFAOYSA-M
hexanol	CCCCCCO	ZSIAUFGUXNUGDI-UHFFFAOYSA-N
hexanoyl-ACP	CCCCCC(=O)S[*]	
hexanoyl-CoA	CCCCCC(=O)SCCNC(=O)CCNC(=O)[C@H](O)C(C)(C)COP(=O)(O)OP(=O)(O)OC[C@H]1O[C@@H](n2cnc3c(N)ncnc32)[C@H](O)[C@@H]1OP(=O)(O)O	OEXFMSFODMQEPE-HDRQGHTBSA-N
hexaprenyl diphosphate	CC(C)=CCCC(C)=CCCC(C)=CCCC(C)=CCCC(C)=CCCC(C)=CCOP(=O)(O)OP(=O)(O)O	NGFSMHKFTZROKJ-UHFFFAOYSA-N
hexyl acetate	CCCCCCOC(C)=O	AOGQPLXWSUTHQB-UHFFFAOYSA-N
homocitrate	O=C([O-])CCC(O)(CC(=O)[O-])C(=O)[O-]	XKJVEVRQMLKSMO-UHFFFAOYSA-K
homogentisate	O=C([O-])Cc1cc(O)ccc1O	IGMNYECMUMZDDF-UHFFFAOYSA-M
homoisocitrate	O=C([O-])CC[C@H](C(=O)[O-])[C@@H](O)C(=O)[O-]	OEJZZCGRGVFWHK-WVZVXSGGSA-K
hydrogen cyanide	C#N	LELOWRISYMNNSU-UHFFFAOYSA-N
hydrogen peroxide	OO	MHAJPDPJQMAIIY-UHFFFAOYSA-N
hydrogen sulfide	[SH-]	RWSOTUBLDIXVET-UHFFFAOYSA-M
hypotaurine	[NH3+]CCS(=O)[O-]	VVIUBCNYACGLLV-UHFFFAOYSA-N
hypoxanthine	O=c1[nH]cnc2nc[nH]c12	FDGQSTZJBFJUBT-UHFFFAOYSA-N
icosanoyl-CoA	CCCCCCCCCCCCCCCCCCCC(=O)SCCNC(=O)CCNC(=O)[C@H](O)C(C)(C)COP(=O)(O)OP(=O)(O)OC[C@H]1O[C@@H](n2cnc3c(N)ncnc32)[C@H](O)[C@@H]1OP(=O)(O)O	JYLSVNBJLYCSSW-IBYUJNRCSA-N
icosaprenyl diphosphate	CC(C)=CCCC(C)=CCCC(C)=CCCC(C)=CCCC(C)=CCCC(C)=CCCC(C)=CCCC(C)=CCCC(C)=CCCC(C)=CCCC(C)=CCCC(C)=CCCC(C)=CCCC(C)=CCCC(C)=CCCC(C)=CCCC(C)=CCCC(C)=CCCC(C)=CCCC(C)=CCOP(=O)(O)OP(=O)(O)O	KDALOUQNOWKDTH-UHFFFAOYSA-N
indol-3-ylacetaldehyde	O=CCc1c[nH]c2ccccc12	WHOOUMGHGSPMGR-UHFFFAOYSA-N
indole-3-acetate	O=C([O-])Cc1c[nH]c2ccccc12	SEOVTRFCIGRIMH-UHFFFAOYSA-M
indole-3-pyruvate	O=C([O-])C(=O)Cc1c[nH]c2ccccc12	RSTKLPZEZYGQPY-UHFFFAOYSA-M
inosine	OC[C@H]1O[C@@H](n2cnc3c(O)ncnc32)[C@H](O)[C@@H]1O	UGQMRVRMYYASKQ-KQYNXXCUSA-N
inositol phosphomannosylinositol phosphoceramide A (C24)	CCCCCCCCCCCCCCCCCCCCCCCC(=O)N[C@@H](COP(=O)(O)O[C@H]1[C@H](O[C@@H]2O[C@H](COP(=O)(O)O[C@H]3[C@H](O)[C@@H](O)[C@H](O)[C@@H](O)[C@H]3O)[C@@H](O)[C@H](O)[C@@H]2O)[C@@H](O)[C@H](O)[C@@H](O)[C@H]1O)[C@H](O)CCCCCCCCCCCCCCC	JDYOTZJYALHJPI-VREYUTKGSA-N
inositol phosphomannosylinositol phosphoceramide A (C26)	CCCCCCCCCCCCCCCCCCCCCCCCCC(=O)N[C@@H](COP(=O)(O)O[C@@H]1[C@H](O)[C@H](O)[C@@H](O)[C@H](O)[C@H]1OC1O[C@H](COP(=O)(O)O[C@@H]2[C@H](O)[C@H](O)[C@@H](O)[C@H](O)[C@H]2O)[C@@H](O)[C@H](O)[C@@H]1O)[C@H](O)CCCCCCCCCCCCCCC	UWNGTCLGBRQASV-AXTQDXTKSA-N
inositol phosphomannosylinositol phosphoceramide B (C24)	CCCCCCCCCCCCCCCCCCCCCCCC(=O)N[C@@H](COP(=O)(O)O[C@@H]1[C@H](O)[C@H](O)[C@@H](O)[C@H](O)[C@H]1O[C@@H]1O[C@H](COP(=O)(O)O[C@@H]2[C@H](O)[C@H](O)[C@@H](O)[C@H](O)[C@H]2O)[C@@H](O)[C@H](O)[C@@H]1O)[C@H](O)C(O)CCCCCCCCCCCCCC	UGJKYEVDBCDQBN-OGPOPAAKSA-N
inositol phosphomannosylinositol phosphoceramide B (C26)	CCCCCCCCCCCCCCCCCCCCCCCCCC(=O)N[C@@H](COP(=O)(O)O[C@@H]1[C@H](O)[C@H](O)[C@@H](O)[C@H](O)[C@H]1OC1O[C@H](COP(=O)(O)O[C@@H]2[C@H](O)[C@H](O)[C@@H](O)[C@H](O)[C@H]2O)[C@@H](O)[C@H](O)[C@@H]1O)[C@H](O)C(O)CCCCCCCCCCCCCC	KMTRPPDJIYGURJ-JPCXLDSXSA-N
inositol phosphomannosylinositol phosphoceramide B' (C24)	CCCCCCCCCCCCCCCCCCCCCCC(O)C(=O)N[C@@H](COP(=O)(O)O[C@@H]1[C@H](O)[C@H](O)[C@@H](O)[C@H](O)[C@H]1O[C@@H]1O[C@H](COP(=O)(O)O[C@@H]2[C@H](O)[C@H](O)[C@@H](O)[C@H](O)[C@H]2O)[C@@H](O)[C@H](O)[C@@H]1O)[C@H](O)CCCCCCCCCCCCCCC	YIOXLZJXYRDBIN-CZJBKYDDSA-N
inositol phosphomannosylinositol phosphoceramide B' (C26)	CCCCCCCCCCCCCCCCCCCCCCCCC(O)C(=O)N[C@@H](COP(=O)(O)O[C@@H]1[C@H](O)[C@H](O)[C@@H](O)[C@H](O)[C@H]1OC1O[C@H](COP(=O)(O)O[C@@H]2[C@H](O)[C@H](O)[C@@H](O)[C@H](O)[C@H]2O)[C@@H](O)[C@H](O)[C@@H]1O)[C@H](O)CCCCCCCCCCCCCCC	KQAGNTYMDLIIEG-SOZYTLDBSA-N
inositol phosphomannosylinositol phosphoceramide C (C24)	CCCCCCCCCCCCCCCCCCCCCCC(O)C(=O)N[C@@H](COP(=O)(O)O[C@H]1[C@H](O[C@@H]2O[C@H](COP(=O)(O)O[C@H]3[C@H](O)[C@@H](O)[C@H](O)[C@@H](O)[C@H]3O)[C@@H](O)[C@H](O)[C@@H]2O)[C@@H](O)[C@H](O)[C@@H](O)[C@H]1O)[C@H](O)C(O)CCCCCCCCCCCCCC	JNTPDJPEDWWEHF-KWMAHWNISA-N
inositol phosphomannosylinositol phosphoceramide C (C26)	CCCCCCCCCCCCCCCCCCCCCCCCC(O)C(=O)N[C@@H](COP(=O)(O)O[C@H]1[C@H](O)[C@@H](O)[C@H](O)[C@@H](O[C@@H]2O[C@H](COP(=O)(O)O[C@H]3[C@H](O)[C@@H](O)[C@H](O)[C@@H](O)[C@H]3O)[C@@H](O)[C@H](O)[C@@H]2O)[C@H]1O)[C@H](O)[C@H](O)CCCCCCCCCCCCCC	MHASFCCXBKBCFW-DOTAPBNDSA-N
inositol phosphomannosylinositol phosphoceramide D (C24)	CCCCCCCCCCCCCCCCCCCCCC(O)C(O)C(=O)N[C@@H](COP(=O)(O)O[C@H]1[C@H](O[C@@H]2O[C@H](COP(=O)(O)O[C@H]3[C@H](O)[C@@H](O)[C@H](O)[C@@H](O)[C@H]3O)[C@@H](O)[C@H](O)[C@@H]2O)[C@@H](O)[C@H](O)[C@@H](O)[C@H]1O)[C@H](O)C(O)CCCCCCCCCCCCCC	WIOUEBUIPRZJNK-FVMRZCOXSA-N
inositol phosphomannosylinositol phosphoceramide D (C26)	CCCCCCCCCCCCCCCCCCCCCCCC(O)C(O)C(=O)N[C@@H](COP(=O)(O)O[C@@H]1[C@H](O)[C@H](O)[C@@H](O)[C@H](O)[C@H]1OC1O[C@H](COP(=O)(O)O[C@@H]2[C@H](O)[C@H](O)[C@@H](O)[C@H](O)[C@H]2O)[C@@H](O)[C@H](O)[C@@H]1O)[C@H](O)C(O)CCCCCCCCCCCCCC	SQXZQHDWAOQNOP-JPXZCIKDSA-N
inositol phosphomannosylinositol phosphoceramide backbone	[1*][C@@H](O)[C@H](COP(=O)(O)O[C@@H]1[C@H](O)[C@H](O)[C@@H](O)[C@H](O)[C@H]1OC1O[C@H](COP(=O)(O)O[C@@H]2[C@H](O)[C@H](O)[C@@H](O)[C@H](O)[C@H]2O)[C@@H](O)[C@H](O)[C@@H]1O)NC([2*])=O	
inositol-P-ceramide A (C24)	CCCCCCCCCCCCCCCCCCCCCCCC(=O)N[C@@H](COP(=O)([O-])O[C@H]1[C@H](O)[C@@H](O)[C@H](O)[C@@H](O)[C@H]1O)[C@H](O)CCCCCCCCCCCCCCC	SJUUDDANVVUTJD-LOTZUYGHSA-M
inositol-P-ceramide A (C26)	CCCCCCCCCCCCCCCCCCCCCCCCCC(=O)N[C@@H](COP(=O)([O-])O[C@H]1[C@H](O)[C@@H](O)[C@H](O)[C@@H](O)[C@H]1O)[C@H](O)CCCCCCCCCCCCCCC	ORSGBBKDFSRJSQ-PCIXLOPBSA-M
inositol-P-ceramide B (C24)	CCCCCCCCCCCCCCCCCCCCCCCC(=O)N[C@@H](COP(=O)(O)O[C@H]1[C@H](O)[C@@H](O)[C@H](O)[C@@H](O)[C@H]1O)[C@H](O)[C@@H](O)CCCCCCCCCCCCCC	OBGQZGVSCDFIHI-XEABWKLFSA-N
inositol-P-ceramide B (C26)	CCCCCCCCCCCCCCCCCCCCCCCCCC(=O)N[C@@H](COP(=O)(O)O[C@H]1[C@H](O)[C@@H](O)[C@H](O)[C@@H](O)[C@H]1O)[C@H](O)[C@@H](O)CCCCCCCCCCCCCC	ZAWCXEGDYSBAHF-OKCLXCGZSA-N
inositol-P-ceramide B' (C24)	CCCCCCCCCCCCCCCCCCCCCC[C@H](O)C(=O)N[C@@H](COP(=O)(O)O[C@H]1[C@H](O)[C@@H](O)[C@H](O)[C@@H](O)[C@H]1O)[C@H](O)CCCCCCCCCCCCCCC	VNKKSGSHXRHPDZ-LIMFHIGASA-N
inositol-P-ceramide B' (C26)	CCCCCCCCCCCCCCCCCCCCCCCC[C@H](O)C(=O)N[C@@H](COP(=O)([O-])O[C@H]1[C@H](O)[C@@H](O)[C@H](O)[C@@H](O)[C@H]1O)[C@H](O)CCCCCCCCCCCCCCC	XYCNASUKVOVNSX-JZZCRTNLSA-M
inositol-P-ceramide C (C24)	CCCCCCCCCCCCCCCCCCCCCC[C@H](O)C(=O)N[C@@H](COP(=O)(O)O[C@H]1[C@H](O)[C@@H](O)[C@H](O)[C@@H](O)[C@H]1O)[C@H](O)[C@@H](O)CCCCCCCCCCCCCC	WHEIQLYBLPWARO-KKGXJRIFSA-N
inositol-P-ceramide C (C26)	CCCCCCCCCCCCCCCCCCCCCCCC[C@H](O)C(=O)N[C@@H](COP(=O)(O)O[C@H]1[C@H](O)[C@@H](O)[C@H](O)[C@@H](O)[C@H]1O)[C@H](O)[C@@H](O)CCCCCCCCCCCCCC	PMXMKGYRVPAIJJ-CDDTYIOUSA-N
inositol-P-ceramide D (C24)	CCCCCCCCCCCCCCCCCCCCC[C@@H](O)[C@H](O)C(=O)N[C@@H](COP(=O)(O)O[C@H]1[C@H](O)[C@@H](O)[C@H](O)[C@@H](O)[C@H]1O)[C@H](O)[C@H](O)CCCCCCCCCCCCCC	IFSVZMZUQHMLDK-KEMDANTFSA-N
inositol-P-ceramide D (C26)	CCCCCCCCCCCCCCCCCCCCCCC[C@@H](O)[C@H](O)C(=O)N[C@@H](COP(=O)(O)O[C@H]1[C@H](O)[C@@H](O)[C@H](O)[C@@H](O)[C@H]1O)[C@H](O)[C@H](O)CCCCCCCCCCCCCC	BUJDESZERWRJFC-QMPYUXPBSA-N
inositol-P-ceramide backbone	[*]C(=O)N[C@@H](COP(=O)(O)O[C@H]1[C@H](O)[C@@H](O)[C@H](O)[C@@H](O)[C@H]1O)[C@@H]([*])O	
iron(2+)	[Fe+2]	CWYNVVGOOAEACU-UHFFFAOYSA-N
iron(3+)	[Fe+3]	VTLYFUHAOXGGBS-UHFFFAOYSA-N
isoamyl acetate	CC(=O)OCCC(C)C	MLFHJEHSLIIPHL-UHFFFAOYSA-N
isoamylol	CC(C)CCO	PHTQWCKDNZKARW-UHFFFAOYSA-N
isobutanol	CC(C)CO	ZXEKIIBDNHEJCQ-UHFFFAOYSA-N
isobutyl acetate	CC(=O)OCC(C)C	GJRQTCIYDGXPES-UHFFFAOYSA-N
isobutyraldehyde	CC(C)C=O	AMIMRNSIRUDHCM-UHFFFAOYSA-N
isobutyrate	CC(C)C(=O)[O-]	KQNPFQTWMSNSAP-UHFFFAOYSA-M
isocitrate	O=C([O-])CC(C(=O)[O-])C(O)C(=O)[O-]	ODBLHEXUDAPZAU-UHFFFAOYSA-K
isopentenyl diphosphate	C=C(C)CCOP(=O)([O-])OP(=O)([O-])[O-]	NUHSROFQTUXZQQ-UHFFFAOYSA-K
itaconate	C=C(CC(=O)[O-])C(=O)[O-]	LVHBHZANLOWSRM-UHFFFAOYSA-L
itaconyl-CoA	C=C(CC(=O)SCCNC(=O)CCNC(=O)[C@H](O)C(C)(C)COP(=O)([O-])OP(=O)([O-])OC[C@H]1O[C@@H](n2cnc3c(N)ncnc32)[C@H](O)[C@@H]1OP(=O)([O-])[O-])C(=O)[O-]	NFVGYLGSSJPRKW-CITAKDKDSA-I
keto-phenylpyruvate	O=C([O-])C(=O)Cc1ccccc1	BTNMPGBKDVTSJY-UHFFFAOYSA-M
kynurenic acid	O=C([O-])c1cc(O)c2ccccc2n1	HCZHHEIFKROPDY-UHFFFAOYSA-M
lanosterol	CC(C)=CCC[C@@H](C)[C@H]1CC[C@@]2(C)C3=C(CC[C@]12C)[C@@]1(C)CC[C@H](O)C(C)(C)[C@@H]1CC3	CAHGCLMLTWQZNJ-BQNIITSRSA-N
lanosteryl oleate	CCCCCCCC/C=C\CCCCCCCC(=O)O[C@H]1CC[C@]2(C)C3=C(CC[C@H]2C1(C)C)[C@]1(C)CC[C@H]([C@H](C)CCC=C(C)C)[C@@]1(C)CC3	DKYFEOWQCCNWLB-GYZZQDEESA-N
lanosteryl palmitoleate	CCCCCC/C=C\CCCCCCCC(=O)O[C@H]1CC[C@]2(C)C3=C(CC[C@H]2C1(C)C)[C@]1(C)CC[C@H]([C@H](C)CCC=C(C)C)[C@@]1(C)CC3	ZQYLHZCSMYSLQS-MMTWXXDWSA-N
laurate	CCCCCCCCCCCC(=O)[O-]	POULHZVOKOAJMA-UHFFFAOYSA-M
lauroyl-CoA	CCCCCCCCCCCC(=O)SCCNC(=O)CCNC(=O)[C@H](O)C(C)(C)COP(=O)([O-])OP(=O)([O-])OC[C@H]1O[C@@H](n2cnc3c(N)ncnc32)[C@H](O)[C@@H]1OP(=O)([O-])[O-]	YMCXGHLSVALICC-GMHMEAMDSA-J
leukotriene A4	CCCCC/C=C\C/C=C\C=C\C=C\[C@@H]1O[C@H]1CCCC(=O)[O-]	UFPQIRYSPUYQHK-WAQVJNLQSA-M
leukotriene B4	CCCCC/C=C\C[C@@H](O)/C=C/C=C/C=C\[C@@H](O)CCCC(=O)[O-]	VNYSSYRCGWBHLG-AMOLWHMGSA-M
lignoceric acid	CCCCCCCCCCCCCCCCCCCCCCCC(=O)[O-]	QZZGJDVWLFXDLK-UHFFFAOYSA-M
lipoamide	NC(=O)CCCC[C@@H]1CCSS1	FCCDDURTIIUXBY-SSDOTTSWSA-N
lipoylprotein		FCCDDURTIIUXBY-SSDOTTSWSA-N
malonyl-CoA	CC(C)(COP(=O)([O-])OP(=O)([O-])OC[C@H]1O[C@@H](n2cnc3c(N)ncnc32)[C@H](O)[C@@H]1OP(=O)([O-])[O-])[C@@H](O)C(=O)NCCC(=O)NCCSC(=O)CC(=O)[O-]	LTYOQGRJFJAKNA-DVVLENMVSA-I
maltose	OC[C@H]1O[C@H](O[C@@H]2[C@@H](CO)OC(O)[C@H](O)[C@H]2O)[C@H](O)[C@@H](O)[C@@H]1O	GUBGYTABKSRVRQ-PICCSMPSSA-N
mannan		LUEWUZLMQUOBSB-GFVSVBBRSA-N
mannose-(1D-myo-inositol 1-phosphate)2	O=P([O-])([O-])O[C@H]1[C@H](OC2O[C@H](COP(=O)([O-])O[C@H]3[C@H](O)[C@@H](O)[C@H](O)[C@@H](O)[C@H]3O)[C@@H](O)[C@H](O)[C@@H]2O)[C@@H](O)[C@H](O)[C@@H](O)[C@H]1O	DKHMHRQWWQWLAI-PNMGQCLPSA-K
mannose-1D-myo-inositol 1-phosphate	O=P([O-])([O-])O[C@H]1[C@H](OC2O[C@H](CO)[C@@H](O)[C@H](O)[C@@H]2O)[C@@H](O)[C@H](O)[C@@H](O)[C@H]1O	UJXBXUSHOWRLIG-JDLYWALLSA-L
mannosylinositol phosphorylceramide A (C24)	CCCCCCCCCCCCCCCCCCCCCCCC(=O)N[C@@H](COP(=O)(O)O[C@H]1[C@H](O[C@@H]2O[C@H](CO)[C@@H](O)[C@H](O)[C@@H]2O)[C@@H](O)[C@H](O)[C@@H](O)[C@H]1O)[C@H](O)CCCCCCCCCCCCCCC	GZIVPMFXRVKOKZ-YYMTZJTJSA-N
mannosylinositol phosphorylceramide A (C26)	CCCCCCCCCCCCCCCCCCCCCCCCCC(=O)N[C@@H](COP(=O)(O)O[C@H]1[C@H](OC2O[C@H](CO)[C@@H](O)[C@H](O)[C@@H]2O)[C@@H](O)[C@H](O)[C@@H](O)[C@H]1O)[C@H](O)CCCCCCCCCCCCCCC	ULGWLVJPHSVAOJ-MIMKHQOHSA-N
mannosylinositol phosphorylceramide B (C24)	CCCCCCCCCCCCCCCCCCCCCCCC(=O)N[C@@H](COP(=O)(O)O[C@H]1[C@H](O[C@@H]2O[C@H](CO)[C@@H](O)[C@H](O)[C@@H]2O)[C@@H](O)[C@H](O)[C@@H](O)[C@H]1O)[C@H](O)C(O)CCCCCCCCCCCCCC	XALIYEYAGRETKK-YUUNQRIMSA-N
mannosylinositol phosphorylceramide B (C26)	CCCCCCCCCCCCCCCCCCCCCCCCCC(=O)N[C@@H](COP(=O)(O)O[C@H]1[C@H](OC2O[C@H](CO)[C@@H](O)[C@H](O)[C@@H]2O)[C@@H](O)[C@H](O)[C@@H](O)[C@H]1O)[C@H](O)C(O)CCCCCCCCCCCCCC	KMUBDVORXSDBQY-FVBHBDHUSA-N
mannosylinositol phosphorylceramide B' (C24)	CCCCCCCCCCCCCCCCCCCCCC[C@H](O)C(=O)N[C@@H](COP(=O)([O-])O[C@H]1[C@H](O[C@@H]2O[C@H](CO)[C@@H](O)[C@H](O)[C@@H]2O)[C@@H](O)[C@H](O)[C@@H](O)[C@H]1O)[C@H](O)CCCCCCCCCCCCCCC	JANMBMKTOMMZFP-SPFZDKAQSA-M
mannosylinositol phosphorylceramide B' (C26)	CCCCCCCCCCCCCCCCCCCCCCCC[C@H](O)C(=O)N[C@@H](COP(=O)([O-])O[C@H]1[C@H](O[C@@H]2O[C@H](CO)[C@@H](O)[C@H](O)[C@@H]2O)[C@@H](O)[C@H](O)[C@@H](O)[C@H]1O)[C@H](O)CCCCCCCCCCCCCCC	WCPYEFQTGIENAG-JQIRLROXSA-M
mannosylinositol phosphorylceramide C (C24)	CCCCCCCCCCCCCCCCCCCCCC[C@H](O)C(=O)N[C@@H](COP(=O)([O-])O[C@H]1[C@H](O[C@@H]2O[C@H](CO)[C@@H](O)[C@H](O)[C@@H]2O)[C@@H](O)[C@H](O)[C@@H](O)[C@H]1O)[C@H](O)[C@H](O)CCCCCCCCCCCCCC	HVXJHKJMUGDFHR-PQEUPXAUSA-M
mannosylinositol phosphorylceramide C (C26)	CCCCCCCCCCCCCCCCCCCCCCCC[C@H](O)C(=O)N[C@@H](COP(=O)([O-])O[C@H]1[C@H](O[C@@H]2O[C@H](CO)[C@@H](O)[C@H](O)[C@@H]2O)[C@@H](O)[C@H](O)[C@@H](O)[C@H]1O)[C@H](O)[C@H](O)CCCCCCCCCCCCCC	OLOYCUZQMOZKED-VPGYRMTFSA-M
mannosylinositol phosphorylceramide D (C24)	CCCCCCCCCCCCCCCCCCCCCC(O)C(O)C(=O)N[C@@H](COP(=O)(O)O[C@H]1[C@H](O[C@@H]2O[C@H](CO)[C@@H](O)[C@H](O)[C@@H]2O)[C@@H](O)[C@H](O)[C@@H](O)[C@H]1O)[C@H](O)C(O)CCCCCCCCCCCCCC	YQMSFXBUDJRUEI-OZMZHQNZSA-N
mannosylinositol phosphorylceramide D (C26)	CCCCCCCCCCCCCCCCCCCCCCC[C@@H](O)[C@H](O)C(=O)N[C@@H](COP(=O)([O-])O[C@H]1[C@H](OC2O[C@H](CO)[C@@H](O)[C@H](O)[C@@H]2O)[C@@H](O)[C@H](O)[C@@H](O)[C@H]1O)[C@H](O)[C@H](O)CCCCCCCCCCCCCC	CDDZETQXNQBXOI-MKKPDJAXSA-M
mannosylinositol phosphorylceramide backbone	[*]C(=O)N[C@@H](COP(=O)(O)O[C@H]1[C@H](OC2O[C@H](CO)[C@@H](O)[C@H](O)[C@@H]2O)[C@@H](O)[C@H](O)[C@@H](O)[C@H]1O)[C@@H]([*])O	
melibiose	OC[C@H]1O[C@H](OC[C@H]2OC(O)[C@H](O)[C@@H](O)[C@@H]2O)[C@H](O)[C@@H](O)[C@H]1O	DLRVVLDZNNYCBX-ABXHMFFYSA-N
meso-2,3-butanediol	C[C@H](O)[C@@H](C)O	OWBTYPJTUOEWEK-ZXZARUISSA-N
methanethiol	CS	LSDPWZHWYPCBBB-UHFFFAOYSA-N
methanol	CO	OKKJLVBELUTLKV-UHFFFAOYSA-N
methional	CSCCC=O	CLUWOWRTHNNBBU-UHFFFAOYSA-N
methionol	CSCCCO	CZUGFKJYCPYHHV-UHFFFAOYSA-N
methionyl acetate	CC(=O)OCCCSC	LPZQTNIAYMRVMF-UHFFFAOYSA-N
methyl alpha-D-glucopyranoside	CO[C@H]1O[C@H](CO)[C@@H](O)[C@H](O)[C@H]1O	HOVAGTYPODGVJG-ZFYZTMLRSA-N
methylglyoxal	CC(=O)C=O	AIJULSRZWUXGPQ-UHFFFAOYSA-N
monoethyl succinate	CCOC(=O)CCC(=O)O	LOLKAJARZKDJTD-UHFFFAOYSA-N
myo-inositol	O[C@H]1[C@H](O)[C@@H](O)[C@H](O)[C@@H](O)[C@H]1O	CDAISMWEOUEBRE-GPIVLXJGSA-N
myo-inositol 1,3,4,5,6-pentakisphosphate	O=P([O-])([O-])O[C@H]1[C@@H](O)[C@@H](OP(=O)([O-])[O-])[C@H](OP(=O)([O-])[O-])[C@@H](OP(=O)([O-])[O-])[C@@H]1OP(=O)([O-])[O-]	CTPQAXVNYGZUAJ-KXXVROSKSA-D
myo-inositol hexakisphosphate	O=P([O-])([O-])O[C@H]1[C@H](OP(=O)([O-])[O-])[C@@H](OP(=O)([O-])[O-])[C@H](OP(=O)([O-])[O-])[C@@H](OP(=O)([O-])[O-])[C@H]1OP(=O)([O-])[O-]	IMQLKJBTEOYOSI-GPIVLXJGSA-B
myristate	CCCCCCCCCCCCCC(=O)[O-]	TUNFSRHWOTWDNC-UHFFFAOYSA-M
myristoyl-CoA	CCCCCCCCCCCCCC(=O)SCCNC(=O)CCNC(=O)[C@H](O)C(C)(C)COP(=O)([O-])OP(=O)([O-])OC[C@H]1O[C@@H](n2cnc3c(N)ncnc32)[C@H](O)[C@@H]1OP(=O)([O-])[O-]	DUAFKXOFBZQTQE-QSGBVPJFSA-J
nicotinamide	NC(=O)c1cccnc1	DFPAKSUCGFBDDF-UHFFFAOYSA-N
nicotinamide riboside	NC(=O)c1ccc[n+]([C@@H]2O[C@H](CO)[C@@H](O)[C@H]2O)c1	JLEBZPBDRKPWTD-TURQNECASA-O
nicotinate	O=C([O-])c1cccnc1	PVNIIMVLHYAWGP-UHFFFAOYSA-M
nicotinic acid D-ribonucleotide	O=C([O-])c1ccc[n+]([C@@H]2O[C@H](COP(=O)([O-])[O-])[C@@H](O)[C@H]2O)c1	JOUIQRNQJGXQDC-ZYUZMQFOSA-L
nitrate	O=[N+]([O-])[O-]	NHNBFGGVMKEFGY-UHFFFAOYSA-N
nitric oxide	[N]=O	MWUXSHHQAYIFBG-UHFFFAOYSA-N
nonadecaprenyl diphosphate	CC(C)=CCCC(C)=CCCC(C)=CCCC(C)=CCCC(C)=CCCC(C)=CCCC(C)=CCCC(C)=CCCC(C)=CCCC(C)=CCCC(C)=CCCC(C)=CCCC(C)=CCCC(C)=CCCC(C)=CCCC(C)=CCCC(C)=CCCC(C)=CCCC(C)=CCOP(=O)(O)OP(=O)(O)O	FYEGCRWKXQFQDE-UHFFFAOYSA-N
nonaprenyl 4-hydroxybenzoate	CC(C)=CCC/C(C)=C/CC/C(C)=C/CC/C(C)=C/CC/C(C)=C/CC/C(C)=C/CC/C(C)=C/CC/C(C)=C/CC/C(C)=C/COC(=O)c1ccc(O)cc1	YIXNPXUQGCNFPX-RTPSYSNVSA-N
nonaprenyl diphosphate	[H]C(CCC(C)=C([H])CCC(C)=C([H])CCC(C)=C([H])CCC(C)=C([H])CCC(C)=C([H])CCC(C)=C([H])CCC(C)=C([H])COP(=O)(O)OP(=O)(O)O)=C(C)CCC=C(C)C	IVLBHBFTRNVIAP-UHFFFAOYSA-N
octadecaprenyl diphosphate	CC(C)=CCCC(C)=CCCC(C)=CCCC(C)=CCCC(C)=CCCC(C)=CCCC(C)=CCCC(C)=CCCC(C)=CCCC(C)=CCCC(C)=CCCC(C)=CCCC(C)=CCCC(C)=CCCC(C)=CCCC(C)=CCCC(C)=CCCC(C)=CCOP(=O)(O)OP(=O)(O)O	WNICBRGZOCTJGZ-UHFFFAOYSA-N
octanoate	CCCCCCCC(=O)[O-]	WWZKQHOCKIZLMA-UHFFFAOYSA-M
octanoyl-ACP	CCCCCCCC(=O)S[*]	
octanoyl-CoA	CCCCCCCC(=O)SCCNC(=O)CCNC(=O)[C@H](O)C(C)(C)COP(=O)(O)OP(=O)(O)OC[C@H]1O[C@@H](n2cnc3c(N)ncnc32)[C@H](O)[C@@H]1OP(=O)(O)O	KQMZYOXOBSXMII-CECATXLMSA-N
octaprenyl diphosphate	CC(C)=CCC/C(C)=C/CC/C(C)=C/CC/C(C)=C/CC/C(C)=C/CC/C(C)=C/CC/C(C)=C/CC/C(C)=C/COP(=O)([O-])OP(=O)([O-])[O-]	IKKLDISSULFFQO-DJMILUHSSA-K
oleate	CCCCCCCC/C=C\CCCCCCCC(=O)[O-]	ZQPPMHVWECSIRJ-KTKRTIGZSA-M
oleoyl-CoA	CCCCCCCC/C=C\CCCCCCCC(=O)SCCNC(=O)CCNC(=O)[C@H](O)C(C)(C)COP(=O)([O-])OP(=O)([O-])OC[C@H]1O[C@@H](n2cnc3c(N)ncnc32)[C@H](O)[C@@H]1OP(=O)([O-])[O-]	XDUHQPOXLUAVEE-BPMMELMSSA-J
ornithine	[NH3+]CCCC([NH3+])C(=O)[O-]	AHLPHDHHMVZTML-UHFFFAOYSA-O
orotate	O=C([O-])c1cc(=O)[nH]c(=O)[nH]1	PXQPEWDEAKTCGB-UHFFFAOYSA-M
orotidine 5'-(dihydrogen phosphate)	O=C([O-])c1cc(=O)[nH]c(=O)n1[C@@H]1O[C@H](COP(=O)([O-])[O-])[C@@H](O)[C@H]1O	KYOBSHFOBAOFBF-XVFCMESISA-K
oxaloacetate	O=C([O-])CC(=O)C(=O)[O-]	KHPXUQMNIQBQEV-UHFFFAOYSA-L
oxygen	O=O	MYMOFIZGZYHOMD-UHFFFAOYSA-N
p-cumic aldehyde	CC(C)c1ccc(C=O)cc1	WTWBUQJHJGUZCY-UHFFFAOYSA-N
palmitate	CCCCCCCCCCCCCCCC(=O)[O-]	IPCSVZSSVZVIGE-UHFFFAOYSA-M
palmitoleate	CCCCCC/C=C\CCCCCCCC(=O)[O-]	SECPZKHBENQXJG-FPLPWBNLSA-M
palmitoleoyl-CoA(4-)	CCCCCC/C=C\CCCCCCCC(=O)SCCNC(=O)CCNC(=O)[C@H](O)C(C)(C)COP(=O)([O-])OP(=O)([O-])OC[C@H]1O[C@@H](n2cnc3c(N)ncnc32)[C@H](O)[C@@H]1OP(=O)([O-])[O-]	QBYOCCWNZAOZTL-MDMKAECGSA-J
palmitoyl-CoA	CCCCCCCCCCCCCCCC(=O)SCCNC(=O)CCNC(=O)[C@H](O)C(C)(C)COP(=O)([O-])OP(=O)([O-])OC[C@H]1O[C@@H](n2cnc3c(N)ncnc32)[C@H](O)[C@@H]1OP(=O)([O-])[O-]	MNBKLUUYKPBKDU-BBECNAHFSA-J
pantetheine 4'-phosphate	CC(C)(COP(=O)([O-])[O-])[C@@H](O)C(=O)NCCC(=O)NCCS	JDMUPRLRUUMCTL-VIFPVBQESA-L
pectin		AEMOLEFTQBMNLQ-DTEWXJGMSA-N
pentadecaprenyl diphosphate	CC(C)=CCCC(C)=CCCC(C)=CCCC(C)=CCCC(C)=CCCC(C)=CCCC(C)=CCCC(C)=CCCC(C)=CCCC(C)=CCCC(C)=CCCC(C)=CCCC(C)=CCCC(C)=CCCC(C)=CCOP(=O)(O)OP(=O)(O)O	LVNQDRCBLMBUSX-UHFFFAOYSA-N
pentaprenyl diphosphate	[H]C(CCC(C)=C([H])CCC(C)=C([H])CCC(C)=C([H])COP(=O)(O)OP(=O)(O)O)=C(C)CCC=C(C)C	JMVSBFJBMXQNJW-UHFFFAOYSA-N
phenethyl acetate	CC(=O)OCCc1ccccc1	MDHYEMXUFSJLGV-UHFFFAOYSA-N
phenylacetaldehyde	O=CCc1ccccc1	DTUQWGWMVIHBKE-UHFFFAOYSA-N
phenylacetic acid	O=C([O-])Cc1ccccc1	WLJVXDMOQOGPHL-UHFFFAOYSA-M
phosphate	O=P([O-])([O-])O	NBIIXXVUZAFLBC-UHFFFAOYSA-L
phosphatidate	[*]C(=O)OCC(COP(=O)(O)O)OC([*])=O	
phosphatidate (1-16:0, 2-16:1)	CCCCCC/C=C\CCCCCCCC(=O)O[C@H](COC(=O)CCCCCCCCCCCCCCC)COP(=O)([O-])[O-]	SCNLPRDASXIFJK-BSAOHMCWSA-L
phosphatidate (1-16:0, 2-18:1)	[H][C@@](COC(=O)CCCCCCCCCCCCCCC)(COP(=O)(O)O)OC(=O)CCCCCCC/C=C\CCCCCCCC	OPVZUEPSMJNLOM-QEJMHMKOSA-N
phosphatidate (1-16:1, 2-16:1)	CCCCCC/C=C\CCCCCCCC(=O)OC[C@H](COP(=O)([O-])[O-])OC(=O)CCCCCCC/C=C\CCCCCC	YLDMPBGXNLGSQO-BFEVMTRQSA-L
phosphatidate (1-16:1, 2-18:1)	CCCCCC/C=C\CCCCCCCC(=O)OC[C@H](COP(=O)([O-])[O-])OC(=O)CCCCCCC/C=C\CCCCCCCC	HDXXGJAGUJYVES-YFFVWHPVSA-L
phosphatidate (1-18:0, 2-16:1)	CCCCCC/C=C\CCCCCCCC(=O)O[C@H](COC(=O)CCCCCCCCCCCCCCCCC)COP(=O)([O-])[O-]	NLVQCMNLQFFKPE-WMHOIYFHSA-L
phosphatidate (1-18:0, 2-18:1)	CCCCCCCC/C=C\CCCCCCCC(=O)O[C@H](COC(=O)CCCCCCCCCCCCCCCCC)COP(=O)([O-])[O-]	HHMKVXGZZUOMHM-XZRWTQCASA-L
phosphatidate (1-18:1, 2-16:1)	CCCCCC/C=C\CCCCCCCC(=O)O[C@H](COC(=O)CCCCCCC/C=C\CCCCCCCC)COP(=O)([O-])[O-]	ABDVMXLJKAKVKI-YFFVWHPVSA-L
phosphatidate (1-18:1, 2-18:1)	CCCCCCCC/C=C\CCCCCCCC(=O)OC[C@H](COP(=O)(O)O)OC(=O)CCCCCCC/C=C\CCCCCCCC	MHUWZNTUIIFHAS-DSSVUWSHSA-N
phosphatidyl-L-serine (1-16:0, 2-16:1)	CCCCCC/C=C\CCCCCCCC(=O)O[C@H](COC(=O)CCCCCCCCCCCCCCC)COP(=O)(O)OC[C@H](N)C(=O)O	SQYNOJCBJMSMAA-DPQCVDONSA-N
phosphatidyl-L-serine (1-16:0, 2-18:1)	CCCCCCCC/C=C\CCCCCCCC(=O)O[C@H](COC(=O)CCCCCCCCCCCCCCC)COP(=O)(O)OC[C@H](N)C(=O)O	OIWCYIUQAVBPGV-DAQGAKHBSA-N
phosphatidyl-L-serine (1-16:1, 2-16:1)	CCCCCC/C=C\CCCCCCCC(=O)OC[C@H](COP(=O)([O-])OC[C@H]([NH3+])C(=O)[O-])OC(=O)CCCCCCC/C=C\CCCCCC	SYAYTZJXUCQTMJ-XOZMKWGESA-M
phosphatidyl-L-serine (1-16:1, 2-18:1)	CCCCCC/C=C\CCCCCCCC(=O)OC[C@H](COP(=O)(O)OC[C@H](N)C(=O)O)OC(=O)CCCCCCC/C=C\CCCCCCCC	ISTSBKDAWNZURU-KQQJSZDRSA-N
phosphatidyl-L-serine (1-18:0, 2-16:1)	CCCCCC/C=C\CCCCCCCC(=O)O[C@H](COC(=O)CCCCCCCCCCCCCCCCC)COP(=O)(O)OC[C@H](N)C(=O)O	BWQAJZLCZFRDSD-FQGNUJBYSA-N
phosphatidyl-L-serine (1-18:0, 2-18:1)	CCCCCCCC/C=C\CCCCCCCC(=O)O[C@H](COC(=O)CCCCCCCCCCCCCCCCC)COP(=O)([O-])OC[C@H]([NH3+])C(=O)[O-]	AJFWREUFUPEYII-PAHWMLEVSA-M
phosphatidyl-L-serine (1-18:1, 2-16:1)	CCCCCC/C=C\CCCCCCCC(=O)O[C@H](COC(=O)CCCCCCC/C=C\CCCCCCCC)COP(=O)([O-])OC[C@H]([NH3+])C(=O)[O-]	JSCZUPSIMWRJHP-KQQJSZDRSA-M
phosphatidyl-L-serine (1-18:1, 2-18:1)	CCCCCCCC/C=C\CCCCCCCC(=O)OC[C@H](COP(=O)([O-])OC[C@H]([NH3+])C(=O)[O-])OC(=O)CCCCCCC/C=C\CCCCCCCC	WTBFLCSPLLEDEM-JIDRGYQWSA-M
phosphatidyl-L-serine backbone	[*]C(=O)OCC(COP(=O)(O)OC[C@H](N)C(=O)O)OC([*])=O	
phosphatidyl-N,N-dimethylethanolamine (1-18:1, 2-18:1)	CCCCCCCC/C=C\CCCCCCCC(=O)OC[C@H](COP(=O)([O-])OCC[NH+](C)C)OC(=O)CCCCCCC/C=C\CCCCCCCC	XHPZRQBHFOVLEJ-UNUIOPIBSA-N
phosphatidyl-N-methylethanolamine (1-18:1, 2-18:1)	CCCCCCCC/C=C\CCCCCCCC(=O)OC[C@H](COP(=O)([O-])OCC[NH2+]C)OC(=O)CCCCCCC/C=C\CCCCCCCC	LPXFOQGBESUDAX-NLEYBKGJSA-N
phosphatidylcholine (1-16:0, 2-16:1)	C[N+](C)(C)CCOP(=O)([O-])OC[C@@H](COC([*])=O)OC([*])=O	
phosphatidylcholine (1-16:0, 2-18:1)	C[N+](C)(C)CCOP(=O)([O-])OC[C@@H](COC([*])=O)OC([*])=O	
phosphatidylcholine (1-16:1, 2-16:1)	CCCCCC/C=C\CCCCCCCC(=O)OC[C@H](COP(=O)([O-])OCC[N+](C)(C)C)OC(=O)CCCCCCC/C=C\CCCCCC	GPWHCUUIQMGELX-VHQDNGOZSA-N
phosphatidylcholine (1-16:1, 2-18:1)	CCCCCC/C=C\CCCCCCCC(=O)OC[C@H](COP(=O)([O-])OCC[N+](C)(C)C)OC(=O)CCCCCCC/C=C\CCCCCCCC	ZRCWDIULNHKQRD-RWGOWQMXSA-N
phosphatidylcholine (1-18:0, 2-16:1)	CCCCCC/C=C\CCCCCCCC(=O)O[C@H](COC(=O)CCCCCCCCCCCCCCCCC)COP(=O)([O-])OCC[N+](C)(C)C	QRSPNOMDLRZDPG-QCFYSATCSA-N
phosphatidylcholine (1-18:0, 2-18:1)	CCCCCCCC/C=C\CCCCCCCC(=O)O[C@H](COC(=O)CCCCCCCCCCCCCCCCC)COP(=O)([O-])OCC[N+](C)(C)C	ATHVAWFAEPLPPQ-VRDBWYNSSA-N
phosphatidylcholine (1-18:1, 2-16:1)	CCCCCC/C=C\CCCCCCCC(=O)O[C@H](COC(=O)CCCCCCC/C=C\CCCCCCCC)COP(=O)([O-])OCC[N+](C)(C)C	QJZAWHQVXYMEQR-RWGOWQMXSA-N
phosphatidylcholine (1-18:1, 2-18:1)	CCCCCCCC/C=C\CCCCCCCC(=O)OC[C@H](COP(=O)([O-])OCC[N+](C)(C)C)OC(=O)CCCCCCC/C=C\CCCCCCCC	SNKAWJBJQDLSFF-NVKMUCNASA-N
phosphatidylcholine backbone	C[N+](C)(C)CCOP(=O)(O)OCC(COC([*])=O)OC([*])=O	
phosphatidylethanolamine (1-16:0, 2-16:1)	[*]C(=O)OC[C@H](COP(=O)(O)OCCN)OC([*])=O	
phosphatidylethanolamine (1-16:0, 2-18:1)	[*]C(=O)OC[C@H](COP(=O)(O)OCCN)OC([*])=O	
phosphatidylethanolamine (1-16:1, 2-16:1)	CCCCCC/C=C\CCCCCCCC(=O)OC[C@H](COP(=O)(O)OCCN)OC(=O)CCCCCCC/C=C\CCCCCC	PGPMCWZMPPZJML-NAFNZUQFSA-N
phosphatidylethanolamine (1-16:1, 2-18:1)	[*]C(=O)OCC(COP(=O)(O)OCCN)OC([*])=O	
phosphatidylethanolamine (1-18:0, 2-16:1)	[*]C(=O)OC[C@H](COP(=O)(O)OCCN)OC([*])=O	
phosphatidylethanolamine (1-18:0, 2-18:1)	[*]C(=O)OC[C@H](COP(=O)(O)OCCN)OC([*])=O	
phosphatidylethanolamine (1-18:1, 2-16:1)	CCCCCC/C=C\CCCCCCCC(=O)O[C@H](COC(=O)CCCCCCC/C=C\CCCCCCCC)COP(=O)([O-])OCC[NH3+]	UIELPOKGTOHFNL-AVWHJSSGSA-N
phosphatidylethanolamine (1-18:1, 2-18:1)	[*]C(=O)OC[C@H](COP(=O)(O)OCCN)OC([*])=O	
phosphatidylethanolamine backbone	[*]C(=O)OCC(COP(=O)(O)OCCN)OC([*])=O	
phosphatidylglycerol (1-16:0, 2-16:1)	[*]C(=O)OCC(COP(=O)(O)OCC(O)CO)OC([*])=O	
phosphatidylglycerol (1-16:0, 2-18:1)	CCCCCCCC/C=C\CCCCCCCC(=O)O[C@H](COC(=O)CCCCCCCCCCCCCCC)COP(=O)(O)OCC(O)CO	PAZGBAOHGQRCBP-DDDNOICHSA-N
phosphatidylglycerol (1-16:1, 2-18:1)	CCCCCC/C=C\CCCCCCCC(=O)O[C@H](COC(=O)CCCCCCC/C=C\CCCCCCCC)COP(=O)(O)OC[C@@H](O)CO	QGIXWNRQEFVVRM-GDNUZSQHSA-N
phosphatidylglycerol (1-18:0, 2-16:1)	CCCCCC/C=C\CCCCCCCC(=O)O[C@H](COC(=O)CCCCCCCCCCCCCCCCC)COP(=O)(O)OC[C@@H](O)CO	IPJKIWYVQGPZEW-QCMQKWBUSA-N
phosphatidylglycerol (1-18:1, 2-16:1)	CCCCCC/C=C\CCCCCCCC(=O)OC[C@H](COP(=O)(O)OC[C@@H](O)CO)OC(=O)CCCCCCC/C=C\CCCCCCCC	VCYYBLIRAQBPTM-GDNUZSQHSA-N
phosphoenolpyruvate	C=C(OP(=O)([O-])[O-])C(=O)[O-]	DTBNBXWJWCWCIK-UHFFFAOYSA-K
phosphoribosyl-carboxy-aminoimidazole	Nc1c(C(=O)[O-])ncn1[C@@H]1O[C@H](COP(=O)([O-])[O-])[C@@H](O)[C@H]1O	XFVULMDJZXYMSG-ZIYNGMLESA-K
phosphoribosyl-formamido-carboxamide	NC(=O)c1ncn([C@@H]2O[C@H](COP(=O)([O-])[O-])[C@@H](O)[C@H]2O)c1NC=O	ABCOOORLYAOBOZ-KQYNXXCUSA-L
phytosphingosine	CCCCCCCCCCCCCC[C@@H](O)[C@@H](O)[C@@H](N)CO	AERBNCYCJBRYDG-KSZLIROESA-N
phytosphingosine 1-phosphate	CCCCCCCCCCCCCC[C@@H](O)[C@@H](O)[C@@H](N)COP(=O)(O)O	AYGOSKULTISFCW-KSZLIROESA-N
pimeloyl-CoA	CC(C)(COP(=O)([O-])OP(=O)([O-])OC[C@H]1O[C@@H](n2cnc3c(N)ncnc32)[C@H](O)[C@@H]1OP(=O)([O-])[O-])[C@@H](O)C(=O)NCCC(=O)NCCSC(=O)CCCCCC(=O)[O-]	LYCRXMTYUZDUGA-UYRKPTJQSA-I
polyphosphate	O=P([O-])([O-])O	NBIIXXVUZAFLBC-UHFFFAOYSA-L
polysulphur	S=S=S	NVSDADJBGGUCLP-UHFFFAOYSA-N
porphobilinogen	[NH3+]Cc1[nH]cc(CCC(=O)[O-])c1CC(=O)[O-]	QSHWIQZFGQKFMA-UHFFFAOYSA-M
porphyrin	C1=Cc2cc3ccc(cc4nc(cc5ccc(cc1n2)[nH]5)C=C4)[nH]3	RKCAIXNGYQCCAL-CEVVSZFKSA-N
potassium	[K]	ZLMJMSJWJFRBEC-UHFFFAOYSA-N
precorrin-2	C[C@@]1(CC(=O)[O-])/C2=C/c3[nH]c(c(CCC(=O)[O-])c3CC(=O)[O-])Cc3[nH]c(c(CC(=O)[O-])c3CCC(=O)[O-])/C=C3\[NH2+]/C(=C\C(=N2)[C@H]1CCC(=O)[O-])[C@@](C)(CC(=O)[O-])[C@@H]3CCC(=O)[O-]	OQIIYZQTTMKFAU-ZNLOQLQNSA-G
prenyl diphosphate(3-)	CC(C)=CCOP(=O)([O-])OP(=O)([O-])[O-]	CBIDRCWHNCKSTO-UHFFFAOYSA-K
prephenate	O=C([O-])C(=O)C[C@]1(C(=O)[O-])C=C[C@@H](O)C=C1	FPWMCUPFBRFMLH-XGAOUMNUSA-L
preuroporphyrinogen	O=C([O-])CCc1c[nH]c(Cc2[nH]c(Cc3[nH]c(Cc4[nH]c(CO)c(CC(=O)[O-])c4CCC(=O)[O-])c(CC(=O)[O-])c3CCC(=O)[O-])c(CC(=O)[O-])c2CCC(=O)[O-])c1CC(=O)[O-]	WDFJYRZCZIUBPR-UHFFFAOYSA-F
propanal	CCC=O	NBBJYMSMWIIQGU-UHFFFAOYSA-N
propanol	CCCO	BDERNNFJNOPAEC-UHFFFAOYSA-N
propionate	CCC(=O)O	XBDQKXXYIPTUBI-UHFFFAOYSA-N
propionyl-CoA	CCCCCCCC(=O)SCCNC(=O)CCNC(=O)[C@H](O)C(C)(C)COP(=O)([O-])OP(=O)([O-])OC[C@H]1O[C@@H](n2cnc3c(N)ncnc32)[C@H](O)[C@@H]1OP(=O)([O-])[O-]	KQMZYOXOBSXMII-CECATXLMSA-J
propyl acetate	CCCOC(C)=O	YKYONYBAUNKHLG-UHFFFAOYSA-N
protoporphyrin	C=CC1=C(C)c2cc3[n-]c(cc4nc(cc5[n-]c(cc1n2)c(C)c5CCC(=O)O)C(CCC(=O)O)=C4C)c(C)c3C=C	PRFMATRBBQRQBM-UJJXFSCMSA-L
protoporphyrinogen	C=Cc1c2[nH]c(c1C)Cc1[nH]c(c(CCC(=O)[O-])c1C)Cc1[nH]c(c(C)c1CCC(=O)[O-])Cc1[nH]c(c(C)c1C=C)C2	UHSGPDMIQQYNAX-UHFFFAOYSA-L
pseudouridine 5'-phosphate	O=c1[nH]cc([C@@H]2O[C@H](COP(=O)([O-])[O-])[C@@H](O)[C@H]2O)c(=O)[nH]1	MOBMOJGXNHLLIR-GBNDHIKLSA-L
putrescine	[NH3+]CCCC[NH3+]	KIDHWZJUCRJVML-UHFFFAOYSA-P
pyridoxal	Cc1ncc(CO)c(C=O)c1O	RADKZDMFGJYCBB-UHFFFAOYSA-N
pyridoxal 5'-phosphate	Cc1ncc(COP(=O)([O-])[O-])c(C=O)c1O	NGVDGCNFYWLIFO-UHFFFAOYSA-L
pyridoxamine	Cc1ncc(CO)c(C[NH3+])c1O	NHZMQXZHNVQTQA-UHFFFAOYSA-O
pyridoxamine 5'-phosphate	Cc1ncc(COP(=O)([O-])[O-])c(C[NH3+])c1O	ZMJGSOSNSPKHNH-UHFFFAOYSA-M
pyridoxine	Cc1ncc(CO)c(CO)c1O	LXNHXLLTXMVWPM-UHFFFAOYSA-N
pyridoxine 5'-phosphate	Cc1ncc(COP(=O)([O-])[O-])c(CO)c1O	WHOMFKWHIQZTHY-UHFFFAOYSA-L
pyruvate	CC(=O)C(=O)[O-]	LCTONWCANYUPML-UHFFFAOYSA-M
quinaldic acid	O=C([O-])c1ccc2ccccc2n1	LOAUVZALPPNFOQ-UHFFFAOYSA-M
quinolinate	O=C([O-])c1cccnc1C(=O)[O-]	GJAWHXHKYYXBSV-UHFFFAOYSA-L
quinone	O=C1C=CC(=O)C=C1	AZQWKYJCGOJGHM-UHFFFAOYSA-N
raffinose	OC[C@H]1O[C@@](CO)(O[C@H]2O[C@H](CO[C@H]3O[C@H](CO)[C@H](O)[C@H](O)[C@H]3O)[C@@H](O)[C@H](O)[C@H]2O)[C@@H](O)[C@@H]1O	MUPFEKGTMRGPLJ-ZQSKZDJDSA-N
riboflavin	Cc1cc2nc3c(=O)[n-]c(=O)nc-3n(C[C@H](O)[C@H](O)[C@H](O)CO)c2cc1C	AUNGANRZJHBGPY-SCRDCRAPSA-M
ribonucleoside 5'-phosphate	[*][C@@H]1O[C@H](COP(=O)([O-])[O-])[C@@H](O)[C@H]1O	
ribonucleoside 5'-triphosphate	[*][C@@H]1O[C@H](COP(=O)([O-])OP(=O)([O-])OP(=O)([O-])[O-])[C@@H](O)[C@H]1O	
ribose-5-phosphate	O=P(O)(O)OC[C@H]1O[C@H](O)[C@H](O)[C@@H]1O	KTVPXOYAKDPRHY-AIHAYLRMSA-N
sedoheptulose 1,7-bisphosphate	O=C(COP(=O)([O-])[O-])[C@@H](O)[C@H](O)[C@H](O)[C@H](O)COP(=O)([O-])[O-]	OKHXOUGRECCASI-SHUUEZRQSA-J
sedoheptulose 7-phosphate	O=C(CO)[C@@H](O)[C@H](O)[C@H](O)[C@H](O)COP(=O)([O-])[O-]	JDTUMPKOJBQPKX-GBNDHIKLSA-L
shikimate	O=C([O-])C1=C[C@@H](O)[C@@H](O)[C@H](O)C1	JXOHGGNKMLTUBP-HSUXUTPPSA-M
siroheme	C[C@@]1(CC(=O)[O-])C2=CC3=[N+]4C(=Cc5c(CCC(=O)[O-])c(CC(=O)[O-])c6n5[Fe-2]45N2C(=CC2=[N+]5C(=C6)[C@@H](CCC(=O)[O-])[C@]2(C)CC(=O)[O-])[C@H]1CCC(=O)[O-])C(CCC(=O)[O-])=C3CC(=O)[O-]	DLKSSIHHLYNIKN-QIISWYHFSA-D
sirohydrochlorin	C[C@@]1(CC(=O)[O-])c2cc3[nH]c(cc4nc(cc5[nH]c(cc(n2)[C@H]1CCC(=O)[O-])[C@@](C)(CC(=O)[O-])[C@@H]5CCC(=O)[O-])C(CC(=O)[O-])=C4CCC(=O)[O-])c(CCC(=O)[O-])c3CC(=O)[O-]	KWIZRXMMFRBUML-AHGFGAHVSA-F
sn-2-acyl-1-lysophosphatidylinositol (16:1)	CCCCCC/C=C\CCCCCCCC(=O)O[C@H](CO)COP(=O)(O)O[C@H]1[C@H](O)[C@@H](O)[C@H](O)[C@@H](O)[C@H]1O	PEWKZKILLSBVNX-YUCDOUPMSA-N
sn-glycero-3-phosphocholine	C[N+](C)(C)CCOP(=O)([O-])OC[C@H](O)CO	SUHOQUVVVLNYQR-MRVPVSSYSA-N
sn-glycero-3-phosphoethanolamine	NCCOP(=O)(O)OC[C@@H](O)CO	JZNWSCPGTDBMEW-YFKPBYRVSA-N
sn-glycero-3-phosphoserine	N[C@@H](COP(=O)(O)OC[C@H](O)CO)C(=O)O	ZWZWYGMENQVNFU-UHNVWZDZSA-N
sodium	[Na]	KEAYESYHFKHZAL-UHFFFAOYSA-N
spermidine	[NH3+]CCCC[NH2+]CCC[NH3+]	ATHGHQPFGPMSJY-UHFFFAOYSA-Q
spermine	[NH3+]CCC[NH2+]CCCC[NH2+]CCC[NH3+]	PFNFFQXMRSDOHW-UHFFFAOYSA-R
sphinganine	CCCCCCCCCCCCCCC[C@@H](O)[C@@H]([NH3+])CO	OTKJDMGTUTTYMP-ZWKOTPCHSA-O
sphinganine 1-phosphate	CCCCCCCCCCCCCCC[C@@H](O)[C@@H]([NH3+])COP(=O)([O-])[O-]	YHEDRJPUIRMZMP-ZWKOTPCHSA-M
squalene	CC(C)=CCC/C(C)=C/CC/C(C)=C/CC/C=C(\C)CC/C=C(\C)CCC=C(C)C	YYGNTYWPHWGJRM-AAJYLUCBSA-N
stachyose	OC[C@H]1O[C@@](CO)(O[C@H]2O[C@H](CO[C@H]3O[C@H](CO[C@H]4O[C@H](CO)[C@H](O)[C@H](O)[C@H]4O)[C@H](O)[C@H](O)[C@H]3O)[C@@H](O)[C@H](O)[C@H]2O)[C@@H](O)[C@@H]1O	UQZIYBXSHAGNOE-XNSRJBNMSA-N
stearate	CCCCCCCCCCCCCCCCCC(=O)[O-]	QIQXTHQIDYTFRH-UHFFFAOYSA-M
stearoyl-CoA	CCCCCCCCCCCCCCCCCC(=O)SCCNC(=O)CCNC(=O)[C@H](O)C(C)(C)COP(=O)([O-])OP(=O)([O-])OC[C@H]1O[C@@H](n2cnc3c(N)ncnc32)[C@H](O)[C@@H]1OP(=O)([O-])[O-]	SIARJEKBADXQJG-LFZQUHGESA-J
sterols	CC12CCC3C(CCC4CC(O)CCC43C)C1CCC2[*]	FPXSXMFOYWRHDX-UHFFFAOYSA-N
succinate	O=C([O-])CCC(=O)[O-]	KDYFGRWQOYBRFD-UHFFFAOYSA-L
succinic semialdehyde	O=CCCC(=O)[O-]	UIUJIQZEACWQSV-UHFFFAOYSA-M
succinyl-CoA	CC(C)(COP(=O)([O-])OP(=O)([O-])OC[C@H]1O[C@@H](n2cnc3c(N)ncnc32)[C@H](O)[C@@H]1OP(=O)([O-])[O-])[C@@H](O)C(=O)NCCC(=O)NCCSC(=O)CCC(=O)[O-]	VNOYUJKHFWYWIR-ITIYDSSPSA-I
sucrose	OC[C@H]1O[C@H](O[C@]2(CO)O[C@H](CO)[C@@H](O)[C@@H]2O)[C@H](O)[C@@H](O)[C@@H]1O	CZMRCDWAGMRECN-UGDNZRGBSA-N
sulphate	O=S(=O)([O-])[O-]	QAOWNCQODCNURD-UHFFFAOYSA-L
sulphite	O=S([O-])O	LSNNMFCWUKXFEE-UHFFFAOYSA-M
superoxide	[O][O-]	MXDZWXWHPVATGF-UHFFFAOYSA-N
tRNA(Ala)	[*]OP(=O)([O-])OC[C@H]1O[C@@H](n2ccc(N)nc2=O)[C@H](O)[C@@H]1OP(=O)([O-])OC[C@H]1O[C@@H](n2ccc(N)nc2=O)[C@H](O)[C@@H]1OP(=O)([O-])OC[C@H]1O[C@@H](n2cnc3c(N)ncnc32)[C@H](O)[C@@H]1O	
tRNA(Arg)	[*]OP(=O)([O-])OC[C@H]1O[C@@H](n2ccc(N)nc2=O)[C@H](O)[C@@H]1OP(=O)([O-])OC[C@H]1O[C@@H](n2ccc(N)nc2=O)[C@H](O)[C@@H]1OP(=O)([O-])OC[C@H]1O[C@@H](n2cnc3c(N)ncnc32)[C@H](O)[C@@H]1O	
tRNA(Asn)	[*]OP(=O)([O-])OC[C@H]1O[C@@H](n2ccc(N)nc2=O)[C@H](O)[C@@H]1OP(=O)([O-])OC[C@H]1O[C@@H](n2ccc(N)nc2=O)[C@H](O)[C@@H]1OP(=O)([O-])OC[C@H]1O[C@@H](n2cnc3c(N)ncnc32)[C@H](O)[C@@H]1O	
tRNA(Asp)	[*]OP(=O)([O-])OC[C@H]1O[C@@H](n2ccc(N)nc2=O)[C@H](O)[C@@H]1OP(=O)([O-])OC[C@H]1O[C@@H](n2ccc(N)nc2=O)[C@H](O)[C@@H]1OP(=O)([O-])OC[C@H]1O[C@@H](n2cnc3c(N)ncnc32)[C@H](O)[C@@H]1O	
tRNA(Cys)	[*]OP(=O)([O-])OC[C@H]1O[C@@H](n2ccc(N)nc2=O)[C@H](O)[C@@H]1OP(=O)([O-])OC[C@H]1O[C@@H](n2ccc(N)nc2=O)[C@H](O)[C@@H]1OP(=O)([O-])OC[C@H]1O[C@@H](n2cnc3c(N)ncnc32)[C@H](O)[C@@H]1O	
tRNA(Gln)	[*]OP(=O)([O-])OC[C@H]1O[C@@H](n2ccc(N)nc2=O)[C@H](O)[C@@H]1OP(=O)([O-])OC[C@H]1O[C@@H](n2ccc(N)nc2=O)[C@H](O)[C@@H]1OP(=O)([O-])OC[C@H]1O[C@@H](n2cnc3c(N)ncnc32)[C@H](O)[C@@H]1O	
tRNA(Glu)	[*]OP(=O)([O-])OC[C@H]1O[C@@H](n2ccc(N)nc2=O)[C@H](O)[C@@H]1OP(=O)([O-])OC[C@H]1O[C@@H](n2ccc(N)nc2=O)[C@H](O)[C@@H]1OP(=O)([O-])OC[C@H]1O[C@@H](n2cnc3c(N)ncnc32)[C@H](O)[C@@H]1O	
tRNA(Gly)	[*]OP(=O)([O-])OC[C@H]1O[C@@H](n2ccc(N)nc2=O)[C@H](O)[C@@H]1OP(=O)([O-])OC[C@H]1O[C@@H](n2ccc(N)nc2=O)[C@H](O)[C@@H]1OP(=O)([O-])OC[C@H]1O[C@@H](n2cnc3c(N)ncnc32)[C@H](O)[C@@H]1O	
tRNA(His)	[*]OP(=O)([O-])OC[C@H]1O[C@@H](n2ccc(N)nc2=O)[C@H](O)[C@@H]1OP(=O)([O-])OC[C@H]1O[C@@H](n2ccc(N)nc2=O)[C@H](O)[C@@H]1OP(=O)([O-])OC[C@H]1O[C@@H](n2cnc3c(N)ncnc32)[C@H](O)[C@@H]1O	
tRNA(Ile)	[*]OP(=O)([O-])OC[C@H]1O[C@@H](n2ccc(N)nc2=O)[C@H](O)[C@@H]1OP(=O)([O-])OC[C@H]1O[C@@H](n2ccc(N)nc2=O)[C@H](O)[C@@H]1OP(=O)([O-])OC[C@H]1O[C@@H](n2cnc3c(N)ncnc32)[C@H](O)[C@@H]1O	
tRNA(Leu)	[*]OP(=O)([O-])OC[C@H]1O[C@@H](n2ccc(N)nc2=O)[C@H](O)[C@@H]1OP(=O)([O-])OC[C@H]1O[C@@H](n2ccc(N)nc2=O)[C@H](O)[C@@H]1OP(=O)([O-])OC[C@H]1O[C@@H](n2cnc3c(N)ncnc32)[C@H](O)[C@@H]1O	
tRNA(Lys)	[*]OP(=O)([O-])OC[C@H]1O[C@@H](n2ccc(N)nc2=O)[C@H](O)[C@@H]1OP(=O)([O-])OC[C@H]1O[C@@H](n2ccc(N)nc2=O)[C@H](O)[C@@H]1OP(=O)([O-])OC[C@H]1O[C@@H](n2cnc3c(N)ncnc32)[C@H](O)[C@@H]1O	
tRNA(Met)	[*]OP(=O)([O-])OC[C@H]1O[C@@H](n2ccc(N)nc2=O)[C@H](O)[C@@H]1OP(=O)([O-])OC[C@H]1O[C@@H](n2ccc(N)nc2=O)[C@H](O)[C@@H]1OP(=O)([O-])OC[C@H]1O[C@@H](n2cnc3c(N)ncnc32)[C@H](O)[C@@H]1O	
tRNA(Phe)	[*]OP(=O)([O-])OC[C@H]1O[C@@H](n2ccc(N)nc2=O)[C@H](O)[C@@H]1OP(=O)([O-])OC[C@H]1O[C@@H](n2ccc(N)nc2=O)[C@H](O)[C@@H]1OP(=O)([O-])OC[C@H]1O[C@@H](n2cnc3c(N)ncnc32)[C@H](O)[C@@H]1O	
tRNA(Pro)	[*]OP(=O)([O-])OC[C@H]1O[C@@H](n2ccc(N)nc2=O)[C@H](O)[C@@H]1OP(=O)([O-])OC[C@H]1O[C@@H](n2ccc(N)nc2=O)[C@H](O)[C@@H]1OP(=O)([O-])OC[C@H]1O[C@@H](n2cnc3c(N)ncnc32)[C@H](O)[C@@H]1O	
tRNA(Ser)	[*]OP(=O)([O-])OC[C@H]1O[C@@H](n2ccc(N)nc2=O)[C@H](O)[C@@H]1OP(=O)([O-])OC[C@H]1O[C@@H](n2ccc(N)nc2=O)[C@H](O)[C@@H]1OP(=O)([O-])OC[C@H]1O[C@@H](n2cnc3c(N)ncnc32)[C@H](O)[C@@H]1O	
tRNA(Thr)	[*]OP(=O)([O-])OC[C@H]1O[C@@H](n2ccc(N)nc2=O)[C@H](O)[C@@H]1OP(=O)([O-])OC[C@H]1O[C@@H](n2ccc(N)nc2=O)[C@H](O)[C@@H]1OP(=O)([O-])OC[C@H]1O[C@@H](n2cnc3c(N)ncnc32)[C@H](O)[C@@H]1O	
tRNA(Trp)	[*]OP(=O)([O-])OC[C@H]1O[C@@H](n2ccc(N)nc2=O)[C@H](O)[C@@H]1OP(=O)([O-])OC[C@H]1O[C@@H](n2ccc(N)nc2=O)[C@H](O)[C@@H]1OP(=O)([O-])OC[C@H]1O[C@@H](n2cnc3c(N)ncnc32)[C@H](O)[C@@H]1O	
tRNA(Tyr)	[*]OP(=O)([O-])OC[C@H]1O[C@@H](n2ccc(N)nc2=O)[C@H](O)[C@@H]1OP(=O)([O-])OC[C@H]1O[C@@H](n2ccc(N)nc2=O)[C@H](O)[C@@H]1OP(=O)([O-])OC[C@H]1O[C@@H](n2cnc3c(N)ncnc32)[C@H](O)[C@@H]1O	
tRNA(Val)	[*]OP(=O)([O-])OC[C@H]1O[C@@H](n2ccc(N)nc2=O)[C@H](O)[C@@H]1OP(=O)([O-])OC[C@H]1O[C@@H](n2ccc(N)nc2=O)[C@H](O)[C@@H]1OP(=O)([O-])OC[C@H]1O[C@@H](n2cnc3c(N)ncnc32)[C@H](O)[C@@H]1O	
taurine	[NH3+]CCS(=O)(=O)[O-]	XOAAWQZATWQOTB-UHFFFAOYSA-N
taurocholate	C[C@H](CCC(=O)NCCS(=O)(=O)[O-])[C@H]1CC[C@H]2[C@H]3[C@H](C[C@H](O)[C@@]21C)[C@@]1(C)CC[C@@H](O)C[C@H]1C[C@H]3O	WBWWGRHZICKQGZ-HZAMXZRMSA-M
taurocholic acid	C[C@H](CCC(=O)NCCS(=O)(=O)[O-])[C@H]1CC[C@H]2[C@H]3[C@H](C[C@H](O)[C@@]21C)[C@@]1(C)CC[C@@H](O)C[C@H]1C[C@H]3O	WBWWGRHZICKQGZ-HZAMXZRMSA-M
tetracosanoyl-CoA	CCCCCCCCCCCCCCCCCCCCCCCC(=O)SCCNC(=O)CCNC(=O)[C@H](O)C(C)(C)COP(=O)(O)OP(=O)(O)OC[C@H]1O[C@@H](n2cnc3c(N)ncnc32)[C@H](O)[C@@H]1OP(=O)(O)O	MOYMQYZWIUKGGY-JBKAVQFISA-N
tetradecaprenyl diphosphate	CC(C)=CCCC(C)=CCCC(C)=CCCC(C)=CCCC(C)=CCCC(C)=CCCC(C)=CCCC(C)=CCCC(C)=CCCC(C)=CCCC(C)=CCCC(C)=CCCC(C)=CCCC(C)=CCOP(=O)(O)OP(=O)(O)O	WHKGBQNORGVQHY-UHFFFAOYSA-N
tetrahydropteroyltri-L-glutamic acid	Nc1nc2c(c(=O)[nH]1)N[C@@H](CNc1ccc(C(=O)N[C@@H](CCC(=O)N[C@@H](CCC(=O)N[C@@H](CCC(=O)[O-])C(=O)[O-])C(=O)[O-])C(=O)[O-])cc1)CN2	RXWVHRYZTWZATH-XSLAGTTESA-J
tetrathionate	O=S(=O)([O-])SSS(=O)(=O)[O-]	HPQYKCJIWQFJMS-UHFFFAOYSA-L
thiamine	Cc1ncc(C[n+]2csc(CCO)c2C)c(N)n1	JZRWCGZRTZMZEH-UHFFFAOYSA-N
thiamine(1+) triphosphate(4-)	Cc1ncc(C[n+]2csc(CCOP(=O)([O-])OP(=O)([O-])OP(=O)([O-])[O-])c2C)c(N)n1	IWLROWZYZPNOFC-UHFFFAOYSA-K
thiocyanate	N#CS	ZMZDMBWJUHKJPS-UHFFFAOYSA-N
thiosulfate		DHCDFWKWKRSZHF-UHFFFAOYSA-M
thymidine	Cc1cn([C@H]2C[C@H](O)[C@@H](CO)O2)c(=O)[nH]c1=O	IQFYYKKMVGJFEH-XLPZGREQSA-N
thymidine 3'-monophosphate	Cc1cn([C@H]2C[C@H](OP(=O)([O-])[O-])[C@@H](CO)O2)c(=O)[nH]c1=O	XXYIANZGUOSQHY-XLPZGREQSA-L
thymidine 5'-monophosphate		GYOZYWVXFNDGLU-XLPZGREQSA-N
thymine	Cc1c[nH]c(=O)[nH]c1=O	RWQNBRDOKXIBIV-UHFFFAOYSA-N
trans-2,cis-7-hexadecadienoyl-CoA	CCCCCCCC/C=C\CCC/C=C/C(=O)SCCNC(=O)CCNC(=O)[C@H](O)C(C)(C)COP(=O)(O)OP(=O)(O)OC[C@H]1O[C@@H](n2cnc3c(N)ncnc32)[C@H](O)[C@@H]1OP(=O)(O)O	YQARRKBGBKPBCX-DVZFGLDUSA-N
trans-2,cis-7-tetradecadienoyl-CoA	CCCCCCCC/C=C\C/C=C/C(=O)SCCNC(=O)CCNC(=O)[C@H](O)C(C)(C)COP(=O)(O)OP(=O)(O)OC[C@H]1O[C@@H](n2cnc3c(N)ncnc32)[C@H](O)[C@@H]1OP(=O)(O)O	JVEFYXPCQBMMAA-ZMLWRGBOSA-N
trans-2,cis-9-hexadecadienoyl-CoA	CCCCCC/C=C\CCCCC/C=C/C(=O)SCCNC(=O)CCNC(=O)[C@H](O)C(C)(C)COP(=O)([O-])OP(=O)([O-])OC[C@H]1O[C@@H](n2cnc3c(N)ncnc32)[C@H](O)[C@@H]1OP(=O)([O-])[O-]	BEQWCBBSKHMRCA-HENMZMGOSA-J
trans-2,cis-9-octadecadienoyl-CoA	CCCCC/C=C\C/C=C\CCCCCCCC(=O)SCCNC(=O)CCNC(=O)[C@H](O)C(C)(C)COP(=O)(O)OP(=O)(O)OC[C@H]1O[C@@H](n2cnc3c(N)ncnc32)[C@H](O)[C@@H]1OP(=O)(O)O	YECLLIMZHNYFCK-RRNJGNTNSA-N
trans-2,trans-4-dodecadienoyl-CoA	CCCCC/C=C\C/C=C\CC(=O)SCCNC(=O)CCNC(=O)[C@H](O)C(C)(C)COP(=O)(O)OP(=O)(O)OC[C@H]1O[C@@H](n2cnc3c(N)ncnc32)[C@H](O)[C@@H]1OP(=O)(O)O	KEPSPLQXVPROMK-ASJCJLDXSA-N
trans-2,trans-4-tetradecadienoyl-CoA	CCCCCCCCC/C=C/C=C/C(=O)SCCNC(=O)CCNC(=O)[C@H](O)C(C)(C)COP(=O)([O-])OP(=O)([O-])OC[C@H]1O[C@@H](n2cnc3c(N)ncnc32)[C@H](O)[C@@H]1OP(=O)([O-])[O-]	ULOGSHZMDLRQRY-INBGBNCRSA-J
trans-3,cis-5-dodecadienoyl-CoA	CCCCCC/C=C\C=C\CC(=O)SCCNC(=O)CCNC(=O)[C@H](O)C(C)(C)COP(=O)(O)OP(=O)(O)OC[C@H]1O[C@@H](n2cnc3c(N)ncnc32)[C@H](O)[C@@H]1OP(=O)(O)O	ARQUZFJQPYWSSL-IAMYAYMBSA-N
trans-3,cis-5-tetradecadienoyl-CoA	CCCCCCCC/C=C\C=C\CC(=O)SCCNC(=O)CCNC(=O)[C@H](O)C(C)(C)COP(=O)(O)OP(=O)(O)OC[C@H]1O[C@@H](n2cnc3c(N)ncnc32)[C@H](O)[C@@H]1OP(=O)(O)O	QADUDNMSWUFMGZ-ROGIYNEGSA-N
trans-3-Chloroacrylic acid	O=C(O)C=CCl	MHMUCYJKZUZMNJ-UHFFFAOYSA-N
trans-3-Chloroallyl aldehyde	O=C/C=C/Cl	ZSOPPQGHWJVKJB-OWOJBTEDSA-N
trans-4-hydroxy-L-proline	O=C1N=C2NC(=O)NC2(O)C(=O)N1	LTQYPAVLAYVKTK-UHFFFAOYSA-N
trans-aconitate	O=C([O-])/C=C(\CC(=O)[O-])C(=O)[O-]	GTZCVFVGUGFEME-HNQUOIGGSA-K
trans-but-2-enoyl-ACP	C/C=C/C(=O)S[*]	
trans-dec-2-enoyl-CoA	CCCCCCC/C=C/C(=O)SCCNC(=O)CCNC(=O)[C@H](O)C(C)(C)COP(=O)([O-])OP(=O)([O-])OC[C@H]1O[C@@H](n2cnc3c(N)ncnc32)[C@H](O)[C@@H]1OP(=O)([O-])[O-]	MGNBGCRQQFMNBM-YJHHLLFWSA-J
trans-docos-2-enoyl-CoA	CCCCCCCCCCCCCCCCCCCC=CC(=O)SCCNC(=O)CCNC(=O)C(C(C)(C)COP(=O)([O-])OP(=O)([O-])OCC1C(C(C(O1)N2C=NC3=C(N=CN=C32)N)O)OP(=O)([O-])[O-])O	KRTIFNFQCJTGMV-DYAVHEMFSA-J
trans-dodec-2-enoyl-CoA	CCCCCCCCC/C=C/C(=O)SCCNC(=O)CCNC(=O)[C@H](O)C(C)(C)COP(=O)([O-])OP(=O)([O-])OC[C@H]1O[C@@H](n2cnc3c(N)ncnc32)[C@H](O)[C@@H]1OP(=O)([O-])[O-]	IRFYVBULXZMEDE-DEEZISNZSA-J
trans-hex-2-enoyl-ACP	CCC/C=C/C(=O)S[*]	
trans-hex-2-enoyl-CoA	CCC/C=C/C(=O)SCCNC(=O)CCNC(=O)[C@H](O)C(C)(C)COP(=O)(O)OP(=O)(O)OC[C@H]1O[C@@H](n2cnc3c(N)ncnc32)[C@H](O)[C@@H]1OP(=O)(O)O	OINXHIBNZUUIMR-IXUYQXAASA-N
trans-hexacos-2-enoyl-CoA	CCCCCCCCCCCCCCCCCCCCCCC/C=C/C(=O)SCCNC(=O)CCNC(=O)[C@H](O)C(C)(C)COP(=O)(O)OP(=O)(O)OC[C@H]1O[C@@H](n2cnc3c(N)ncnc32)[C@H](O)[C@@H]1OP(=O)(O)O	GGUUXBBWTGIIGE-KESUDTCVSA-N
trans-hexadec-2-enoyl-CoA	CCCCCCCCCCCCCC=CC(=O)SCCNC(=O)CCNC(=O)C(C(C)(C)COP(=O)(O)OP(=O)(O)OCC1C(C(C(O1)N2C=NC3=C(N=CN=C32)N)O)OP(=O)(O)O)O	JUPAQFRKPHPXLD-MSHHSVQMSA-N
trans-oct-2-enoyl-CoA	CCCCC/C=C/C(=O)SCCNC(=O)CCNC(=O)[C@H](O)C(C)(C)COP(=O)(O)OP(=O)(O)OC[C@H]1O[C@@H](n2cnc3c(N)ncnc32)[C@H](O)[C@@H]1OP(=O)(O)O	CPSDNAXXKWVYIY-NTLMCJQISA-N
trans-octadec-2-enoyl-CoA	CCCCCCCCCCCCCCC/C=C/C(=O)SCCNC(=O)CCNC(=O)[C@H](O)C(C)(C)COP(=O)(O)OP(=O)(O)OC[C@H]1O[C@@H](n2cnc3c(N)ncnc32)[C@H](O)[C@@H]1OP(=O)(O)O	NBCCUIHOHUKBMK-ZDDAFBBHSA-N
trans-tetracos-2-enoyl-CoA	CCCCCCCCCCCCCCCCCCCCC/C=C/C(=O)SCCNC(=O)CCNC(=O)[C@H](O)C(C)(C)COP(=O)(O)OP(=O)(O)OC[C@H]1O[C@@H](n2cnc3c(N)ncnc32)[C@H](O)[C@@H]1OP(=O)(O)O	UVJKZCSQLMWPMV-LQJAWXTISA-N
trans-tetradec-2-enoyl-CoA	CCCCCCCCCCC/C=C/C(=O)SCCNC(=O)CCNC(=O)[C@H](O)C(C)(C)COP(=O)([O-])OP(=O)([O-])OC[C@H]1O[C@@H](n2cnc3c(N)ncnc32)[C@H](O)[C@@H]1OP(=O)([O-])[O-]	MBCVYCOKMMMWLX-YYMFEJJQSA-J
trans-tetradec-3-enoyl-CoA	CCCCCCCCCC/C=C/CC(=O)SCCNC(=O)CCNC(=O)[C@H](O)C(C)(C)COP(=O)(O)OP(=O)(O)OC[C@H]1O[C@@H](n2cnc3c(N)ncnc32)[C@H](O)[C@@H]1OP(=O)(O)O	SSOCUKXLUZQJHU-CTFJFIKLSA-N
trehalose	OC[C@H]1O[C@H](O[C@H]2O[C@H](CO)[C@@H](O)[C@H](O)[C@H]2O)[C@H](O)[C@@H](O)[C@@H]1O	HDTRYLNUVZCQOY-LIZSDCNHSA-N
tridecaprenyl diphosphate	CC(C)=CCCC(C)=CCCC(C)=CCCC(C)=CCCC(C)=CCCC(C)=CCCC(C)=CCCC(C)=CCCC(C)=CCCC(C)=CCCC(C)=CCCC(C)=CCCC(C)=CCOP(=O)(O)OP(=O)(O)O	DZNALTJEOIIEJL-UHFFFAOYSA-N
triglyceride (1-16:0, 2-16:1, 3-16:0)	CCCCCC/C=C\CCCCCCCC(=O)OC[C@@H](COC(=O)CCCCCCCCCCCCCCC)OC(=O)CCCCCCCCCCCCCCC	FEKLSEFRUGWUOS-DLOIZKPKSA-N
triglyceride (1-16:0, 2-16:1, 3-16:1)	CCCCCC/C=C\CCCCCCCC(=O)OC[C@@H](COC(=O)CCCCCCCCCCCCCCC)OC(=O)CCCCCCC/C=C\CCCCCC	RUOVJPPUXXFZPC-YZEIBMOJSA-N
triglyceride (1-16:0, 2-16:1, 3-18:0)	CCCCCC/C=C\CCCCCCCC(=O)O[C@H](COC(=O)CCCCCCCCCCCCCCC)COC(=O)CCCCCCCCCCCCCCCCC	YSNGWXHIKNKBNE-NURROHNTSA-N
triglyceride (1-16:0, 2-18:1, 3-16:0)	CCCCCCCC/C=C\CCCCCCCC(=O)OC[C@@H](COC(=O)CCCCCCCCCCCCCCC)OC(=O)CCCCCCCCCCCCCCC	YHMDGPZOSGBQRH-YYSBDVFPSA-N
triglyceride (1-16:0, 2-18:1, 3-18:0)	CCCCCC/C=C\CCCCCCCCCC(=O)OC[C@@H](COC(=O)CCCCCCCCCCCCCCCCC)OC(=O)CCCCCCCCCCCCCCC	XWOGDCXWTYZPKJ-QCSIWSIHSA-N
triglyceride (1-16:1, 2-16:1, 3-16:1)	CCCCCC/C=C\CCCCCCCC(=O)OCC(COC(=O)CCCCCCC/C=C\CCCCCC)OC(=O)CCCCCCC/C=C\CCCCCC	SKGWNZXOCSYJQL-BUTYCLJRSA-N
triglyceride (1-16:1, 2-16:1, 3-18:1)	CCCCCC/C=C\CCCCCCCC(=O)OC[C@H](COC(=O)CCCCCCC/C=C\CCCCCCCC)OC(=O)CCCCCCC/C=C\CCCCCC	UFHNZOACKFBCOM-YXKNDSBASA-N
triglyceride (1-16:1, 2-18:1, 3-18:1)	CCCCCC/C=C\CCCCCCCC(=O)OC[C@H](COC(=O)CCCCCCC/C=C\CCCCCCCC)OC(=O)CCCCCCC/C=C\CCCCCCCC	YBWITEZBUYUNFC-GUIYCBLGSA-N
triglyceride (1-18:0, 2-16:1, 3-16:1)	CCCCCC/C=C\CCCCCCCC(=O)OC[C@H](COC(=O)CCCCCCCCCCCCCCCCC)OC(=O)CCCCCCC/C=C\CCCCCC	QEZWFCZNHWUARW-XQCAQTCHSA-N
triglyceride (1-18:0, 2-16:1, 3-18:0)	CCCCCC/C=C\CCCCCCCC(=O)OC[C@H](COC(=O)CCCCCCCCCCCCCCCCC)OC(=O)CCCCCCCCCCCCCCCCC	CDKITPQUODTFLF-FQFQCYJKSA-N
triglyceride (1-18:0, 2-18:1, 3-16:0)	CCCCCCCC/C=C\CCCCCCCC(=O)OC[C@@H](COC(=O)CCCCCCCCCCCCCCC)OC(=O)CCCCCCCCCCCCCCCCC	NPCZZYKITFKRQZ-FQUZZJBASA-N
triglyceride (1-18:0, 2-18:1, 3-18:0)	[*]C(=O)OCC(COC([*])=O)OC([*])=O	
triglyceride (1-18:1, 2-16:1, 3-18:1)	CCCCCC/C=C\CCCCCCCCCC(=O)OC[C@H](COC(=O)CCCCCCC/C=C\CCCCCCCC)OC(=O)CCCCCCC/C=C\CCCCCC	OGWGRVYSSZTIHF-UMKJBRFDSA-N
triglyceride (1-18:1, 2-18:1, 3-16:0)	CCCCCC/C=C\CCCCCCCCCC(=O)OC[C@H](COC(=O)CCCCCCC/C=C\CCCCCCCC)OC(=O)CCCCCCCCCCCCCCC	HYQDVSFOHNVBHQ-RXBOFXCQSA-N
triglyceride (1-18:1, 2-18:1, 3-18:1)	CCCCCC/C=C\CCCCCCCCCC(=O)OC(COC(=O)CCCCCCC/C=C\CCCCCCCC)COC(=O)CCCCCCC/C=C\CCCCCCCC	VCOQISMTLHMNRY-HGKIKGFLSA-N
triglyceride backbone	[*]C(=O)OCC(COC([*])=O)OC([*])=O	
trimethylenediamine	[NH3+]CCC[NH3+]	XFNJVJPLKCPIBV-UHFFFAOYSA-P
triphosphate	O=P([O-])([O-])OP(=O)([O-])OP(=O)([O-])[O-]	UNXRWKVEANCORM-UHFFFAOYSA-I
trithionate	O=S(=O)([O-])SS(=O)(=O)[O-]	KRURGYOKPVLRHQ-UHFFFAOYSA-L
tryptophol	OCCc1c[nH]c2ccccc12	MBBOMCVGYCRMEA-UHFFFAOYSA-N
turanose	O=C(CO)[C@@H](O[C@H]1O[C@H](CO)[C@@H](O)[C@H](O)[C@H]1O)[C@H](O)[C@H](O)CO	RULSWEULPANCDV-PIXUTMIVSA-N
tyrosol	OCCc1ccc(O)cc1	YCCILVSKPBXVIP-UHFFFAOYSA-N
ubiquinol-6	COc1c(O)c(C)c(C/C=C(\C)CC/C=C(\C)CC/C=C(\C)CC/C=C(\C)CC/C=C(\C)CCC=C(C)C)c(O)c1OC	DYOSCPIQEYRQEO-LPHQIWJTSA-N
ubiquinone-6	COC1=C(OC)C(=O)C(C/C=C(\C)CC/C=C(\C)CC/C=C(\C)CC/C=C(\C)CC/C=C(\C)CCC=C(C)C)=C(C)C1=O	GXNFPEOUKFOTKY-LPHQIWJTSA-N
undecaprenyl diphosphate	CC(C)=CCCC(C)=CCCC(C)=CCCC(C)=CCCC(C)=CCCC(C)=CCCC(C)=CCCC(C)=CCCC(C)=CCCC(C)=CCCC(C)=CCOP(=O)(O)OP(=O)(O)O	NTXGVHCCXVHYCL-UHFFFAOYSA-N
uracil	O=c1cc[nH]c(=O)[nH]1	ISAKRJDGNUQOIC-UHFFFAOYSA-N
urea	NC(N)=O	XSQUKJJJFZCRTK-UHFFFAOYSA-N
urea-1-carboxylic acid	NC(=O)NC(=O)[O-]	AVWRKZWQTYIKIY-UHFFFAOYSA-M
ureidoglycolic acid	NC(=O)NC(O)C(=O)O	NWZYYCVIOKVTII-UHFFFAOYSA-N
uridine	O=c1ccn([C@@H]2O[C@H](CO)[C@@H](O)[C@H]2O)c(=O)[nH]1	DRTQHJPVMGBUCF-XVFCMESISA-N
uridine 2'-phosphate	O=c1ccn([C@@H]2O[C@H](CO)[C@@H](O)[C@H]2OP(=O)([O-])[O-])c(=O)[nH]1	HQIDPEYTETUCNF-XVFCMESISA-L
uroporphyrinogen	O=C([O-])CCc1c2[nH]c(c1CC(=O)[O-])Cc1[nH]c(c(CC(=O)[O-])c1CCC(=O)[O-])Cc1[nH]c(c(CC(=O)[O-])c1CCC(=O)[O-])Cc1[nH]c(c(CCC(=O)[O-])c1CC(=O)[O-])C2	HUHWZXWWOFSFKF-UHFFFAOYSA-F
xanthosine	O=c1[nH]c(=O)c2ncn([C@@H]3O[C@H](CO)[C@@H](O)[C@H]3O)c2[nH]1	UBORTCNDUKBEOP-UUOKFMHZSA-N
xanthosine-5-phosphate	O=c1[nH]c(=O)c2ncn([C@@H]3O[C@H](COP(=O)([O-])[O-])[C@@H](O)[C@H]3O)c2[nH]1	DCTLYFZHFGENCW-UUOKFMHZSA-L
xanthurenate	O=C([O-])c1cc(O)c2cccc(O)c2n1	FBZONXHGGPHHIY-UHFFFAOYSA-M
xylitol	OC[C@H](O)[C@@H](O)[C@H](O)CO	HEBKCHPVOIAQTA-SCDXWVJYSA-N
zymosterol	CC(C)=CCC[C@@H](C)[C@H]1CC[C@H]2C3=C(CC[C@@]21C)[C@@]1(C)CC[C@H](O)C[C@@H]1CC3	CGSJXLIKVBJVRY-XTGBIJOFSA-N
zymosterol intermediate 1a	CC(C)=CCC[C@@H](C)[C@H]1CC[C@H]2C3=C(CC[C@@]21C)[C@@]1(C)CC[C@H](O)C(CO)[C@@H]1CC3	ORZKEIGPXNMCHC-BZBPNLPVSA-N
zymosterol intermediate 1b	CC(C)=CCC[C@@H](C)[C@H]1CC[C@H]2C3=C(CC[C@@]21C)[C@@]1(C)CC[C@H](O)C(C=O)[C@@H]1CC3	ZLQSSFNCEUGGJF-BZBPNLPVSA-N
zymosterol intermediate 1c	CC(=O)C1[C@@H](O)CC[C@]2(C)C3=C(CC[C@@H]12)[C@@H]1CC[C@H]([C@H](C)CCC=C(C)C)[C@@]1(C)CC3	GGLAWNOISZYLHT-FICDAWEZSA-N
zymosterol intermediate 2	CC(C)=CCC[C@@H](C)[C@H]1CC[C@H]2C3=C(CC[C@@]21C)[C@@]1(C)CCC(=O)C[C@@H]1CC3	AUNLIRXIJAVBNM-ZSBATXSLSA-N
zymosteryl oleate	CCCCCCCC/C=C\CCCCCCCC(=O)O[C@H]1CC[C@]2(C)C3=C(CC[C@H]2C1)[C@@H]1CC[C@H]([C@H](C)CCC=C(C)C)[C@@]1(C)CC3	UQDRGTMESOOVKB-LBIJMCEOSA-N
zymosteryl palmitoleate	CCCCCC/C=C\CCCCCCCC(=O)O[C@H]1CC[C@]2(C)C3=C(CC[C@H]2C1)[C@@H]1CC[C@H]([C@H](C)CCC=C(C)C)[C@@]1(C)CC3	RKBOCYGCMVZAEZ-MMBTXPDKSA-N
